transaction_id,customer_id,amount,failure_reason,previous_successes,previous_failures,customer_lifetime_value,retry_count,days_since_last_payment,checkout_duration,payment_method,risk_score,recovered
TXN-00001,CUST-9666,18852.1,temporary_bank_decline,7,1,194012.06,3,158,390,card,0.399,0
TXN-00002,CUST-8041,30670.27,temporary_bank_decline,7,0,121901.43,4,73,171,wallet,0.282,1
TXN-00003,CUST-2016,34274.8,expired_card,5,1,104493.54,1,4,481,netbanking,0.257,0
TXN-00004,CUST-7278,48066.37,authentication_failure,9,1,59404.15,2,81,396,netbanking,0.379,0
TXN-00005,CUST-2757,42531.92,insufficient_balance,8,3,51957.6,2,137,211,card,0.403,0
TXN-00006,CUST-7776,7138.71,temporary_bank_decline,10,0,83885.48,2,128,510,upi,0.222,1
TXN-00007,CUST-4696,40937.14,authentication_failure,4,0,68185.42,2,118,476,upi,0.361,0
TXN-00008,CUST-9800,49887.48,insufficient_balance,7,2,17089.81,2,145,298,upi,0.51,0
TXN-00009,CUST-6423,7705.73,authentication_failure,10,3,42605.25,1,99,267,netbanking,0.322,1
TXN-00010,CUST-2218,48277.88,temporary_bank_decline,17,1,90236.4,4,169,165,upi,0.541,1
TXN-00011,CUST-4170,32949.12,temporary_bank_decline,8,3,39853.35,4,48,520,upi,0.456,1
TXN-00012,CUST-1537,49020.51,temporary_bank_decline,5,3,42574.82,1,127,159,card,0.464,1
TXN-00013,CUST-6222,40543.65,network_error,13,2,118575.82,0,170,58,card,0.337,0
TXN-00014,CUST-8805,4450.3,authentication_failure,9,1,6044.8,4,62,131,upi,0.283,0
TXN-00015,CUST-3479,4874.89,temporary_bank_decline,8,0,24912.76,4,69,51,netbanking,0.265,1
TXN-00016,CUST-3738,40384.27,expired_card,7,3,123554.38,1,128,164,upi,0.488,0
TXN-00017,CUST-8543,41067.85,temporary_bank_decline,7,1,131488.8,4,154,422,upi,0.47,1
TXN-00018,CUST-3782,36806.54,temporary_bank_decline,13,1,180608.03,3,112,346,card,0.4,0
TXN-00019,CUST-6293,47540.24,network_error,10,0,110356.25,4,163,219,upi,0.53,1
TXN-00020,CUST-9905,35108.26,insufficient_balance,4,2,162747.11,0,45,136,upi,0.121,1
TXN-00021,CUST-8576,45336.45,authentication_failure,3,0,24644.77,4,127,365,upi,0.46,0
TXN-00022,CUST-3703,43456.24,network_error,4,3,111217.0,3,146,51,upi,0.643,0
TXN-00023,CUST-2581,36907.62,temporary_bank_decline,6,2,53921.65,4,41,506,card,0.528,0
TXN-00024,CUST-5809,3994.78,insufficient_balance,10,3,166003.68,0,161,109,card,0.24,1
TXN-00025,CUST-5719,42512.44,expired_card,8,0,134643.07,1,118,310,upi,0.37,0
TXN-00026,CUST-6569,24106.29,expired_card,13,2,139830.73,4,132,142,upi,0.452,1
TXN-00027,CUST-8570,16571.83,expired_card,4,0,28626.61,3,104,285,upi,0.254,0
TXN-00028,CUST-1302,41125.17,temporary_bank_decline,7,1,19365.83,0,56,354,upi,0.25,0
TXN-00029,CUST-7229,18649.51,temporary_bank_decline,7,3,90035.06,2,115,19,upi,0.373,1
TXN-00030,CUST-2733,16509.37,network_error,10,0,57471.41,3,26,324,upi,0.239,1
TXN-00031,CUST-5289,18394.77,temporary_bank_decline,6,0,139695.33,1,75,8,wallet,0.276,0
TXN-00032,CUST-3832,27926.79,temporary_bank_decline,8,1,116666.41,2,100,263,card,0.295,0
TXN-00033,CUST-8577,6011.46,temporary_bank_decline,12,0,156521.38,2,105,233,card,0.231,0
TXN-00034,CUST-9669,45411.73,network_error,12,0,46576.05,2,134,583,card,0.41,0
TXN-00035,CUST-4756,44715.85,network_error,5,3,164430.2,3,109,220,upi,0.459,1
TXN-00036,CUST-7024,36057.82,temporary_bank_decline,11,2,4603.93,3,171,464,wallet,0.557,0
TXN-00037,CUST-9070,21321.71,network_error,12,0,67704.25,3,57,121,card,0.335,1
TXN-00038,CUST-6182,17478.27,network_error,7,2,126820.59,3,114,473,wallet,0.489,1
TXN-00039,CUST-5926,49844.34,authentication_failure,7,0,94941.32,2,18,594,upi,0.238,1
TXN-00040,CUST-3538,5328.48,authentication_failure,11,1,101596.07,0,67,55,card,0.095,0
TXN-00041,CUST-6986,48139.94,expired_card,8,5,165196.36,2,119,400,card,0.51,1
TXN-00042,CUST-7981,47432.97,insufficient_balance,7,1,127062.17,0,22,239,card,0.253,0
TXN-00043,CUST-3681,45732.08,network_error,7,0,180103.71,2,168,272,upi,0.482,0
TXN-00044,CUST-8674,21217.4,temporary_bank_decline,5,4,189912.05,4,56,293,upi,0.466,0
TXN-00045,CUST-6136,29922.77,temporary_bank_decline,7,1,160083.76,3,179,482,card,0.498,1
TXN-00046,CUST-2521,47521.82,expired_card,11,2,141409.46,0,151,90,card,0.322,0
TXN-00047,CUST-9502,21203.78,authentication_failure,9,2,81492.6,0,4,353,upi,0.016,0
TXN-00048,CUST-5361,23204.75,temporary_bank_decline,1,0,77408.81,2,123,43,card,0.425,0
TXN-00049,CUST-9202,4766.63,insufficient_balance,4,2,118232.6,0,73,403,upi,0.189,1
TXN-00050,CUST-8312,45205.45,expired_card,8,1,191496.78,4,5,58,netbanking,0.396,0
TXN-00051,CUST-1974,7864.02,expired_card,8,0,177860.87,0,76,174,upi,0.052,1
TXN-00052,CUST-7924,453.09,network_error,7,4,109212.0,4,33,266,netbanking,0.317,0
TXN-00053,CUST-8009,41883.26,temporary_bank_decline,9,2,163775.44,4,12,299,card,0.47,0
TXN-00054,CUST-5799,31773.48,network_error,11,0,60891.75,0,12,405,card,0.113,1
TXN-00055,CUST-8027,33867.4,insufficient_balance,8,0,32628.72,1,29,520,upi,0.232,1
TXN-00056,CUST-4676,42029.37,network_error,10,1,64827.81,1,163,528,upi,0.323,1
TXN-00057,CUST-6463,38874.52,temporary_bank_decline,9,0,25911.97,3,84,525,upi,0.382,0
TXN-00058,CUST-8833,21775.69,insufficient_balance,14,1,96988.92,3,148,246,upi,0.378,0
TXN-00059,CUST-1458,19966.78,expired_card,6,2,187306.24,0,114,268,upi,0.261,1
TXN-00060,CUST-8979,44761.87,insufficient_balance,7,1,174484.93,1,147,571,upi,0.372,0
TXN-00061,CUST-5703,27857.1,network_error,8,1,173786.23,1,24,408,upi,0.213,1
TXN-00062,CUST-5648,29485.31,insufficient_balance,8,1,167363.61,0,99,524,upi,0.161,1
TXN-00063,CUST-6895,12512.11,insufficient_balance,10,1,193994.39,2,10,274,upi,0.144,1
TXN-00064,CUST-6178,30933.82,temporary_bank_decline,6,4,23272.0,1,78,515,card,0.297,1
TXN-00065,CUST-9320,15944.57,temporary_bank_decline,5,4,98280.47,3,38,155,card,0.319,1
TXN-00066,CUST-9125,36595.31,authentication_failure,7,1,173057.16,0,76,349,upi,0.272,0
TXN-00067,CUST-9927,32960.7,insufficient_balance,13,3,109353.33,0,143,69,upi,0.297,1
TXN-00068,CUST-7570,18787.94,network_error,8,1,68908.32,3,133,308,upi,0.435,1
TXN-00069,CUST-8311,1107.98,insufficient_balance,4,1,186952.77,2,34,338,card,0.113,0
TXN-00070,CUST-4097,4663.39,temporary_bank_decline,11,2,163333.98,3,120,366,card,0.341,1
TXN-00071,CUST-8622,10759.83,insufficient_balance,11,2,34434.83,2,108,230,upi,0.266,0
TXN-00072,CUST-1072,27425.53,expired_card,9,2,21717.82,1,102,558,netbanking,0.345,0
TXN-00073,CUST-4874,16303.9,insufficient_balance,4,1,108462.37,1,67,385,card,0.194,0
TXN-00074,CUST-9555,36586.4,authentication_failure,7,0,90623.82,3,145,404,netbanking,0.363,1
TXN-00075,CUST-8574,12334.1,temporary_bank_decline,8,0,46244.1,4,66,365,wallet,0.213,1
TXN-00076,CUST-5259,47130.87,temporary_bank_decline,12,0,43184.52,0,143,409,card,0.343,1
TXN-00077,CUST-5349,30397.27,network_error,10,0,155568.0,3,141,547,upi,0.403,0
TXN-00078,CUST-2382,30207.15,authentication_failure,8,1,15851.33,3,115,267,card,0.405,1
TXN-00079,CUST-5798,11195.97,temporary_bank_decline,10,2,27626.94,4,79,475,upi,0.321,0
TXN-00080,CUST-3279,25066.82,expired_card,8,2,21327.76,0,169,133,card,0.317,0
TXN-00081,CUST-6330,23181.58,temporary_bank_decline,9,1,17873.61,2,129,439,card,0.263,1
TXN-00082,CUST-9569,33136.26,temporary_bank_decline,6,0,193604.15,0,73,467,card,0.26,1
TXN-00083,CUST-3461,24017.11,temporary_bank_decline,8,0,9703.39,0,168,406,upi,0.149,0
TXN-00084,CUST-7579,46430.21,temporary_bank_decline,7,2,195701.06,3,86,239,upi,0.44,1
TXN-00085,CUST-2428,40925.71,temporary_bank_decline,13,1,50089.09,4,3,453,card,0.413,1
TXN-00086,CUST-2124,36706.95,insufficient_balance,5,1,149401.02,0,162,441,card,0.289,1
TXN-00087,CUST-7841,6410.76,insufficient_balance,6,0,6785.2,3,57,24,netbanking,0.313,0
TXN-00088,CUST-2019,28161.93,insufficient_balance,8,2,157934.38,2,176,354,upi,0.415,0
TXN-00089,CUST-9895,15112.29,expired_card,12,3,185993.77,2,147,430,card,0.338,0
TXN-00090,CUST-1631,24251.85,temporary_bank_decline,7,1,150523.64,0,36,412,card,0.113,0
TXN-00091,CUST-7342,48746.77,expired_card,6,2,63722.71,2,7,74,card,0.373,0
TXN-00092,CUST-5624,19793.7,network_error,12,0,144281.6,1,71,293,card,0.21,1
TXN-00093,CUST-6774,30722.43,authentication_failure,6,3,157607.06,3,59,247,card,0.377,0
TXN-00094,CUST-9676,10403.09,insufficient_balance,8,3,21989.27,3,23,383,netbanking,0.209,1
TXN-00095,CUST-6108,31802.2,authentication_failure,12,0,37660.74,4,160,264,wallet,0.418,1
TXN-00096,CUST-1587,33462.42,expired_card,5,2,178161.35,4,9,376,card,0.415,0
TXN-00097,CUST-2958,16893.36,temporary_bank_decline,6,2,124564.78,0,69,293,upi,0.245,1
TXN-00098,CUST-4674,8523.17,temporary_bank_decline,6,1,152867.9,4,46,464,netbanking,0.345,0
TXN-00099,CUST-2531,19610.02,authentication_failure,7,1,193282.44,0,83,430,netbanking,0.18,0
TXN-00100,CUST-1987,31827.44,temporary_bank_decline,4,0,113866.99,3,89,207,card,0.384,1
TXN-00101,CUST-7581,42642.74,expired_card,7,4,166443.33,2,172,205,upi,0.567,0
TXN-00102,CUST-8616,21842.88,insufficient_balance,11,3,148975.19,0,72,91,netbanking,0.278,0
TXN-00103,CUST-1182,22633.17,temporary_bank_decline,9,2,88269.16,1,107,386,netbanking,0.332,1
TXN-00104,CUST-9611,43736.28,authentication_failure,10,3,1311.46,2,174,347,netbanking,0.551,0
TXN-00105,CUST-2628,18578.84,temporary_bank_decline,4,3,73022.08,2,10,214,card,0.258,1
TXN-00106,CUST-7563,3508.9,insufficient_balance,4,2,25477.66,0,127,227,netbanking,0.171,1
TXN-00107,CUST-1913,33713.74,temporary_bank_decline,12,2,34205.18,4,7,200,netbanking,0.393,0
TXN-00108,CUST-7268,31917.74,temporary_bank_decline,7,3,97632.35,2,67,79,card,0.285,0
TXN-00109,CUST-8730,23034.45,authentication_failure,12,1,31674.86,0,141,369,netbanking,0.15,1
TXN-00110,CUST-7207,9023.11,authentication_failure,10,2,65838.8,1,19,169,card,0.185,0
TXN-00111,CUST-9125,29732.12,temporary_bank_decline,6,2,193951.94,2,147,308,netbanking,0.305,0
TXN-00112,CUST-6845,38137.55,expired_card,12,4,176809.49,2,69,17,card,0.474,1
TXN-00113,CUST-4175,36190.81,network_error,8,3,3848.74,0,36,29,card,0.288,0
TXN-00114,CUST-3555,20075.19,expired_card,7,1,21087.3,1,168,379,card,0.242,1
TXN-00115,CUST-8651,43197.36,authentication_failure,4,3,7700.17,2,53,317,card,0.441,0
TXN-00116,CUST-2884,31314.24,authentication_failure,8,1,99842.39,1,82,358,card,0.23,0
TXN-00117,CUST-3224,2533.23,temporary_bank_decline,4,1,63937.76,2,121,581,upi,0.251,0
TXN-00118,CUST-2124,18990.22,authentication_failure,8,1,37378.64,3,11,456,card,0.275,0
TXN-00119,CUST-2772,25028.83,insufficient_balance,6,1,110861.8,3,31,532,netbanking,0.348,1
TXN-00120,CUST-9016,14906.01,temporary_bank_decline,9,1,23190.93,1,53,48,upi,0.198,0
TXN-00121,CUST-5063,6393.55,network_error,5,3,63060.91,3,16,469,wallet,0.313,0
TXN-00122,CUST-9707,16738.55,expired_card,13,0,31313.23,2,157,493,upi,0.262,1
TXN-00123,CUST-3606,47897.93,network_error,9,3,162413.63,3,95,416,netbanking,0.503,1
TXN-00124,CUST-9811,3219.32,insufficient_balance,7,4,185803.4,1,78,306,card,0.238,0
TXN-00125,CUST-7976,42213.75,authentication_failure,14,2,158726.43,2,125,358,upi,0.486,1
TXN-00126,CUST-4743,23020.09,temporary_bank_decline,12,2,49915.68,4,108,177,card,0.479,1
TXN-00127,CUST-6520,25733.47,insufficient_balance,4,1,124785.87,4,116,95,netbanking,0.454,0
TXN-00128,CUST-5570,7579.26,network_error,9,4,177888.6,1,116,113,card,0.341,0
TXN-00129,CUST-6634,3636.58,insufficient_balance,12,1,26445.49,0,57,513,upi,0.055,1
TXN-00130,CUST-4273,44160.17,expired_card,7,2,55016.28,0,126,500,netbanking,0.415,0
TXN-00131,CUST-1680,1229.43,temporary_bank_decline,8,3,194511.58,1,104,100,netbanking,0.211,1
TXN-00132,CUST-1992,9922.98,expired_card,13,0,167960.47,1,33,274,card,0.12,1
TXN-00133,CUST-8951,48358.36,authentication_failure,8,1,62647.78,1,120,26,netbanking,0.408,0
TXN-00134,CUST-4560,49098.9,expired_card,4,1,82919.44,0,5,573,upi,0.194,0
TXN-00135,CUST-2988,34335.11,expired_card,8,1,56292.7,1,63,365,card,0.203,1
TXN-00136,CUST-3849,9652.8,expired_card,9,0,119476.57,2,157,499,card,0.279,0
TXN-00137,CUST-5396,35248.86,temporary_bank_decline,7,0,24296.14,0,10,83,wallet,0.077,1
TXN-00138,CUST-5017,29229.72,temporary_bank_decline,9,1,149928.49,0,156,371,upi,0.364,1
TXN-00139,CUST-2526,35759.83,insufficient_balance,4,1,54890.46,1,40,207,upi,0.337,0
TXN-00140,CUST-1679,41956.89,authentication_failure,10,3,74321.34,4,137,572,upi,0.589,1
TXN-00141,CUST-1644,22238.77,insufficient_balance,6,1,12179.04,3,129,7,upi,0.341,0
TXN-00142,CUST-8024,39368.81,expired_card,9,1,16250.53,0,55,548,netbanking,0.164,1
TXN-00143,CUST-5384,5307.88,temporary_bank_decline,11,1,139095.97,4,145,251,upi,0.378,1
TXN-00144,CUST-1018,17392.45,expired_card,7,1,49502.17,2,118,386,upi,0.193,0
TXN-00145,CUST-2776,34013.13,insufficient_balance,6,4,196106.68,0,71,273,netbanking,0.317,0
TXN-00146,CUST-9575,30644.56,insufficient_balance,13,1,102601.8,2,169,433,card,0.481,0
TXN-00147,CUST-7003,10332.94,insufficient_balance,7,2,199439.29,2,67,7,upi,0.248,0
TXN-00148,CUST-8871,2456.9,authentication_failure,8,0,116622.0,0,58,372,netbanking,0.001,0
TXN-00149,CUST-7859,35719.15,temporary_bank_decline,8,3,83579.27,2,54,532,card,0.34,0
TXN-00150,CUST-4940,36272.35,authentication_failure,12,2,56413.05,2,100,590,netbanking,0.424,0
TXN-00151,CUST-3735,37442.36,expired_card,10,0,103326.01,4,104,81,netbanking,0.46,0
TXN-00152,CUST-7047,41367.27,temporary_bank_decline,7,4,3726.01,3,48,505,card,0.507,1
TXN-00153,CUST-6741,6805.7,authentication_failure,5,0,128026.13,2,171,454,upi,0.295,1
TXN-00154,CUST-4505,18700.0,expired_card,13,2,129207.09,0,150,68,upi,0.194,0
TXN-00155,CUST-2262,1153.41,expired_card,13,1,11345.88,4,40,344,netbanking,0.211,1
TXN-00156,CUST-9954,34236.0,expired_card,10,0,70153.91,4,119,272,netbanking,0.403,0
TXN-00157,CUST-3148,23561.54,temporary_bank_decline,7,1,65924.53,4,94,572,card,0.471,0
TXN-00158,CUST-7324,8671.75,expired_card,9,2,63026.28,3,112,450,upi,0.336,0
TXN-00159,CUST-3032,21046.64,temporary_bank_decline,14,2,72919.35,2,48,22,upi,0.306,1
TXN-00160,CUST-5482,8939.48,insufficient_balance,9,0,56449.97,3,131,241,wallet,0.364,1
TXN-00161,CUST-4129,44720.46,insufficient_balance,6,2,150583.56,4,127,280,card,0.564,0
TXN-00162,CUST-8069,12006.82,network_error,11,3,95661.88,2,94,571,card,0.297,0
TXN-00163,CUST-8850,27647.77,expired_card,5,0,145195.06,0,136,76,upi,0.161,0
TXN-00164,CUST-2051,32645.48,authentication_failure,9,1,59210.77,4,115,454,wallet,0.491,0
TXN-00165,CUST-1183,42435.84,expired_card,8,2,68654.4,2,28,214,upi,0.284,0
TXN-00166,CUST-3230,29841.6,authentication_failure,13,0,43277.01,4,44,286,netbanking,0.42,0
TXN-00167,CUST-8409,5531.45,authentication_failure,11,3,71671.2,2,112,368,upi,0.401,1
TXN-00168,CUST-5939,28116.87,network_error,5,1,117430.61,4,73,575,upi,0.407,0
TXN-00169,CUST-2449,43680.82,temporary_bank_decline,8,0,24024.56,0,76,443,wallet,0.184,1
TXN-00170,CUST-8984,41212.9,insufficient_balance,7,2,45026.5,4,143,513,upi,0.565,0
TXN-00171,CUST-6184,21153.91,expired_card,10,2,138973.7,2,147,126,netbanking,0.289,0
TXN-00172,CUST-5066,22316.94,network_error,7,1,44797.65,4,31,140,upi,0.356,1
TXN-00173,CUST-4177,4750.43,network_error,7,2,153857.51,1,146,428,card,0.243,0
TXN-00174,CUST-8415,517.68,temporary_bank_decline,12,3,187767.43,1,83,129,card,0.099,1
TXN-00175,CUST-7197,21023.61,expired_card,5,2,47528.75,2,85,409,card,0.27,0
TXN-00176,CUST-3059,10842.17,network_error,7,2,2245.24,1,59,287,netbanking,0.205,0
TXN-00177,CUST-2404,20642.69,temporary_bank_decline,4,0,39456.63,4,175,80,card,0.489,0
TXN-00178,CUST-3581,22216.93,insufficient_balance,8,1,82282.66,1,100,34,upi,0.278,0
TXN-00179,CUST-1287,16998.09,authentication_failure,6,1,10013.63,2,165,282,card,0.38,1
TXN-00180,CUST-7553,31045.62,temporary_bank_decline,11,1,178092.76,3,65,563,netbanking,0.388,0
TXN-00181,CUST-9745,14534.0,temporary_bank_decline,7,0,76242.05,3,25,100,upi,0.26,1
TXN-00182,CUST-2409,12703.79,temporary_bank_decline,6,2,6540.94,1,96,509,card,0.187,1
TXN-00183,CUST-3776,33258.46,authentication_failure,7,1,183536.35,3,150,458,card,0.533,1
TXN-00184,CUST-4866,15532.74,temporary_bank_decline,8,1,137240.61,0,87,146,card,0.16,0
TXN-00185,CUST-3778,20220.96,network_error,3,2,3566.6,4,35,205,netbanking,0.448,1
TXN-00186,CUST-8531,12166.9,network_error,5,4,66061.26,0,81,330,upi,0.304,1
TXN-00187,CUST-7578,34732.42,temporary_bank_decline,8,3,25984.41,1,90,30,card,0.388,0
TXN-00188,CUST-6540,29362.27,temporary_bank_decline,7,1,179689.12,2,52,380,wallet,0.256,0
TXN-00189,CUST-9989,1242.52,insufficient_balance,8,2,24969.02,3,111,317,card,0.311,0
TXN-00190,CUST-7106,25065.29,temporary_bank_decline,6,2,79992.65,0,7,282,card,0.138,1
TXN-00191,CUST-5516,17036.6,network_error,5,3,69750.69,2,36,287,card,0.341,0
TXN-00192,CUST-4494,4214.65,temporary_bank_decline,11,2,144691.15,2,101,361,netbanking,0.281,0
TXN-00193,CUST-7748,49129.56,expired_card,6,0,120292.77,2,166,425,netbanking,0.422,0
TXN-00194,CUST-9671,3591.83,network_error,5,1,83609.86,2,119,437,card,0.251,1
TXN-00195,CUST-7019,41894.41,network_error,4,1,120003.81,3,111,298,upi,0.495,0
TXN-00196,CUST-4862,565.24,expired_card,6,5,66747.9,0,50,16,netbanking,0.233,0
TXN-00197,CUST-3653,49477.37,temporary_bank_decline,6,2,98439.17,3,68,253,wallet,0.541,0
TXN-00198,CUST-7869,24622.34,insufficient_balance,5,2,125921.34,2,147,39,upi,0.496,0
TXN-00199,CUST-7040,9208.42,expired_card,10,2,104402.72,3,163,448,card,0.408,0
TXN-00200,CUST-8966,20572.44,authentication_failure,10,1,165672.25,2,170,139,upi,0.398,0
TXN-00201,CUST-7079,9948.63,network_error,7,1,181695.0,4,38,79,wallet,0.296,0
TXN-00202,CUST-8016,27616.48,insufficient_balance,8,4,36976.24,1,80,443,upi,0.427,0
TXN-00203,CUST-4332,4262.43,temporary_bank_decline,5,1,130226.39,0,109,141,card,0.171,1
TXN-00204,CUST-2174,28316.61,insufficient_balance,10,0,28486.93,4,164,380,upi,0.551,1
TXN-00205,CUST-9516,19419.79,authentication_failure,5,0,193076.72,1,103,110,upi,0.195,0
TXN-00206,CUST-7691,11764.79,expired_card,11,1,97748.56,2,72,596,netbanking,0.276,1
TXN-00207,CUST-2335,7505.42,insufficient_balance,11,2,150613.2,2,20,116,netbanking,0.227,0
TXN-00208,CUST-9307,32412.49,insufficient_balance,8,2,115987.77,2,127,213,netbanking,0.422,0
TXN-00209,CUST-9543,23545.74,temporary_bank_decline,7,0,70609.42,1,36,251,card,0.167,0
TXN-00210,CUST-5435,29214.91,temporary_bank_decline,6,0,93056.12,4,153,554,upi,0.313,1
TXN-00211,CUST-3925,21225.17,network_error,10,3,11891.81,0,170,269,upi,0.358,0
TXN-00212,CUST-1294,43834.39,temporary_bank_decline,8,2,47294.69,1,106,476,upi,0.345,1
TXN-00213,CUST-2867,40790.59,insufficient_balance,5,2,56609.62,1,68,498,netbanking,0.343,0
TXN-00214,CUST-3657,47711.3,insufficient_balance,3,2,107979.34,2,63,578,netbanking,0.403,0
TXN-00215,CUST-7681,42031.89,insufficient_balance,10,1,173065.82,4,65,183,upi,0.443,0
TXN-00216,CUST-9081,25686.67,authentication_failure,11,1,62751.39,4,140,154,upi,0.458,0
TXN-00217,CUST-1616,11181.34,temporary_bank_decline,10,3,96153.63,2,79,583,card,0.315,0
TXN-00218,CUST-5593,16872.49,network_error,7,0,48259.18,1,51,60,upi,0.2,1
TXN-00219,CUST-5212,23731.27,expired_card,6,3,41227.73,0,145,233,upi,0.342,0
TXN-00220,CUST-1154,28606.39,network_error,8,1,178157.09,4,132,342,upi,0.423,0
TXN-00221,CUST-8433,23358.81,authentication_failure,13,2,158993.09,4,118,50,netbanking,0.435,0
TXN-00222,CUST-8067,3312.85,network_error,8,1,76715.9,2,68,463,netbanking,0.313,0
TXN-00223,CUST-2532,21552.46,authentication_failure,3,1,147895.49,3,46,187,netbanking,0.308,0
TXN-00224,CUST-2032,25880.69,authentication_failure,6,2,170429.74,4,48,447,card,0.43,0
TXN-00225,CUST-4840,31839.1,network_error,4,4,186102.88,3,119,242,netbanking,0.503,0
TXN-00226,CUST-4732,28307.95,authentication_failure,12,2,104343.23,1,112,12,upi,0.375,1
TXN-00227,CUST-9119,7014.89,expired_card,9,0,125080.32,2,10,124,upi,0.068,1
TXN-00228,CUST-3135,37557.63,temporary_bank_decline,10,2,188811.84,1,18,233,upi,0.359,1
TXN-00229,CUST-7233,30937.54,expired_card,12,1,20032.5,1,53,534,upi,0.167,0
TXN-00230,CUST-1654,25862.2,temporary_bank_decline,7,2,8007.82,3,73,548,upi,0.405,0
TXN-00231,CUST-7964,10249.39,temporary_bank_decline,9,1,30443.71,2,168,465,card,0.291,1
TXN-00232,CUST-3883,16031.65,temporary_bank_decline,3,1,127276.74,3,56,103,wallet,0.236,1
TXN-00233,CUST-8082,31499.41,insufficient_balance,6,1,41494.11,3,95,285,card,0.458,1
TXN-00234,CUST-6565,47394.77,expired_card,8,1,34435.99,1,17,372,netbanking,0.374,0
TXN-00235,CUST-5573,33304.01,insufficient_balance,5,1,74281.77,2,43,384,upi,0.277,1
TXN-00236,CUST-1402,19425.34,expired_card,8,0,165466.46,4,84,211,card,0.351,0
TXN-00237,CUST-8892,15384.18,expired_card,6,2,197636.69,1,41,235,upi,0.157,0
TXN-00238,CUST-5992,4144.81,insufficient_balance,2,2,58760.77,1,161,450,upi,0.141,1
TXN-00239,CUST-5332,39302.46,network_error,7,1,190476.64,2,128,197,netbanking,0.342,0
TXN-00240,CUST-6585,25620.91,temporary_bank_decline,9,2,33128.09,1,59,333,card,0.354,0
TXN-00241,CUST-8378,14518.06,temporary_bank_decline,11,3,34922.04,0,129,339,card,0.252,1
TXN-00242,CUST-7654,17031.48,expired_card,6,2,141684.31,2,167,86,upi,0.325,0
TXN-00243,CUST-7523,29144.53,insufficient_balance,10,1,46833.53,3,88,221,card,0.269,0
TXN-00244,CUST-6495,48750.23,temporary_bank_decline,10,2,168482.78,1,101,420,card,0.361,0
TXN-00245,CUST-4395,43909.07,temporary_bank_decline,5,1,173379.18,2,3,328,card,0.251,1
TXN-00246,CUST-7183,37380.84,temporary_bank_decline,4,2,36028.93,2,22,371,netbanking,0.385,1
TXN-00247,CUST-7559,21674.28,temporary_bank_decline,2,2,109829.35,3,162,583,card,0.333,0
TXN-00248,CUST-8406,32693.3,network_error,5,1,61058.21,3,89,339,netbanking,0.478,0
TXN-00249,CUST-3707,12739.98,network_error,8,0,117422.0,1,156,518,upi,0.246,0
TXN-00250,CUST-3226,31377.52,authentication_failure,3,0,52749.56,4,53,228,card,0.325,0
TXN-00251,CUST-2074,21950.54,authentication_failure,9,0,136509.7,2,99,295,wallet,0.264,1
TXN-00252,CUST-9399,5031.51,temporary_bank_decline,10,6,12361.77,4,15,127,card,0.434,1
TXN-00253,CUST-6785,23073.32,expired_card,9,0,182312.98,4,20,268,upi,0.339,0
TXN-00254,CUST-7697,37705.32,network_error,8,0,199665.43,0,73,253,card,0.271,1
TXN-00255,CUST-4549,10452.92,expired_card,8,4,167057.19,3,150,408,card,0.367,1
TXN-00256,CUST-3441,10653.92,authentication_failure,6,2,42413.1,2,144,275,upi,0.282,0
TXN-00257,CUST-3642,315.71,network_error,9,1,109588.06,4,164,32,upi,0.41,0
TXN-00258,CUST-2308,39819.8,authentication_failure,4,0,184822.55,4,178,468,upi,0.567,0
TXN-00259,CUST-5195,2142.52,authentication_failure,13,3,86598.4,3,99,393,wallet,0.35,0
TXN-00260,CUST-5207,43809.12,insufficient_balance,2,1,158481.22,4,4,86,card,0.45,0
TXN-00261,CUST-1470,49967.64,expired_card,10,1,55071.8,2,30,390,upi,0.296,1
TXN-00262,CUST-3073,14217.57,network_error,3,3,142008.13,2,127,166,card,0.38,1
TXN-00263,CUST-5423,31819.5,network_error,10,1,90485.72,2,125,546,card,0.348,0
TXN-00264,CUST-9989,34551.6,network_error,11,0,70992.3,1,117,286,upi,0.288,1
TXN-00265,CUST-1943,45604.05,insufficient_balance,7,3,44327.25,1,70,154,upi,0.39,1
TXN-00266,CUST-7794,18915.9,network_error,6,3,17758.39,2,70,436,upi,0.235,1
TXN-00267,CUST-3024,14613.93,expired_card,4,1,81972.79,2,150,360,netbanking,0.333,0
TXN-00268,CUST-2428,1178.64,network_error,7,0,158226.57,0,48,441,card,0.109,0
TXN-00269,CUST-4677,42240.46,expired_card,3,2,43906.34,3,46,219,card,0.424,0
TXN-00270,CUST-1453,20102.97,insufficient_balance,6,1,190709.96,4,93,24,card,0.39,1
TXN-00271,CUST-9699,16307.45,network_error,9,0,24770.33,3,53,472,upi,0.232,1
TXN-00272,CUST-4401,40787.76,expired_card,2,3,90053.08,1,128,593,wallet,0.38,0
TXN-00273,CUST-8860,43709.17,insufficient_balance,7,0,101721.83,0,21,405,upi,0.215,0
TXN-00274,CUST-3850,24750.54,temporary_bank_decline,11,0,48530.19,4,11,404,upi,0.332,0
TXN-00275,CUST-8710,22475.68,insufficient_balance,8,2,113183.68,4,175,467,netbanking,0.447,0
TXN-00276,CUST-3907,16097.42,insufficient_balance,5,4,54678.75,1,137,512,card,0.359,0
TXN-00277,CUST-4345,395.14,network_error,10,0,21364.1,3,50,170,netbanking,0.084,1
TXN-00278,CUST-2174,8572.28,expired_card,7,0,7461.68,4,138,175,upi,0.39,0
TXN-00279,CUST-3972,18740.89,temporary_bank_decline,6,1,167451.51,1,6,218,netbanking,0.068,1
TXN-00280,CUST-4867,10663.87,temporary_bank_decline,6,0,139788.89,1,168,51,upi,0.235,1
TXN-00281,CUST-2220,24287.8,insufficient_balance,10,0,156333.97,3,167,194,card,0.376,0
TXN-00282,CUST-8314,27794.14,expired_card,12,0,159686.69,3,78,407,card,0.288,0
TXN-00283,CUST-8173,31055.21,network_error,10,1,70651.37,0,111,353,upi,0.184,1
TXN-00284,CUST-3869,9908.15,authentication_failure,11,4,17568.27,1,46,282,upi,0.324,0
TXN-00285,CUST-1968,25294.87,temporary_bank_decline,7,1,112827.67,1,85,201,upi,0.403,1
TXN-00286,CUST-4306,47547.09,insufficient_balance,4,2,149205.4,0,56,122,card,0.333,0
TXN-00287,CUST-9817,40327.04,authentication_failure,7,0,155398.59,1,98,337,card,0.213,0
TXN-00288,CUST-1391,29190.81,network_error,9,5,6540.37,2,47,426,wallet,0.443,0
TXN-00289,CUST-9593,20800.54,expired_card,12,2,102905.63,0,100,448,upi,0.21,0
TXN-00290,CUST-1975,39907.37,authentication_failure,7,2,147217.6,1,121,505,upi,0.321,0
TXN-00291,CUST-5607,35455.46,insufficient_balance,8,1,19841.52,0,131,216,card,0.297,1
TXN-00292,CUST-5784,2956.92,expired_card,12,0,118906.2,1,64,87,card,0.112,1
TXN-00293,CUST-8869,13992.34,insufficient_balance,7,5,132021.52,3,141,539,wallet,0.491,0
TXN-00294,CUST-4777,42297.43,temporary_bank_decline,7,1,167213.57,4,41,514,card,0.433,0
TXN-00295,CUST-8320,30427.26,temporary_bank_decline,8,1,104844.34,3,52,470,card,0.376,1
TXN-00296,CUST-9780,20287.54,expired_card,9,3,75869.65,2,19,357,netbanking,0.143,0
TXN-00297,CUST-2209,39567.58,temporary_bank_decline,7,3,73839.62,2,121,206,netbanking,0.458,0
TXN-00298,CUST-5409,30351.14,network_error,7,3,194565.06,1,166,272,upi,0.347,1
TXN-00299,CUST-8833,3651.36,temporary_bank_decline,8,1,145152.88,0,50,75,upi,0.012,0
TXN-00300,CUST-1946,7658.9,expired_card,8,3,129626.66,3,24,315,upi,0.309,0
TXN-00301,CUST-7728,1078.73,authentication_failure,10,2,122398.63,1,130,380,upi,0.203,1
TXN-00302,CUST-9572,13504.83,temporary_bank_decline,6,0,31638.68,4,16,375,netbanking,0.363,0
TXN-00303,CUST-7696,48084.88,expired_card,8,2,23535.45,3,35,398,upi,0.351,0
TXN-00304,CUST-5541,29449.92,temporary_bank_decline,6,2,194531.98,4,14,168,netbanking,0.352,1
TXN-00305,CUST-9974,2683.26,authentication_failure,5,0,85798.35,4,65,192,netbanking,0.273,1
TXN-00306,CUST-8709,14421.86,authentication_failure,5,0,93405.7,2,64,597,upi,0.149,1
TXN-00307,CUST-4347,2914.69,network_error,13,1,192476.98,1,141,531,wallet,0.277,1
TXN-00308,CUST-7668,29363.09,network_error,12,1,102125.59,0,104,79,card,0.237,1
TXN-00309,CUST-3317,15884.61,authentication_failure,7,1,97640.52,1,156,425,card,0.254,1
TXN-00310,CUST-3568,10502.22,authentication_failure,10,1,46713.54,2,136,227,netbanking,0.219,1
TXN-00311,CUST-9297,24256.7,authentication_failure,7,3,42844.96,3,68,209,upi,0.443,0
TXN-00312,CUST-8631,4857.3,temporary_bank_decline,11,2,46505.48,2,47,454,wallet,0.215,0
TXN-00313,CUST-9853,20799.5,temporary_bank_decline,12,0,115835.74,0,172,591,upi,0.182,1
TXN-00314,CUST-2648,26923.05,expired_card,7,2,17592.43,3,105,342,card,0.384,0
TXN-00315,CUST-6310,18561.41,expired_card,7,0,121725.64,2,144,13,card,0.282,1
TXN-00316,CUST-4923,42965.85,insufficient_balance,5,0,161949.8,3,148,369,netbanking,0.427,0
TXN-00317,CUST-1256,13447.86,insufficient_balance,5,2,90066.42,4,133,487,card,0.474,0
TXN-00318,CUST-2907,20318.02,temporary_bank_decline,5,1,49216.37,1,99,501,card,0.235,1
TXN-00319,CUST-5838,21751.8,temporary_bank_decline,6,0,184721.53,3,65,21,card,0.337,1
TXN-00320,CUST-6844,44509.5,expired_card,4,0,6610.08,1,10,500,upi,0.224,1
TXN-00321,CUST-1364,25952.47,temporary_bank_decline,10,0,56350.58,1,107,470,upi,0.196,1
TXN-00322,CUST-8012,31387.71,temporary_bank_decline,9,2,21687.92,4,118,486,netbanking,0.342,1
TXN-00323,CUST-4052,36905.76,authentication_failure,8,3,71921.71,1,173,160,upi,0.35,1
TXN-00324,CUST-3258,39048.18,network_error,10,2,153465.26,1,83,572,netbanking,0.331,0
TXN-00325,CUST-4081,19281.59,temporary_bank_decline,8,3,27181.5,4,90,346,netbanking,0.553,0
TXN-00326,CUST-2597,27285.12,expired_card,10,0,134040.79,1,65,520,wallet,0.236,0
TXN-00327,CUST-7203,12850.74,network_error,10,1,179233.19,1,36,292,card,0.213,1
TXN-00328,CUST-5939,38227.43,authentication_failure,11,2,128912.53,1,131,53,card,0.301,0
TXN-00329,CUST-7957,3784.64,insufficient_balance,8,3,64825.89,0,145,386,upi,0.261,0
TXN-00330,CUST-2359,28892.73,insufficient_balance,7,1,102307.28,0,75,490,upi,0.199,1
TXN-00331,CUST-4741,27314.17,temporary_bank_decline,12,1,180280.64,1,106,368,upi,0.225,1
TXN-00332,CUST-8641,20258.72,network_error,8,2,130322.92,4,176,130,upi,0.527,0
TXN-00333,CUST-1671,34364.01,temporary_bank_decline,6,2,119826.21,1,55,561,netbanking,0.44,0
TXN-00334,CUST-3464,35763.13,expired_card,7,2,92560.42,4,59,496,upi,0.439,0
TXN-00335,CUST-5150,17115.1,network_error,8,3,45816.21,2,174,338,card,0.41,0
TXN-00336,CUST-9160,41683.71,temporary_bank_decline,5,2,109292.45,4,131,568,upi,0.408,0
TXN-00337,CUST-2523,40694.87,insufficient_balance,13,2,45822.74,0,4,43,upi,0.239,1
TXN-00338,CUST-3576,27553.57,expired_card,15,2,39953.46,1,9,477,netbanking,0.304,1
TXN-00339,CUST-4663,39020.68,expired_card,11,3,144402.64,4,12,15,card,0.49,0
TXN-00340,CUST-9634,616.06,temporary_bank_decline,7,0,107376.35,0,45,12,netbanking,0.0,1
TXN-00341,CUST-7312,42538.56,insufficient_balance,13,3,177753.63,2,144,545,upi,0.477,1
TXN-00342,CUST-4683,36529.94,insufficient_balance,7,5,26620.69,2,54,142,card,0.359,0
TXN-00343,CUST-4359,24279.4,insufficient_balance,8,1,170137.56,4,69,85,upi,0.37,0
TXN-00344,CUST-5354,28155.52,network_error,9,2,153849.79,2,171,501,upi,0.495,0
TXN-00345,CUST-2050,29730.64,temporary_bank_decline,10,0,111282.07,3,95,227,card,0.263,0
TXN-00346,CUST-6876,34823.87,expired_card,5,2,84889.3,0,179,111,card,0.343,0
TXN-00347,CUST-2340,45747.9,temporary_bank_decline,6,2,148585.93,1,42,424,upi,0.318,0
TXN-00348,CUST-1684,33550.26,expired_card,5,6,68411.23,4,22,564,card,0.568,0
TXN-00349,CUST-9261,26007.27,temporary_bank_decline,3,2,184919.47,4,21,385,upi,0.446,0
TXN-00350,CUST-3015,42819.98,insufficient_balance,9,2,83627.54,2,60,406,card,0.297,1
TXN-00351,CUST-5023,47671.21,authentication_failure,9,1,106117.09,0,131,90,upi,0.34,1
TXN-00352,CUST-9326,41072.64,temporary_bank_decline,5,2,99635.13,1,112,236,card,0.34,0
TXN-00353,CUST-5975,30065.28,network_error,7,1,149587.52,1,17,96,upi,0.178,0
TXN-00354,CUST-5656,28646.45,expired_card,10,3,62602.3,0,92,307,upi,0.257,0
TXN-00355,CUST-1444,12391.03,temporary_bank_decline,6,0,188139.01,3,67,485,upi,0.252,0
TXN-00356,CUST-5931,18095.08,expired_card,10,1,120999.76,2,102,259,netbanking,0.311,0
TXN-00357,CUST-2461,44915.33,expired_card,5,0,52583.85,2,122,303,upi,0.367,0
TXN-00358,CUST-5087,10176.92,authentication_failure,11,1,55358.76,2,87,253,upi,0.192,1
TXN-00359,CUST-9252,28509.92,expired_card,8,3,91808.86,4,23,420,upi,0.399,0
TXN-00360,CUST-4083,38872.56,insufficient_balance,11,3,149081.21,4,47,39,upi,0.436,0
TXN-00361,CUST-5414,32693.74,temporary_bank_decline,8,1,2959.52,0,16,149,card,0.194,1
TXN-00362,CUST-2285,41696.91,expired_card,7,0,136930.85,2,97,99,card,0.315,0
TXN-00363,CUST-6704,6897.61,authentication_failure,12,0,125705.07,1,14,532,card,0.0,0
TXN-00364,CUST-9533,12260.74,network_error,7,0,186789.46,4,100,311,upi,0.279,0
TXN-00365,CUST-5677,3364.08,temporary_bank_decline,9,2,51198.31,2,178,136,wallet,0.294,0
TXN-00366,CUST-8862,20234.27,temporary_bank_decline,7,2,163390.67,1,26,364,upi,0.195,1
TXN-00367,CUST-3775,14876.8,temporary_bank_decline,2,2,67628.85,3,10,320,upi,0.262,0
TXN-00368,CUST-3770,29203.57,expired_card,5,2,189421.67,0,34,270,wallet,0.166,1
TXN-00369,CUST-8236,15805.71,network_error,8,0,118277.0,3,88,153,card,0.279,0
TXN-00370,CUST-2757,5267.38,authentication_failure,1,1,146352.34,4,131,297,card,0.425,0
TXN-00371,CUST-5038,731.37,insufficient_balance,9,0,163558.72,1,167,464,upi,0.14,1
TXN-00372,CUST-5187,6861.28,expired_card,5,0,45926.85,2,134,503,upi,0.264,0
TXN-00373,CUST-2515,4846.23,authentication_failure,8,1,117655.43,2,19,419,upi,0.156,0
TXN-00374,CUST-1815,3149.32,authentication_failure,7,2,36247.17,4,142,174,upi,0.39,0
TXN-00375,CUST-6032,27813.56,insufficient_balance,9,2,64133.79,2,41,185,upi,0.378,1
TXN-00376,CUST-2950,39535.26,insufficient_balance,7,0,46140.58,2,167,76,card,0.363,1
TXN-00377,CUST-1754,24677.41,insufficient_balance,10,3,186375.47,4,125,18,card,0.374,0
TXN-00378,CUST-6594,49857.17,temporary_bank_decline,13,1,174429.94,4,11,12,upi,0.374,0
TXN-00379,CUST-8644,33529.0,authentication_failure,5,2,49150.17,1,135,181,upi,0.293,1
TXN-00380,CUST-1540,48116.86,authentication_failure,8,0,57105.44,3,148,236,upi,0.541,0
TXN-00381,CUST-1258,350.44,temporary_bank_decline,8,1,94261.68,4,126,159,card,0.282,0
TXN-00382,CUST-4598,21339.74,temporary_bank_decline,5,2,37919.67,1,139,174,card,0.286,0
TXN-00383,CUST-9787,42340.45,authentication_failure,5,3,182001.53,4,163,559,upi,0.554,0
TXN-00384,CUST-6688,36758.61,network_error,12,0,34244.08,1,15,238,netbanking,0.19,0
TXN-00385,CUST-2502,44116.37,temporary_bank_decline,9,1,135844.63,1,108,457,card,0.322,1
TXN-00386,CUST-1319,23284.68,insufficient_balance,8,2,70206.25,0,131,499,upi,0.261,0
TXN-00387,CUST-3593,31605.68,temporary_bank_decline,5,2,196245.11,1,27,33,card,0.319,0
TXN-00388,CUST-2906,40028.18,insufficient_balance,13,1,109778.5,0,98,124,card,0.226,1
TXN-00389,CUST-6604,48044.26,expired_card,9,3,35168.47,1,46,471,card,0.296,0
TXN-00390,CUST-1107,45239.19,temporary_bank_decline,10,1,59338.03,0,90,583,wallet,0.23,1
TXN-00391,CUST-1906,25320.17,expired_card,11,2,150979.56,3,30,208,upi,0.281,0
TXN-00392,CUST-6633,8969.25,temporary_bank_decline,7,2,86936.89,1,61,119,upi,0.191,0
TXN-00393,CUST-7630,37446.6,authentication_failure,9,1,50536.87,2,150,409,card,0.347,0
TXN-00394,CUST-1185,24624.23,network_error,5,2,64584.77,4,109,545,upi,0.537,0
TXN-00395,CUST-3180,44811.44,insufficient_balance,5,1,95847.47,2,172,236,card,0.532,0
TXN-00396,CUST-8894,26192.36,insufficient_balance,4,1,18202.7,3,7,164,card,0.218,1
TXN-00397,CUST-2919,43950.83,temporary_bank_decline,9,0,101110.6,4,104,249,upi,0.441,1
TXN-00398,CUST-9348,6483.25,network_error,7,3,121983.58,0,94,50,card,0.158,1
TXN-00399,CUST-2977,17641.78,network_error,4,0,19881.96,1,47,338,upi,0.159,0
TXN-00400,CUST-9269,562.19,expired_card,5,2,101065.77,0,87,25,upi,0.137,1
TXN-00401,CUST-2126,31972.56,network_error,11,2,123427.76,0,166,91,netbanking,0.286,1
TXN-00402,CUST-7645,8731.96,authentication_failure,11,3,115814.87,4,87,284,netbanking,0.326,0
TXN-00403,CUST-6531,13376.94,insufficient_balance,7,0,24172.66,4,15,325,card,0.292,0
TXN-00404,CUST-8699,13267.91,authentication_failure,14,3,10417.58,1,79,464,upi,0.186,1
TXN-00405,CUST-1947,8247.58,network_error,10,2,107170.76,2,42,61,netbanking,0.183,0
TXN-00406,CUST-4239,35568.45,network_error,8,2,91769.31,2,54,30,upi,0.313,1
TXN-00407,CUST-6374,28862.37,network_error,11,1,27230.26,1,157,431,upi,0.368,0
TXN-00408,CUST-4881,46685.36,temporary_bank_decline,11,0,120680.73,4,116,61,wallet,0.543,0
TXN-00409,CUST-6487,9580.74,insufficient_balance,9,2,129134.89,3,47,257,upi,0.276,1
TXN-00410,CUST-8142,30133.92,network_error,12,0,192366.46,1,21,156,upi,0.151,0
TXN-00411,CUST-7125,27264.8,temporary_bank_decline,7,3,74343.93,3,99,97,upi,0.387,0
TXN-00412,CUST-5008,42799.33,temporary_bank_decline,3,1,113062.19,2,73,419,card,0.339,0
TXN-00413,CUST-1521,47705.26,temporary_bank_decline,9,3,95791.32,2,113,505,upi,0.465,1
TXN-00414,CUST-7299,47111.17,expired_card,3,3,19513.04,2,33,15,upi,0.397,0
TXN-00415,CUST-8803,11331.69,expired_card,5,1,168367.95,3,149,498,upi,0.28,0
TXN-00416,CUST-4510,35905.37,temporary_bank_decline,10,0,153301.15,2,11,329,card,0.264,0
TXN-00417,CUST-3369,4015.22,authentication_failure,20,1,108691.15,3,161,552,card,0.305,0
TXN-00418,CUST-5071,36642.45,network_error,7,2,145352.53,1,91,276,upi,0.294,1
TXN-00419,CUST-6977,17165.21,insufficient_balance,9,3,50980.52,2,100,133,upi,0.409,0
TXN-00420,CUST-8377,4096.46,expired_card,10,3,156376.31,1,111,108,card,0.29,0
TXN-00421,CUST-9367,3024.65,insufficient_balance,5,3,15030.49,4,95,252,card,0.38,0
TXN-00422,CUST-5865,19907.7,temporary_bank_decline,4,0,60122.15,3,53,234,upi,0.305,1
TXN-00423,CUST-6039,13367.33,temporary_bank_decline,13,1,60201.04,4,86,308,card,0.244,1
TXN-00424,CUST-1857,19119.05,expired_card,8,0,172027.48,3,10,413,card,0.203,1
TXN-00425,CUST-7724,40696.47,temporary_bank_decline,14,0,58953.44,1,73,167,card,0.387,1
TXN-00426,CUST-8196,8632.73,temporary_bank_decline,7,4,6058.72,0,102,81,card,0.214,1
TXN-00427,CUST-5674,36072.08,temporary_bank_decline,9,2,186749.25,4,157,39,card,0.617,0
TXN-00428,CUST-7569,3647.66,expired_card,5,1,165553.81,2,47,69,upi,0.253,1
TXN-00429,CUST-4280,13901.36,temporary_bank_decline,8,2,62963.71,0,11,59,card,0.048,0
TXN-00430,CUST-6487,12763.0,insufficient_balance,4,0,84806.04,3,88,31,upi,0.277,0
TXN-00431,CUST-4446,36397.81,temporary_bank_decline,5,3,98554.17,0,133,567,card,0.341,1
TXN-00432,CUST-9649,5397.7,expired_card,10,1,174568.7,2,68,177,netbanking,0.152,1
TXN-00433,CUST-5589,10106.06,authentication_failure,3,2,27300.19,1,149,379,upi,0.209,0
TXN-00434,CUST-8962,24033.47,network_error,12,2,115969.42,4,83,337,upi,0.371,0
TXN-00435,CUST-3738,25468.23,temporary_bank_decline,6,1,77237.19,1,152,245,upi,0.363,1
TXN-00436,CUST-4597,11700.89,insufficient_balance,9,1,111427.06,1,86,182,card,0.16,1
TXN-00437,CUST-5429,6805.66,network_error,7,1,168562.82,4,134,279,upi,0.312,1
TXN-00438,CUST-3181,15478.36,expired_card,6,1,198342.94,0,59,397,wallet,0.129,1
TXN-00439,CUST-7792,37820.47,temporary_bank_decline,8,0,82643.56,3,165,432,upi,0.501,1
TXN-00440,CUST-6623,38197.35,insufficient_balance,7,1,194325.36,1,25,206,card,0.242,0
TXN-00441,CUST-2856,41448.02,temporary_bank_decline,11,2,107788.03,0,130,60,upi,0.372,1
TXN-00442,CUST-8798,39504.34,expired_card,10,0,9647.79,0,86,75,wallet,0.227,1
TXN-00443,CUST-5289,7916.1,network_error,7,1,57925.95,1,57,87,card,0.158,0
TXN-00444,CUST-3124,28813.81,authentication_failure,9,0,198115.85,2,28,470,card,0.287,0
TXN-00445,CUST-8008,37187.99,expired_card,10,0,151092.03,0,78,538,upi,0.2,1
TXN-00446,CUST-2076,30781.72,authentication_failure,8,0,61398.51,1,30,477,netbanking,0.135,1
TXN-00447,CUST-5130,6912.93,network_error,16,2,36336.83,4,114,79,netbanking,0.384,1
TXN-00448,CUST-2508,19610.81,insufficient_balance,9,1,16848.68,2,94,46,wallet,0.275,1
TXN-00449,CUST-4515,12662.27,network_error,10,2,7400.89,2,120,250,upi,0.315,0
TXN-00450,CUST-3940,609.51,network_error,6,4,178836.08,0,30,12,wallet,0.119,1
TXN-00451,CUST-2877,246.96,authentication_failure,13,1,30478.65,4,16,472,upi,0.27,0
TXN-00452,CUST-2120,6624.41,authentication_failure,6,3,123990.69,3,115,469,card,0.353,0
TXN-00453,CUST-9998,20929.8,temporary_bank_decline,7,1,108777.5,2,67,562,card,0.266,1
TXN-00454,CUST-1925,33513.89,temporary_bank_decline,7,1,167628.7,0,28,587,card,0.136,1
TXN-00455,CUST-1559,41403.73,insufficient_balance,7,5,96020.12,3,72,32,card,0.541,0
TXN-00456,CUST-4856,26036.65,insufficient_balance,6,1,85454.86,2,15,382,upi,0.139,0
TXN-00457,CUST-8529,18922.8,temporary_bank_decline,8,1,185926.85,4,85,159,card,0.312,0
TXN-00458,CUST-1292,21484.74,authentication_failure,16,1,173724.92,4,29,6,netbanking,0.309,0
TXN-00459,CUST-2620,29538.84,network_error,6,1,101701.22,2,36,266,card,0.258,0
TXN-00460,CUST-3010,12795.01,expired_card,3,3,136623.68,0,45,325,card,0.171,1
TXN-00461,CUST-9756,21730.23,temporary_bank_decline,12,0,86146.03,3,158,314,upi,0.378,1
TXN-00462,CUST-7176,48917.82,temporary_bank_decline,8,2,181743.45,1,140,598,wallet,0.427,1
TXN-00463,CUST-9984,9702.31,network_error,5,1,98778.47,4,146,482,upi,0.378,0
TXN-00464,CUST-7083,12652.83,insufficient_balance,9,3,138156.72,2,168,413,card,0.353,0
TXN-00465,CUST-5491,37127.56,temporary_bank_decline,7,1,194149.41,0,127,275,upi,0.259,1
TXN-00466,CUST-1151,2671.31,insufficient_balance,6,1,49952.53,0,117,406,wallet,0.116,1
TXN-00467,CUST-3978,31383.74,authentication_failure,9,3,59756.87,3,36,561,card,0.47,0
TXN-00468,CUST-4022,30131.09,network_error,8,3,58143.3,1,171,234,card,0.379,0
TXN-00469,CUST-7962,49689.9,network_error,9,4,74407.62,0,96,535,upi,0.416,1
TXN-00470,CUST-5374,23196.16,authentication_failure,10,3,6090.22,0,144,361,card,0.387,0
TXN-00471,CUST-1709,1946.23,insufficient_balance,3,2,103063.64,0,26,181,upi,0.085,1
TXN-00472,CUST-2519,37041.86,temporary_bank_decline,10,3,119774.52,3,21,149,wallet,0.467,1
TXN-00473,CUST-3126,36950.07,temporary_bank_decline,12,0,171799.98,3,96,152,card,0.379,0
TXN-00474,CUST-5962,19713.78,insufficient_balance,6,3,37561.94,3,71,524,upi,0.279,0
TXN-00475,CUST-9111,40173.26,insufficient_balance,9,1,42468.35,0,77,566,card,0.299,0
TXN-00476,CUST-3478,33376.41,authentication_failure,10,0,115032.56,3,15,267,netbanking,0.223,0
TXN-00477,CUST-5329,37174.39,expired_card,12,0,178399.32,2,89,171,netbanking,0.225,0
TXN-00478,CUST-6400,13877.48,temporary_bank_decline,10,1,145814.19,0,84,203,netbanking,0.17,1
TXN-00479,CUST-1473,940.47,expired_card,7,1,26527.08,2,14,308,netbanking,0.144,1
TXN-00480,CUST-4871,1313.85,expired_card,3,2,19688.08,1,175,493,netbanking,0.217,0
TXN-00481,CUST-4034,47490.19,temporary_bank_decline,9,0,121171.72,2,114,445,netbanking,0.308,1
TXN-00482,CUST-2104,38902.63,temporary_bank_decline,7,2,130615.89,0,145,441,upi,0.293,1
TXN-00483,CUST-8061,29460.58,expired_card,8,2,41291.04,1,64,417,upi,0.26,0
TXN-00484,CUST-7026,25552.35,expired_card,7,2,105611.53,2,138,499,card,0.333,0
TXN-00485,CUST-8430,37923.99,temporary_bank_decline,9,1,139794.79,0,169,63,card,0.393,1
TXN-00486,CUST-5299,44518.57,authentication_failure,11,1,125545.82,4,157,117,upi,0.434,0
TXN-00487,CUST-7642,5585.67,authentication_failure,6,0,124811.22,0,135,526,card,0.118,0
TXN-00488,CUST-6605,21904.85,insufficient_balance,9,3,61246.77,1,82,75,upi,0.364,0
TXN-00489,CUST-7373,15138.7,insufficient_balance,7,1,107587.34,1,50,146,wallet,0.053,0
TXN-00490,CUST-6450,11658.28,expired_card,6,3,49317.5,0,87,374,wallet,0.185,1
TXN-00491,CUST-5425,17633.55,expired_card,6,3,149090.03,1,127,591,card,0.329,0
TXN-00492,CUST-5722,7196.77,insufficient_balance,4,3,51308.97,0,21,577,upi,0.058,1
TXN-00493,CUST-9056,30809.21,authentication_failure,11,0,189782.58,2,87,583,wallet,0.286,1
TXN-00494,CUST-7106,12832.74,authentication_failure,12,2,55310.51,2,109,16,wallet,0.23,1
TXN-00495,CUST-4342,48427.88,insufficient_balance,8,4,119500.32,3,151,9,card,0.547,0
TXN-00496,CUST-3006,1863.47,network_error,5,2,60745.2,3,34,424,upi,0.236,0
TXN-00497,CUST-5482,22110.69,authentication_failure,11,0,12882.47,3,144,412,upi,0.334,1
TXN-00498,CUST-7402,1400.77,insufficient_balance,13,1,177887.97,4,134,77,upi,0.368,0
TXN-00499,CUST-8983,47458.99,insufficient_balance,8,0,17774.15,0,34,109,netbanking,0.139,1
TXN-00500,CUST-7637,31144.95,network_error,5,1,100204.38,0,51,116,upi,0.134,1
TXN-00501,CUST-2284,47031.99,temporary_bank_decline,11,1,128377.99,1,108,308,upi,0.373,0
TXN-00502,CUST-1305,24505.4,temporary_bank_decline,9,1,142367.14,1,151,369,upi,0.265,1
TXN-00503,CUST-8234,5276.3,network_error,5,2,131861.17,4,45,311,upi,0.313,0
TXN-00504,CUST-6274,25200.23,insufficient_balance,12,2,166009.83,4,30,524,upi,0.47,0
TXN-00505,CUST-7707,16327.77,network_error,10,1,30325.52,3,96,298,card,0.332,0
TXN-00506,CUST-9792,35414.61,temporary_bank_decline,5,1,133204.51,0,2,136,card,0.216,1
TXN-00507,CUST-9493,47722.07,network_error,5,4,71879.53,0,104,373,card,0.369,0
TXN-00508,CUST-1926,41354.66,expired_card,12,2,88148.22,0,53,449,upi,0.334,1
TXN-00509,CUST-5901,48404.88,insufficient_balance,3,0,150741.93,2,175,42,wallet,0.471,1
TXN-00510,CUST-4069,3443.7,network_error,8,1,145216.15,0,61,232,upi,0.017,0
TXN-00511,CUST-7042,39435.66,authentication_failure,10,0,116640.14,0,10,450,card,0.193,1
TXN-00512,CUST-4475,46292.11,expired_card,10,0,95583.3,3,124,301,upi,0.44,0
TXN-00513,CUST-5830,45056.15,expired_card,8,2,56231.79,0,101,248,card,0.237,1
TXN-00514,CUST-7474,7301.48,insufficient_balance,11,2,82021.14,0,71,160,netbanking,0.068,1
TXN-00515,CUST-4830,27201.78,temporary_bank_decline,13,3,103303.29,1,174,570,card,0.378,0
TXN-00516,CUST-8699,19202.4,temporary_bank_decline,7,0,14826.52,0,122,450,netbanking,0.271,0
TXN-00517,CUST-7387,6146.15,temporary_bank_decline,9,0,92988.79,3,178,212,card,0.333,0
TXN-00518,CUST-5857,34020.62,network_error,11,0,99596.38,4,174,62,upi,0.463,1
TXN-00519,CUST-8015,32428.55,network_error,10,4,59570.03,3,4,591,card,0.435,0
TXN-00520,CUST-5383,16052.1,expired_card,6,4,44274.95,1,159,44,card,0.39,0
TXN-00521,CUST-7017,23310.7,insufficient_balance,6,4,164667.77,2,74,107,upi,0.428,0
TXN-00522,CUST-8504,38153.0,expired_card,6,2,9675.39,2,164,56,card,0.377,0
TXN-00523,CUST-6267,29020.16,network_error,7,1,89936.24,1,57,553,netbanking,0.237,1
TXN-00524,CUST-2987,9148.72,insufficient_balance,10,0,4162.79,3,14,166,card,0.162,1
TXN-00525,CUST-6952,8382.04,expired_card,5,2,26864.12,3,18,25,card,0.255,0
TXN-00526,CUST-7506,15663.04,expired_card,4,2,86434.69,4,97,459,netbanking,0.373,0
TXN-00527,CUST-7668,28351.39,temporary_bank_decline,5,0,2661.6,1,34,308,netbanking,0.173,1
TXN-00528,CUST-7614,28168.48,insufficient_balance,9,1,94579.55,3,160,527,card,0.367,0
TXN-00529,CUST-1454,33427.49,insufficient_balance,12,2,19392.16,3,166,479,netbanking,0.453,0
TXN-00530,CUST-4239,12318.53,expired_card,12,1,105822.82,2,84,19,card,0.268,0
TXN-00531,CUST-9067,28304.09,temporary_bank_decline,16,1,177402.56,0,169,264,card,0.255,1
TXN-00532,CUST-7347,22209.81,expired_card,8,3,105822.35,4,172,299,wallet,0.478,0
TXN-00533,CUST-3358,42857.28,temporary_bank_decline,5,1,147142.34,4,25,392,upi,0.326,1
TXN-00534,CUST-4085,12087.99,temporary_bank_decline,6,1,97384.24,3,32,485,netbanking,0.2,0
TXN-00535,CUST-8614,27547.95,temporary_bank_decline,13,0,110075.89,3,95,112,card,0.321,1
TXN-00536,CUST-6016,18768.94,temporary_bank_decline,7,0,114998.89,4,61,475,card,0.307,1
TXN-00537,CUST-4051,27140.43,temporary_bank_decline,7,1,185600.9,1,18,52,upi,0.275,1
TXN-00538,CUST-9962,22086.73,network_error,8,2,170367.28,1,135,294,upi,0.385,0
TXN-00539,CUST-9818,40461.32,expired_card,9,4,186181.84,1,171,519,netbanking,0.454,0
TXN-00540,CUST-6969,12445.72,insufficient_balance,9,0,161703.55,3,161,153,card,0.371,1
TXN-00541,CUST-9291,43142.7,expired_card,5,0,23461.01,1,51,595,netbanking,0.234,0
TXN-00542,CUST-8017,13522.09,expired_card,13,3,55233.7,1,66,268,netbanking,0.272,0
TXN-00543,CUST-6166,48050.61,temporary_bank_decline,5,0,51081.22,0,21,139,upi,0.129,1
TXN-00544,CUST-9276,19706.4,insufficient_balance,10,2,197608.55,1,59,593,upi,0.307,0
TXN-00545,CUST-2104,44537.66,authentication_failure,9,2,90486.29,4,159,561,card,0.552,0
TXN-00546,CUST-6003,827.11,insufficient_balance,12,1,15598.79,1,67,21,card,0.144,0
TXN-00547,CUST-2906,11633.45,temporary_bank_decline,3,2,152694.75,3,74,488,upi,0.276,0
TXN-00548,CUST-3774,48509.82,network_error,13,2,73285.99,1,49,460,card,0.349,0
TXN-00549,CUST-7571,32392.24,insufficient_balance,11,1,196393.58,0,18,336,wallet,0.087,1
TXN-00550,CUST-5735,13844.73,temporary_bank_decline,10,0,2652.66,1,25,409,upi,0.156,0
TXN-00551,CUST-2594,35090.57,authentication_failure,4,0,138009.07,0,63,230,card,0.129,1
TXN-00552,CUST-3555,3539.97,expired_card,3,2,109865.18,1,31,6,netbanking,0.144,0
TXN-00553,CUST-5755,16458.34,insufficient_balance,10,5,149862.76,0,124,403,upi,0.352,0
TXN-00554,CUST-7155,34157.27,temporary_bank_decline,8,1,107041.86,0,59,40,card,0.304,1
TXN-00555,CUST-2649,28352.07,expired_card,4,4,187201.99,4,59,298,upi,0.406,0
TXN-00556,CUST-3487,3338.24,network_error,4,2,26746.81,3,23,213,card,0.304,0
TXN-00557,CUST-4403,15558.05,expired_card,6,1,58488.57,2,133,127,netbanking,0.252,0
TXN-00558,CUST-4512,30348.94,temporary_bank_decline,8,0,166197.64,1,80,134,upi,0.214,1
TXN-00559,CUST-8028,29172.67,insufficient_balance,11,1,141376.37,2,166,439,upi,0.339,0
TXN-00560,CUST-5445,3755.78,temporary_bank_decline,14,2,39482.34,4,79,216,card,0.372,0
TXN-00561,CUST-7811,20874.2,network_error,7,2,116666.03,4,11,543,netbanking,0.393,1
TXN-00562,CUST-2119,33409.96,expired_card,9,1,114797.47,1,53,183,wallet,0.292,0
TXN-00563,CUST-4680,31800.6,insufficient_balance,8,1,155284.31,3,33,508,upi,0.287,0
TXN-00564,CUST-8564,46802.89,expired_card,9,4,84511.11,3,73,154,upi,0.514,0
TXN-00565,CUST-2184,14068.43,temporary_bank_decline,6,2,11355.53,4,21,470,netbanking,0.298,0
TXN-00566,CUST-2785,47105.38,insufficient_balance,13,1,120986.58,0,101,392,netbanking,0.353,1
TXN-00567,CUST-4089,11294.69,temporary_bank_decline,9,2,139432.21,3,73,403,netbanking,0.231,1
TXN-00568,CUST-7833,39639.86,temporary_bank_decline,8,2,105487.71,1,25,557,card,0.29,0
TXN-00569,CUST-5992,11219.95,insufficient_balance,10,0,6930.15,4,33,574,upi,0.227,0
TXN-00570,CUST-5758,5713.14,network_error,14,2,33155.91,2,71,277,card,0.213,0
TXN-00571,CUST-6748,10475.68,expired_card,3,0,78521.07,0,51,451,upi,0.016,0
TXN-00572,CUST-3339,30113.23,insufficient_balance,7,3,118961.69,4,102,127,upi,0.53,0
TXN-00573,CUST-1205,9094.67,temporary_bank_decline,9,0,158840.99,3,151,432,upi,0.228,1
TXN-00574,CUST-2501,20149.65,temporary_bank_decline,7,2,103814.04,0,7,96,card,0.185,1
TXN-00575,CUST-3413,23509.66,network_error,9,3,15995.62,3,43,291,wallet,0.296,0
TXN-00576,CUST-7861,27738.18,insufficient_balance,7,1,195712.88,3,123,502,netbanking,0.312,0
TXN-00577,CUST-2691,2140.82,network_error,15,2,85851.59,1,62,27,upi,0.205,1
TXN-00578,CUST-8019,17056.33,network_error,6,1,151380.67,3,105,55,card,0.394,0
TXN-00579,CUST-7541,22298.17,authentication_failure,7,0,129854.04,1,119,195,upi,0.239,1
TXN-00580,CUST-8002,6628.71,expired_card,7,0,89291.96,0,15,411,card,0.017,0
TXN-00581,CUST-5364,41650.19,temporary_bank_decline,6,4,48090.71,2,75,477,card,0.548,1
TXN-00582,CUST-3193,2000.4,insufficient_balance,11,2,136268.37,4,129,260,card,0.381,0
TXN-00583,CUST-5231,31795.11,temporary_bank_decline,15,1,7463.78,3,21,195,upi,0.316,1
TXN-00584,CUST-1949,33787.17,temporary_bank_decline,12,1,1816.19,2,50,411,upi,0.284,0
TXN-00585,CUST-2854,38357.9,network_error,6,0,69558.29,0,176,142,card,0.329,1
TXN-00586,CUST-9858,7510.49,temporary_bank_decline,11,1,135904.28,4,147,388,upi,0.278,1
TXN-00587,CUST-2586,5791.18,temporary_bank_decline,7,1,13401.23,1,134,252,upi,0.162,1
TXN-00588,CUST-3284,5133.01,network_error,6,1,168496.66,4,54,137,upi,0.342,0
TXN-00589,CUST-6459,25308.01,temporary_bank_decline,13,0,1955.17,0,166,222,upi,0.271,0
TXN-00590,CUST-6253,33822.16,insufficient_balance,5,2,85953.52,1,138,160,card,0.282,0
TXN-00591,CUST-9179,30238.8,authentication_failure,9,0,68354.29,1,104,265,card,0.272,0
TXN-00592,CUST-7231,15915.55,temporary_bank_decline,8,1,37655.11,3,31,103,upi,0.245,0
TXN-00593,CUST-2991,21046.63,expired_card,11,0,113404.18,0,162,246,netbanking,0.191,0
TXN-00594,CUST-4759,48566.7,network_error,9,3,92457.81,4,4,69,card,0.483,1
TXN-00595,CUST-3506,34140.44,authentication_failure,7,1,62937.81,1,145,481,netbanking,0.293,0
TXN-00596,CUST-4283,19338.15,network_error,8,3,27173.52,3,5,572,card,0.196,1
TXN-00597,CUST-4088,16050.17,insufficient_balance,7,2,179968.54,1,93,425,upi,0.221,0
TXN-00598,CUST-9441,15568.66,insufficient_balance,5,1,11935.74,2,137,405,card,0.246,0
TXN-00599,CUST-8608,28361.94,expired_card,11,2,57718.56,4,66,63,netbanking,0.488,0
TXN-00600,CUST-8163,28099.51,expired_card,7,2,42207.36,0,32,345,upi,0.227,1
TXN-00601,CUST-9396,44688.41,network_error,4,3,72857.79,4,111,412,upi,0.538,0
TXN-00602,CUST-8371,49983.55,insufficient_balance,8,3,43839.28,2,73,75,upi,0.489,0
TXN-00603,CUST-1079,39279.81,network_error,10,1,171072.61,2,45,221,upi,0.318,1
TXN-00604,CUST-8347,12319.81,insufficient_balance,9,1,92672.09,4,81,406,upi,0.358,1
TXN-00605,CUST-9127,29211.07,network_error,9,1,103438.71,3,153,466,upi,0.353,0
TXN-00606,CUST-1854,47672.09,temporary_bank_decline,7,3,27512.12,1,82,82,card,0.377,1
TXN-00607,CUST-6303,7977.63,expired_card,6,0,181873.03,2,161,147,upi,0.225,1
TXN-00608,CUST-3990,44451.91,expired_card,6,0,97107.72,2,106,218,netbanking,0.416,0
TXN-00609,CUST-1027,21008.53,network_error,8,1,91358.34,2,34,64,upi,0.258,1
TXN-00610,CUST-6768,7379.33,temporary_bank_decline,10,0,42904.98,1,172,486,card,0.265,0
TXN-00611,CUST-1662,4681.28,temporary_bank_decline,13,3,8921.33,1,159,386,card,0.341,1
TXN-00612,CUST-1479,37922.31,insufficient_balance,5,2,46389.68,2,123,440,card,0.496,0
TXN-00613,CUST-9619,49525.19,network_error,9,1,174362.9,1,23,321,upi,0.306,1
TXN-00614,CUST-6828,33985.65,insufficient_balance,5,0,115376.38,3,129,404,netbanking,0.376,0
TXN-00615,CUST-4044,24520.06,authentication_failure,6,1,22363.44,3,179,277,wallet,0.379,0
TXN-00616,CUST-3503,46488.62,temporary_bank_decline,8,4,8289.7,3,126,397,upi,0.514,0
TXN-00617,CUST-5905,45443.04,temporary_bank_decline,9,2,12743.08,1,124,370,netbanking,0.534,0
TXN-00618,CUST-9032,5957.47,insufficient_balance,6,0,145725.67,4,58,428,upi,0.285,0
TXN-00619,CUST-9709,10688.0,network_error,10,1,65165.81,4,129,42,card,0.335,0
TXN-00620,CUST-9924,32798.32,authentication_failure,4,0,136884.62,1,113,351,netbanking,0.205,0
TXN-00621,CUST-9484,40718.67,insufficient_balance,9,3,161129.65,4,53,143,upi,0.436,1
TXN-00622,CUST-9774,3280.7,temporary_bank_decline,7,1,183527.09,4,59,233,card,0.259,1
TXN-00623,CUST-5328,21485.27,authentication_failure,13,1,154077.01,0,143,95,card,0.221,0
TXN-00624,CUST-4572,32597.64,temporary_bank_decline,5,0,167577.81,1,87,139,card,0.261,1
TXN-00625,CUST-6642,43128.48,authentication_failure,7,3,119685.6,0,146,115,upi,0.348,0
TXN-00626,CUST-2325,1161.36,expired_card,8,0,13810.6,0,131,457,netbanking,0.136,1
TXN-00627,CUST-6728,26293.92,network_error,4,0,68232.92,4,38,24,upi,0.279,0
TXN-00628,CUST-5779,29516.85,insufficient_balance,15,1,70132.07,4,50,504,upi,0.344,1
TXN-00629,CUST-1027,22855.77,temporary_bank_decline,8,5,147288.05,3,176,394,card,0.482,0
TXN-00630,CUST-1899,21216.77,insufficient_balance,4,1,29078.46,2,37,435,upi,0.292,0
TXN-00631,CUST-8966,37849.63,network_error,6,1,177467.73,3,134,429,upi,0.38,0
TXN-00632,CUST-1439,688.44,temporary_bank_decline,11,3,70467.43,4,56,208,upi,0.321,1
TXN-00633,CUST-5624,2183.99,network_error,10,0,99723.32,3,171,359,upi,0.314,0
TXN-00634,CUST-8632,28742.12,temporary_bank_decline,7,1,176369.38,2,174,115,card,0.366,0
TXN-00635,CUST-6177,20653.33,temporary_bank_decline,15,3,189573.69,3,73,204,card,0.361,0
TXN-00636,CUST-7144,24103.16,insufficient_balance,10,1,189827.44,2,77,183,card,0.358,1
TXN-00637,CUST-8951,9808.13,temporary_bank_decline,11,2,153838.46,1,1,69,upi,0.11,1
TXN-00638,CUST-7228,21812.0,expired_card,11,2,76199.24,3,174,168,netbanking,0.487,0
TXN-00639,CUST-3251,37075.14,authentication_failure,10,3,84959.21,4,144,339,netbanking,0.526,0
TXN-00640,CUST-3003,43846.18,network_error,19,0,187195.37,4,42,348,wallet,0.399,1
TXN-00641,CUST-8846,41713.66,network_error,6,0,8592.57,0,62,469,card,0.196,1
TXN-00642,CUST-5337,40344.37,temporary_bank_decline,13,0,76734.61,4,108,65,upi,0.518,0
TXN-00643,CUST-9154,19703.27,network_error,11,1,172225.7,3,85,70,upi,0.302,1
TXN-00644,CUST-3799,40854.65,temporary_bank_decline,7,2,161250.48,4,143,539,upi,0.511,1
TXN-00645,CUST-7849,11928.76,expired_card,9,0,57129.99,4,8,322,card,0.237,0
TXN-00646,CUST-4375,42974.48,insufficient_balance,5,1,94351.49,4,118,71,netbanking,0.567,1
TXN-00647,CUST-6078,32103.82,authentication_failure,11,3,113465.31,0,34,113,wallet,0.165,1
TXN-00648,CUST-9583,33042.61,expired_card,5,0,197021.74,0,104,468,upi,0.198,1
TXN-00649,CUST-2466,8571.25,temporary_bank_decline,4,3,85188.7,0,93,138,upi,0.163,1
TXN-00650,CUST-6447,49462.48,authentication_failure,6,3,142032.15,1,98,272,upi,0.404,0
TXN-00651,CUST-5714,44931.41,network_error,6,1,130998.33,0,32,219,card,0.154,0
TXN-00652,CUST-3807,12408.62,insufficient_balance,8,1,190186.93,0,150,432,netbanking,0.263,1
TXN-00653,CUST-9041,22260.98,temporary_bank_decline,9,1,125682.72,1,114,468,upi,0.246,1
TXN-00654,CUST-5197,35892.34,temporary_bank_decline,8,2,61198.29,4,100,75,wallet,0.501,0
TXN-00655,CUST-7279,17755.42,network_error,12,4,75051.92,0,72,184,upi,0.275,0
TXN-00656,CUST-4728,26256.93,temporary_bank_decline,8,4,98845.87,3,143,330,netbanking,0.493,0
TXN-00657,CUST-8603,44232.88,authentication_failure,6,0,172025.1,0,63,203,wallet,0.254,0
TXN-00658,CUST-5723,42973.83,network_error,14,2,81873.57,0,69,500,card,0.295,1
TXN-00659,CUST-1118,5081.57,authentication_failure,7,4,43082.98,1,56,380,upi,0.226,0
TXN-00660,CUST-7421,13590.38,insufficient_balance,14,1,143193.8,1,41,460,netbanking,0.269,1
TXN-00661,CUST-7536,16040.21,temporary_bank_decline,7,1,23750.09,0,40,289,wallet,0.102,1
TXN-00662,CUST-1059,47082.99,insufficient_balance,6,0,96869.62,2,158,404,upi,0.459,0
TXN-00663,CUST-6483,8193.67,authentication_failure,6,0,52255.98,1,29,422,card,0.046,1
TXN-00664,CUST-7255,36985.37,expired_card,9,2,15258.47,1,54,360,upi,0.298,1
TXN-00665,CUST-8819,17383.53,insufficient_balance,6,0,156998.56,4,134,540,card,0.41,0
TXN-00666,CUST-4018,38482.99,insufficient_balance,10,0,9427.6,1,141,489,card,0.295,0
TXN-00667,CUST-3906,27393.52,insufficient_balance,11,0,159490.69,1,24,515,upi,0.139,1
TXN-00668,CUST-7153,28357.09,expired_card,8,1,137990.94,4,159,453,card,0.38,0
TXN-00669,CUST-6652,18441.9,insufficient_balance,11,0,128695.62,2,103,582,upi,0.314,1
TXN-00670,CUST-1195,2804.83,expired_card,5,0,22885.87,4,92,278,netbanking,0.282,0
TXN-00671,CUST-6061,25252.91,insufficient_balance,5,1,176702.3,0,126,12,card,0.217,1
TXN-00672,CUST-8280,22471.57,expired_card,9,1,198690.6,4,35,30,card,0.295,0
TXN-00673,CUST-6857,7524.08,temporary_bank_decline,8,2,103190.89,0,162,551,upi,0.224,0
TXN-00674,CUST-9956,1643.84,temporary_bank_decline,4,4,140086.6,0,12,170,upi,0.145,0
TXN-00675,CUST-3681,10706.27,insufficient_balance,9,1,10422.65,3,83,566,card,0.292,1
TXN-00676,CUST-4896,35773.03,network_error,5,2,135029.79,4,146,389,wallet,0.515,0
TXN-00677,CUST-6923,19059.58,temporary_bank_decline,11,0,18615.29,4,139,245,upi,0.448,0
TXN-00678,CUST-3116,13360.14,temporary_bank_decline,8,2,111135.52,3,115,236,upi,0.418,0
TXN-00679,CUST-9787,44639.54,authentication_failure,9,1,64068.87,4,174,358,upi,0.559,0
TXN-00680,CUST-8808,41945.07,authentication_failure,7,2,156380.72,0,156,54,upi,0.442,0
TXN-00681,CUST-3179,20205.13,expired_card,10,2,126921.38,0,148,244,netbanking,0.222,1
TXN-00682,CUST-1193,41941.16,insufficient_balance,6,1,111125.1,0,140,502,card,0.321,0
TXN-00683,CUST-4689,41769.95,temporary_bank_decline,3,2,1672.39,4,175,107,wallet,0.532,0
TXN-00684,CUST-7990,45925.95,insufficient_balance,8,0,168778.88,0,34,499,card,0.15,0
TXN-00685,CUST-3202,41888.53,temporary_bank_decline,13,2,64544.35,1,18,179,card,0.359,1
TXN-00686,CUST-2329,31216.9,temporary_bank_decline,8,3,138706.51,2,3,59,upi,0.299,1
TXN-00687,CUST-8763,22380.97,insufficient_balance,6,0,176179.25,4,137,281,card,0.4,0
TXN-00688,CUST-5907,41500.51,insufficient_balance,4,0,198760.24,0,118,427,netbanking,0.201,1
TXN-00689,CUST-3238,14831.34,temporary_bank_decline,10,0,147453.49,3,59,529,upi,0.284,1
TXN-00690,CUST-2046,42706.8,network_error,7,2,12554.6,0,57,407,netbanking,0.349,0
TXN-00691,CUST-4346,24039.37,expired_card,7,1,122215.0,0,67,313,upi,0.196,1
TXN-00692,CUST-2440,49223.92,network_error,10,2,133487.96,0,157,269,card,0.29,1
TXN-00693,CUST-2472,21481.03,expired_card,10,0,37621.94,2,61,170,upi,0.226,0
TXN-00694,CUST-6103,5180.62,authentication_failure,9,1,3535.05,3,130,499,card,0.274,1
TXN-00695,CUST-5809,32904.33,authentication_failure,4,2,128150.18,2,167,443,card,0.475,0
TXN-00696,CUST-2468,21531.45,authentication_failure,12,1,172349.96,3,172,5,upi,0.455,0
TXN-00697,CUST-4742,27122.72,temporary_bank_decline,8,0,9365.24,3,108,177,upi,0.327,0
TXN-00698,CUST-2574,27303.64,temporary_bank_decline,5,3,117741.96,1,10,377,card,0.2,0
TXN-00699,CUST-1175,39491.06,temporary_bank_decline,7,1,170617.67,2,54,59,upi,0.311,0
TXN-00700,CUST-5504,10710.58,authentication_failure,5,1,171112.0,3,61,533,upi,0.243,0
TXN-00701,CUST-3781,44061.54,temporary_bank_decline,7,1,95510.74,1,79,346,netbanking,0.315,1
TXN-00702,CUST-4984,45906.22,insufficient_balance,6,2,77447.88,0,164,168,netbanking,0.329,0
TXN-00703,CUST-9859,3387.2,network_error,7,1,195958.66,0,131,360,card,0.097,1
TXN-00704,CUST-9271,16376.18,temporary_bank_decline,12,3,140227.3,3,12,195,card,0.395,1
TXN-00705,CUST-5314,35824.59,authentication_failure,6,3,55389.16,3,39,232,card,0.363,0
TXN-00706,CUST-2505,17497.78,network_error,7,0,7487.75,0,49,190,upi,0.036,1
TXN-00707,CUST-1135,14711.83,temporary_bank_decline,6,1,16296.55,3,114,171,card,0.272,1
TXN-00708,CUST-7750,21069.11,network_error,10,0,33527.72,4,103,434,upi,0.414,0
TXN-00709,CUST-7018,44562.43,temporary_bank_decline,3,1,39969.18,4,49,180,card,0.487,0
TXN-00710,CUST-2602,1537.23,insufficient_balance,5,2,58261.56,0,10,295,upi,0.07,0
TXN-00711,CUST-2745,6915.35,expired_card,9,0,28119.18,3,110,249,card,0.207,0
TXN-00712,CUST-8045,4391.69,temporary_bank_decline,7,2,62847.59,2,98,532,wallet,0.355,1
TXN-00713,CUST-2862,16277.05,expired_card,9,2,15668.25,4,94,482,card,0.454,1
TXN-00714,CUST-9566,45267.85,temporary_bank_decline,1,1,194931.98,4,66,419,upi,0.442,0
TXN-00715,CUST-3302,49498.09,expired_card,13,1,92504.66,3,48,309,wallet,0.34,0
TXN-00716,CUST-4097,8051.5,expired_card,8,1,145276.36,4,125,541,upi,0.344,1
TXN-00717,CUST-2443,14220.44,insufficient_balance,4,0,54282.58,2,48,176,upi,0.143,1
TXN-00718,CUST-5570,27923.44,network_error,15,1,170694.61,3,93,290,card,0.335,1
TXN-00719,CUST-9599,36274.23,insufficient_balance,8,3,181315.41,3,20,237,wallet,0.482,1
TXN-00720,CUST-3542,48702.72,network_error,7,1,3411.03,1,64,292,wallet,0.31,0
TXN-00721,CUST-4291,22094.19,insufficient_balance,5,2,167013.45,1,155,250,upi,0.335,1
TXN-00722,CUST-5576,14252.5,network_error,8,1,181998.18,0,64,558,card,0.15,0
TXN-00723,CUST-4926,35563.52,temporary_bank_decline,8,2,68284.07,4,124,61,netbanking,0.458,0
TXN-00724,CUST-4477,34989.3,expired_card,12,2,141551.47,3,154,137,netbanking,0.487,0
TXN-00725,CUST-6022,19627.64,insufficient_balance,5,1,199252.18,0,101,556,upi,0.244,0
TXN-00726,CUST-9302,30045.16,expired_card,12,1,127364.02,3,69,565,netbanking,0.321,1
TXN-00727,CUST-8288,40689.95,network_error,10,2,30720.34,1,101,573,wallet,0.357,0
TXN-00728,CUST-2527,12272.31,network_error,8,2,127751.77,0,108,393,wallet,0.135,1
TXN-00729,CUST-7501,271.0,network_error,7,0,16928.22,4,163,336,wallet,0.343,0
TXN-00730,CUST-3692,18188.89,insufficient_balance,6,1,118030.47,2,26,229,card,0.201,0
TXN-00731,CUST-6293,12043.47,temporary_bank_decline,7,2,28218.18,4,6,293,card,0.304,1
TXN-00732,CUST-7152,39827.24,expired_card,12,3,69651.59,0,150,35,card,0.377,1
TXN-00733,CUST-4140,39196.76,expired_card,10,2,14620.8,3,6,56,upi,0.36,0
TXN-00734,CUST-6817,3924.87,temporary_bank_decline,9,0,96817.24,3,15,308,card,0.093,1
TXN-00735,CUST-5124,1015.57,temporary_bank_decline,8,2,101455.6,3,123,283,card,0.236,0
TXN-00736,CUST-6077,32594.07,insufficient_balance,7,4,111021.01,3,18,179,netbanking,0.358,1
TXN-00737,CUST-4625,22432.97,expired_card,4,5,20500.95,0,120,250,upi,0.221,0
TXN-00738,CUST-4726,37976.05,insufficient_balance,7,1,192773.75,4,51,396,card,0.355,1
TXN-00739,CUST-5692,45165.36,temporary_bank_decline,11,1,101487.22,1,164,31,card,0.331,1
TXN-00740,CUST-2976,32739.06,network_error,7,0,47349.7,2,80,494,upi,0.191,1
TXN-00741,CUST-8433,28989.13,expired_card,8,0,70611.94,0,120,85,card,0.14,0
TXN-00742,CUST-3090,4979.59,network_error,9,3,28975.25,0,55,81,upi,0.099,0
TXN-00743,CUST-7287,10931.96,authentication_failure,6,3,117889.34,0,82,18,upi,0.201,0
TXN-00744,CUST-8704,1637.47,insufficient_balance,7,2,143789.84,3,106,436,card,0.286,0
TXN-00745,CUST-5100,2966.25,insufficient_balance,9,4,47261.34,0,96,79,upi,0.279,1
TXN-00746,CUST-6710,40190.37,temporary_bank_decline,9,1,158870.32,1,2,563,netbanking,0.212,1
TXN-00747,CUST-9834,7860.56,expired_card,10,3,41811.19,2,169,398,wallet,0.386,0
TXN-00748,CUST-8426,21882.8,network_error,9,3,29540.3,3,146,122,upi,0.473,1
TXN-00749,CUST-2289,36219.84,authentication_failure,6,1,104852.72,0,144,89,upi,0.29,0
TXN-00750,CUST-9400,5514.41,expired_card,7,1,171214.19,1,117,368,card,0.164,1
TXN-00751,CUST-3415,18922.86,network_error,7,2,63106.29,1,18,565,upi,0.204,1
TXN-00752,CUST-4636,28427.35,insufficient_balance,13,3,159514.17,1,31,538,upi,0.369,0
TXN-00753,CUST-8882,43156.94,temporary_bank_decline,7,1,190600.41,2,96,356,card,0.397,1
TXN-00754,CUST-7723,8310.34,temporary_bank_decline,8,1,8989.41,1,124,589,card,0.219,1
TXN-00755,CUST-3910,22275.4,authentication_failure,15,0,99972.91,3,143,423,netbanking,0.376,1
TXN-00756,CUST-2967,23777.21,network_error,9,4,2500.68,1,102,102,card,0.371,0
TXN-00757,CUST-6489,35233.56,authentication_failure,14,2,19557.72,3,155,474,netbanking,0.452,0
TXN-00758,CUST-6421,42717.4,expired_card,10,3,43838.49,4,32,517,upi,0.498,0
TXN-00759,CUST-5920,27807.21,authentication_failure,6,2,184961.32,0,11,516,netbanking,0.218,0
TXN-00760,CUST-4111,41869.53,expired_card,10,1,105548.88,4,77,519,upi,0.475,0
TXN-00761,CUST-9503,37404.89,insufficient_balance,7,6,85966.31,2,73,151,card,0.509,0
TXN-00762,CUST-7107,37591.35,authentication_failure,10,1,187902.2,3,150,25,upi,0.461,0
TXN-00763,CUST-2842,33560.57,expired_card,10,2,110179.04,3,138,151,upi,0.444,0
TXN-00764,CUST-3886,38758.48,expired_card,11,1,1250.1,3,163,573,card,0.444,0
TXN-00765,CUST-9878,14929.15,network_error,4,1,33411.57,4,163,133,upi,0.462,1
TXN-00766,CUST-6710,7001.03,network_error,3,2,53295.2,3,81,546,wallet,0.316,0
TXN-00767,CUST-1093,45177.0,temporary_bank_decline,5,0,24501.25,3,43,597,card,0.344,1
TXN-00768,CUST-7785,686.66,network_error,9,4,150572.49,2,178,563,card,0.39,1
TXN-00769,CUST-9862,12537.26,temporary_bank_decline,7,2,125157.5,2,7,226,upi,0.206,0
TXN-00770,CUST-7744,13397.59,network_error,5,2,11288.9,1,38,202,upi,0.197,1
TXN-00771,CUST-3103,29324.04,insufficient_balance,3,1,154311.92,0,56,364,upi,0.167,1
TXN-00772,CUST-1804,10192.06,authentication_failure,4,3,89422.7,0,44,568,upi,0.18,1
TXN-00773,CUST-3662,22623.92,authentication_failure,10,0,9932.25,4,49,232,card,0.3,0
TXN-00774,CUST-8432,41812.58,authentication_failure,5,1,119406.68,1,71,377,upi,0.382,0
TXN-00775,CUST-5994,29239.38,insufficient_balance,4,1,44770.35,3,126,475,upi,0.395,0
TXN-00776,CUST-7687,44176.27,insufficient_balance,8,3,14030.79,3,115,332,card,0.491,0
TXN-00777,CUST-3143,22054.62,network_error,7,1,85211.4,4,55,88,card,0.379,1
TXN-00778,CUST-3261,49509.49,temporary_bank_decline,7,3,21460.06,4,35,332,card,0.431,1
TXN-00779,CUST-6774,7604.48,network_error,9,1,96505.21,1,23,239,netbanking,0.105,1
TXN-00780,CUST-6982,34772.75,expired_card,6,4,112679.92,1,82,88,card,0.463,1
TXN-00781,CUST-7121,25535.27,insufficient_balance,15,3,82918.51,1,95,138,upi,0.407,0
TXN-00782,CUST-6743,27763.8,temporary_bank_decline,12,0,12320.6,0,79,204,netbanking,0.199,1
TXN-00783,CUST-6402,46593.69,temporary_bank_decline,10,1,141471.44,4,18,574,upi,0.447,0
TXN-00784,CUST-7981,18534.54,temporary_bank_decline,6,2,186520.27,4,6,43,upi,0.342,0
TXN-00785,CUST-7029,30417.04,temporary_bank_decline,5,1,115455.91,4,117,166,card,0.498,0
TXN-00786,CUST-8771,3857.53,network_error,4,1,172495.18,4,17,207,upi,0.228,0
TXN-00787,CUST-8127,29578.17,insufficient_balance,12,0,12893.55,1,29,498,card,0.144,0
TXN-00788,CUST-1321,43761.38,temporary_bank_decline,7,1,28964.22,0,158,126,upi,0.272,1
TXN-00789,CUST-5785,45040.18,authentication_failure,8,2,96443.14,4,151,128,upi,0.504,0
TXN-00790,CUST-5623,33492.55,insufficient_balance,6,1,115365.94,4,145,269,upi,0.521,0
TXN-00791,CUST-9373,8698.05,authentication_failure,7,0,194409.23,0,163,169,card,0.078,1
TXN-00792,CUST-5685,36311.73,temporary_bank_decline,8,0,117615.18,2,48,179,upi,0.284,1
TXN-00793,CUST-3677,35408.45,expired_card,5,1,94847.34,3,46,173,card,0.324,0
TXN-00794,CUST-5048,45268.0,expired_card,8,1,41998.38,3,29,390,netbanking,0.464,1
TXN-00795,CUST-1837,11540.18,network_error,7,4,139134.54,1,29,65,upi,0.192,1
TXN-00796,CUST-8526,2946.53,authentication_failure,3,4,33464.84,3,160,399,netbanking,0.483,0
TXN-00797,CUST-5426,47101.81,temporary_bank_decline,11,2,24702.43,4,23,153,card,0.526,0
TXN-00798,CUST-4447,5911.55,temporary_bank_decline,7,1,164127.97,4,154,166,netbanking,0.413,0
TXN-00799,CUST-9936,36903.53,temporary_bank_decline,9,4,141020.18,4,23,384,card,0.327,0
TXN-00800,CUST-7878,20181.25,temporary_bank_decline,4,2,108365.07,0,35,253,card,0.182,1
TXN-00801,CUST-4423,7801.55,authentication_failure,2,0,79398.29,0,16,527,upi,0.063,0
TXN-00802,CUST-8734,41112.69,expired_card,13,0,175351.82,1,135,186,card,0.315,0
TXN-00803,CUST-7323,44369.31,temporary_bank_decline,16,0,169066.72,2,118,456,card,0.4,0
TXN-00804,CUST-4717,33436.45,temporary_bank_decline,11,6,169346.43,0,43,454,upi,0.331,1
TXN-00805,CUST-4868,7660.52,network_error,14,1,142513.54,3,109,150,card,0.263,0
TXN-00806,CUST-3542,42644.77,temporary_bank_decline,10,0,196003.75,3,164,285,upi,0.475,0
TXN-00807,CUST-1957,12035.36,insufficient_balance,3,2,67703.49,3,37,89,upi,0.379,0
TXN-00808,CUST-4879,33073.95,insufficient_balance,7,2,146616.25,4,82,584,wallet,0.392,0
TXN-00809,CUST-3925,3509.53,temporary_bank_decline,10,3,36311.78,3,124,555,upi,0.383,1
TXN-00810,CUST-1327,31691.94,network_error,6,1,163973.71,4,76,231,netbanking,0.378,0
TXN-00811,CUST-9342,34492.26,authentication_failure,5,3,97770.83,1,157,573,card,0.428,0
TXN-00812,CUST-4080,34563.0,authentication_failure,2,3,38331.95,4,2,566,card,0.379,0
TXN-00813,CUST-8914,47818.75,network_error,12,1,26033.6,1,111,558,card,0.454,1
TXN-00814,CUST-1500,3236.39,expired_card,7,0,18874.05,3,77,39,netbanking,0.121,0
TXN-00815,CUST-8988,45205.88,expired_card,4,2,49307.42,0,66,14,upi,0.252,0
TXN-00816,CUST-1016,5641.45,authentication_failure,9,0,147687.69,3,164,88,netbanking,0.195,0
TXN-00817,CUST-2552,48007.25,temporary_bank_decline,14,3,125923.66,2,13,67,card,0.496,0
TXN-00818,CUST-8316,5438.38,authentication_failure,10,4,12620.85,0,166,186,upi,0.243,1
TXN-00819,CUST-9067,11350.62,insufficient_balance,6,4,11078.42,2,141,175,upi,0.409,1
TXN-00820,CUST-2308,22316.95,temporary_bank_decline,2,0,42972.39,0,17,190,upi,0.051,1
TXN-00821,CUST-2046,21826.14,temporary_bank_decline,7,1,93483.32,1,59,75,upi,0.204,0
TXN-00822,CUST-8944,22212.97,expired_card,5,1,45847.12,2,50,536,upi,0.244,0
TXN-00823,CUST-9118,5610.71,authentication_failure,11,4,92949.9,1,37,49,upi,0.334,0
TXN-00824,CUST-6725,3438.96,expired_card,11,1,100531.64,1,43,72,upi,0.093,1
TXN-00825,CUST-7880,3734.04,temporary_bank_decline,9,0,91681.05,2,117,472,netbanking,0.164,0
TXN-00826,CUST-7886,25025.67,temporary_bank_decline,10,2,118452.83,2,88,375,upi,0.375,0
TXN-00827,CUST-5814,26331.52,insufficient_balance,9,2,11180.74,2,114,56,upi,0.358,1
TXN-00828,CUST-1382,18420.41,insufficient_balance,5,1,109813.6,3,145,243,upi,0.451,1
TXN-00829,CUST-1035,30307.22,insufficient_balance,13,0,195139.75,1,123,381,upi,0.214,1
TXN-00830,CUST-7154,24160.36,authentication_failure,12,2,157626.83,2,156,264,upi,0.38,0
TXN-00831,CUST-4711,30354.06,temporary_bank_decline,10,3,75927.41,2,119,306,card,0.376,1
TXN-00832,CUST-1612,27615.11,temporary_bank_decline,11,1,77727.01,3,153,365,netbanking,0.439,1
TXN-00833,CUST-7947,7602.15,authentication_failure,10,1,182480.07,2,178,56,card,0.37,0
TXN-00834,CUST-7172,16577.26,temporary_bank_decline,4,1,151711.01,3,129,502,card,0.318,0
TXN-00835,CUST-7999,29420.98,authentication_failure,6,1,140433.8,2,167,58,upi,0.298,1
TXN-00836,CUST-3704,22668.44,expired_card,5,0,89699.45,2,128,204,wallet,0.396,0
TXN-00837,CUST-8747,27237.12,temporary_bank_decline,4,1,129408.32,2,142,34,netbanking,0.379,0
TXN-00838,CUST-1732,44128.23,temporary_bank_decline,8,0,132646.71,0,73,542,card,0.139,1
TXN-00839,CUST-3655,44027.82,authentication_failure,13,3,28653.11,3,160,41,card,0.552,0
TXN-00840,CUST-1170,48322.33,insufficient_balance,5,1,38817.53,3,179,488,card,0.602,0
TXN-00841,CUST-7716,452.34,authentication_failure,10,2,133784.67,3,98,39,netbanking,0.288,1
TXN-00842,CUST-1689,5753.19,authentication_failure,7,3,22048.59,2,151,223,upi,0.359,0
TXN-00843,CUST-4909,1626.57,expired_card,9,2,82710.21,3,38,36,card,0.279,0
TXN-00844,CUST-2944,6656.59,insufficient_balance,11,1,5381.21,2,116,345,wallet,0.244,1
TXN-00845,CUST-3945,12337.19,network_error,8,2,193123.35,0,47,169,netbanking,0.115,0
TXN-00846,CUST-8299,3436.51,network_error,6,2,16407.03,4,110,22,upi,0.333,0
TXN-00847,CUST-8222,29356.41,network_error,6,3,66229.43,3,4,169,wallet,0.311,0
TXN-00848,CUST-9257,30464.53,temporary_bank_decline,9,2,45799.27,3,15,76,card,0.296,0
TXN-00849,CUST-2971,34192.08,temporary_bank_decline,10,2,141310.32,3,92,389,netbanking,0.405,0
TXN-00850,CUST-6310,15368.48,network_error,12,4,64160.53,1,42,35,card,0.293,0
TXN-00851,CUST-3446,29874.13,authentication_failure,10,0,182515.04,1,81,63,upi,0.226,0
TXN-00852,CUST-3327,27557.39,temporary_bank_decline,9,0,135244.25,0,11,341,card,0.101,1
TXN-00853,CUST-8038,3624.78,authentication_failure,8,3,180760.9,1,84,121,upi,0.29,0
TXN-00854,CUST-9218,34246.89,expired_card,5,2,86356.88,2,69,112,upi,0.392,0
TXN-00855,CUST-6782,26772.73,temporary_bank_decline,6,2,83198.27,0,132,432,upi,0.221,1
TXN-00856,CUST-5616,24198.17,insufficient_balance,7,3,190702.0,4,73,92,card,0.389,0
TXN-00857,CUST-3849,15734.56,temporary_bank_decline,7,1,20765.9,4,112,151,upi,0.426,0
TXN-00858,CUST-3024,20511.58,temporary_bank_decline,16,1,168041.27,4,126,422,upi,0.323,0
TXN-00859,CUST-8847,29853.68,expired_card,6,5,6232.59,1,7,318,upi,0.288,0
TXN-00860,CUST-9924,29635.32,authentication_failure,14,2,19157.24,4,81,345,card,0.469,1
TXN-00861,CUST-8333,4590.1,temporary_bank_decline,7,2,148771.45,3,49,260,upi,0.205,1
TXN-00862,CUST-6044,29539.16,temporary_bank_decline,8,2,122451.25,0,110,547,upi,0.337,0
TXN-00863,CUST-4716,35702.71,expired_card,7,1,107398.68,1,162,346,card,0.384,0
TXN-00864,CUST-5010,7025.19,temporary_bank_decline,12,1,44729.64,3,57,76,card,0.236,1
TXN-00865,CUST-1318,24755.17,expired_card,9,2,123827.69,3,121,501,card,0.471,0
TXN-00866,CUST-8486,7097.64,temporary_bank_decline,4,2,25614.67,1,99,356,wallet,0.223,0
TXN-00867,CUST-7780,21753.09,network_error,10,3,71329.5,1,105,454,card,0.372,0
TXN-00868,CUST-1062,47193.77,expired_card,4,0,123923.54,4,47,335,upi,0.396,0
TXN-00869,CUST-6605,2695.33,network_error,8,1,122484.63,1,18,527,card,0.098,0
TXN-00870,CUST-1794,3650.77,temporary_bank_decline,5,2,145148.18,1,56,329,upi,0.221,1
TXN-00871,CUST-8818,28204.35,temporary_bank_decline,7,5,31994.2,4,120,67,netbanking,0.505,0
TXN-00872,CUST-8479,10383.2,expired_card,9,0,5132.05,0,5,518,upi,0.017,1
TXN-00873,CUST-7064,14709.35,insufficient_balance,12,3,61740.58,4,34,251,upi,0.367,1
TXN-00874,CUST-6006,35106.86,temporary_bank_decline,7,2,75292.51,1,165,268,upi,0.418,0
TXN-00875,CUST-1822,10305.71,expired_card,9,2,167282.13,2,36,385,card,0.235,0
TXN-00876,CUST-5578,30107.77,temporary_bank_decline,9,1,93785.09,4,124,296,netbanking,0.366,0
TXN-00877,CUST-8454,43229.85,authentication_failure,8,1,85042.74,0,156,389,upi,0.243,0
TXN-00878,CUST-9257,44501.9,temporary_bank_decline,11,2,143239.1,4,21,403,card,0.389,0
TXN-00879,CUST-4864,18393.9,network_error,9,0,124603.4,2,17,538,upi,0.142,1
TXN-00880,CUST-8671,26334.94,network_error,7,2,111691.31,1,60,506,card,0.237,1
TXN-00881,CUST-7673,15961.81,temporary_bank_decline,13,2,194307.86,4,142,151,card,0.525,1
TXN-00882,CUST-7476,23780.15,network_error,9,0,41428.14,0,169,143,upi,0.188,1
TXN-00883,CUST-6136,45616.81,expired_card,9,0,2269.06,3,83,502,upi,0.442,0
TXN-00884,CUST-7729,15751.17,network_error,4,3,25775.13,4,53,416,upi,0.419,0
TXN-00885,CUST-8847,19897.84,insufficient_balance,6,0,55452.65,4,130,456,upi,0.467,0
TXN-00886,CUST-3539,29634.17,insufficient_balance,11,2,198267.87,2,76,436,upi,0.303,0
TXN-00887,CUST-5337,6942.98,authentication_failure,11,0,56882.98,1,83,423,card,0.221,1
TXN-00888,CUST-2360,42926.58,insufficient_balance,7,2,151841.22,4,137,338,netbanking,0.621,0
TXN-00889,CUST-1650,43876.52,temporary_bank_decline,5,2,147975.64,0,179,140,upi,0.328,1
TXN-00890,CUST-8634,48614.71,network_error,8,0,44548.1,2,168,235,card,0.383,0
TXN-00891,CUST-4473,30398.3,insufficient_balance,7,2,130647.17,3,76,351,upi,0.36,0
TXN-00892,CUST-1846,16034.55,insufficient_balance,9,1,7832.0,3,29,465,upi,0.187,1
TXN-00893,CUST-4027,23725.52,network_error,4,2,123314.49,2,175,446,wallet,0.394,0
TXN-00894,CUST-3520,6735.0,network_error,12,4,121717.83,4,63,479,wallet,0.371,0
TXN-00895,CUST-7501,3924.45,temporary_bank_decline,9,1,99250.12,1,109,157,upi,0.259,0
TXN-00896,CUST-1531,47297.77,temporary_bank_decline,10,0,77489.57,2,130,442,wallet,0.286,1
TXN-00897,CUST-3618,48621.97,expired_card,5,0,122020.45,4,152,459,upi,0.528,0
TXN-00898,CUST-6141,26527.94,network_error,10,1,155878.59,2,114,539,upi,0.32,0
TXN-00899,CUST-5323,41231.07,temporary_bank_decline,11,0,36748.95,1,96,449,upi,0.283,1
TXN-00900,CUST-9796,42699.46,temporary_bank_decline,14,1,132633.65,4,62,590,netbanking,0.468,0
TXN-00901,CUST-1755,45264.94,network_error,12,0,142037.73,3,95,452,wallet,0.392,0
TXN-00902,CUST-1676,16312.66,expired_card,4,2,196995.95,0,62,574,card,0.144,1
TXN-00903,CUST-1893,22062.31,authentication_failure,5,2,41743.22,1,105,507,card,0.225,0
TXN-00904,CUST-8353,14289.81,temporary_bank_decline,11,1,152346.26,1,38,40,card,0.109,1
TXN-00905,CUST-4088,21709.87,temporary_bank_decline,10,3,69179.66,3,136,216,netbanking,0.476,0
TXN-00906,CUST-2394,47644.37,expired_card,8,2,28201.29,4,18,402,upi,0.504,0
TXN-00907,CUST-9010,31749.73,authentication_failure,9,1,101610.35,2,40,404,netbanking,0.256,0
TXN-00908,CUST-2605,38751.69,temporary_bank_decline,7,2,59806.26,1,93,452,card,0.34,1
TXN-00909,CUST-9757,46428.59,authentication_failure,10,1,21005.78,3,60,594,card,0.423,0
TXN-00910,CUST-9507,6738.26,expired_card,8,2,51660.89,4,9,17,upi,0.222,0
TXN-00911,CUST-3677,34682.12,authentication_failure,11,1,142281.07,3,162,25,card,0.49,0
TXN-00912,CUST-9781,18428.83,network_error,3,0,145835.86,0,7,16,upi,0.055,1
TXN-00913,CUST-1269,49436.92,network_error,9,1,121770.85,2,140,449,netbanking,0.443,0
TXN-00914,CUST-6081,11391.64,insufficient_balance,11,0,36547.71,2,89,489,card,0.217,1
TXN-00915,CUST-5451,34529.18,insufficient_balance,6,3,24945.0,4,101,190,upi,0.564,0
TXN-00916,CUST-8420,39957.84,expired_card,7,2,53573.53,0,92,81,netbanking,0.288,1
TXN-00917,CUST-4183,2211.9,network_error,8,0,148518.79,0,19,109,card,0.135,1
TXN-00918,CUST-8907,20173.25,authentication_failure,7,1,96154.91,1,95,399,upi,0.259,1
TXN-00919,CUST-6181,16747.03,insufficient_balance,18,1,87688.34,4,122,417,card,0.515,0
TXN-00920,CUST-2223,49868.4,network_error,4,2,154223.66,1,96,372,upi,0.41,0
TXN-00921,CUST-7511,47849.94,insufficient_balance,11,4,18308.77,3,56,179,card,0.461,0
TXN-00922,CUST-4570,2704.09,temporary_bank_decline,4,0,117851.15,3,72,78,card,0.261,0
TXN-00923,CUST-9483,25374.9,expired_card,7,1,182585.54,2,162,347,card,0.382,0
TXN-00924,CUST-5051,32450.24,insufficient_balance,4,1,138248.05,1,84,380,card,0.282,1
TXN-00925,CUST-8532,45936.1,authentication_failure,6,2,65112.93,4,34,333,card,0.485,0
TXN-00926,CUST-2106,47038.43,authentication_failure,6,3,93757.76,0,156,118,wallet,0.476,0
TXN-00927,CUST-2283,43612.61,network_error,5,2,188025.5,3,169,316,netbanking,0.577,0
TXN-00928,CUST-8051,9976.13,temporary_bank_decline,9,0,101231.84,4,89,276,netbanking,0.328,1
TXN-00929,CUST-7977,5783.09,insufficient_balance,9,2,65142.04,2,84,104,card,0.312,1
TXN-00930,CUST-1892,41325.59,temporary_bank_decline,10,3,167348.3,1,41,48,upi,0.38,0
TXN-00931,CUST-5005,15964.23,insufficient_balance,13,2,21322.62,2,157,201,card,0.298,0
TXN-00932,CUST-8547,16671.76,temporary_bank_decline,9,1,171395.77,1,152,104,wallet,0.25,0
TXN-00933,CUST-3873,32129.43,insufficient_balance,7,3,45328.86,3,64,161,upi,0.465,0
TXN-00934,CUST-5907,49098.57,temporary_bank_decline,9,2,29867.6,0,22,109,upi,0.397,0
TXN-00935,CUST-2836,21813.77,temporary_bank_decline,6,3,142346.98,4,85,286,card,0.445,0
TXN-00936,CUST-2997,48763.92,temporary_bank_decline,8,2,116366.15,4,11,213,netbanking,0.463,0
TXN-00937,CUST-4505,21046.46,insufficient_balance,5,2,128884.12,4,143,441,netbanking,0.505,0
TXN-00938,CUST-6512,39913.73,temporary_bank_decline,8,2,194464.47,3,132,476,netbanking,0.46,0
TXN-00939,CUST-1406,35850.55,authentication_failure,4,0,86023.07,2,19,422,wallet,0.267,0
TXN-00940,CUST-6807,19295.08,authentication_failure,7,2,173649.29,4,132,386,upi,0.509,0
TXN-00941,CUST-2206,31911.44,temporary_bank_decline,12,1,24686.29,4,162,401,card,0.546,0
TXN-00942,CUST-5838,26328.84,temporary_bank_decline,9,1,6665.77,0,169,210,upi,0.232,1
TXN-00943,CUST-1453,44157.06,network_error,12,1,176916.57,3,22,381,card,0.362,0
TXN-00944,CUST-1164,48965.83,temporary_bank_decline,10,0,127123.85,4,21,473,upi,0.455,0
TXN-00945,CUST-4120,30618.77,insufficient_balance,7,0,67908.97,4,115,460,upi,0.32,0
TXN-00946,CUST-3844,39955.99,expired_card,9,2,34257.85,0,118,557,card,0.322,0
TXN-00947,CUST-7422,26636.64,network_error,11,0,107002.87,2,165,274,upi,0.393,1
TXN-00948,CUST-3425,2155.24,network_error,8,1,194317.5,4,98,166,card,0.337,1
TXN-00949,CUST-5254,33788.17,authentication_failure,6,0,149298.81,3,39,202,card,0.401,0
TXN-00950,CUST-7345,28806.49,network_error,3,0,191140.48,0,101,583,card,0.251,0
TXN-00951,CUST-8198,4897.34,temporary_bank_decline,11,1,199421.31,0,109,219,upi,0.158,1
TXN-00952,CUST-4153,30051.8,authentication_failure,15,1,79415.01,1,115,403,card,0.313,1
TXN-00953,CUST-3297,46185.65,temporary_bank_decline,9,4,196296.16,3,138,581,upi,0.594,1
TXN-00954,CUST-7828,2828.17,insufficient_balance,12,0,165509.92,0,98,386,upi,0.11,1
TXN-00955,CUST-2833,3158.27,network_error,7,1,195425.84,4,8,214,card,0.303,0
TXN-00956,CUST-8663,19844.98,insufficient_balance,6,3,172149.93,3,41,327,upi,0.317,0
TXN-00957,CUST-6909,28529.27,insufficient_balance,7,0,85459.41,2,118,428,upi,0.271,0
TXN-00958,CUST-1072,32669.36,network_error,7,1,112953.63,3,166,311,upi,0.386,1
TXN-00959,CUST-8601,5081.96,temporary_bank_decline,14,1,105203.7,4,103,413,netbanking,0.304,1
TXN-00960,CUST-7436,983.88,temporary_bank_decline,9,4,54896.37,3,154,157,netbanking,0.331,0
TXN-00961,CUST-7318,16104.74,expired_card,11,2,150296.17,4,43,78,wallet,0.367,0
TXN-00962,CUST-2294,33499.42,temporary_bank_decline,6,3,36847.27,0,39,577,wallet,0.212,1
TXN-00963,CUST-3449,13107.71,authentication_failure,5,0,120624.47,3,25,360,wallet,0.206,0
TXN-00964,CUST-4989,19794.64,expired_card,7,1,35870.28,4,25,555,card,0.296,0
TXN-00965,CUST-2650,41960.31,temporary_bank_decline,9,1,110863.26,0,20,493,upi,0.2,1
TXN-00966,CUST-2128,17683.53,expired_card,9,2,138620.11,3,159,133,upi,0.399,0
TXN-00967,CUST-3962,26248.43,expired_card,8,2,134171.6,2,68,546,wallet,0.297,1
TXN-00968,CUST-4991,29999.27,insufficient_balance,5,1,44777.11,3,172,235,card,0.506,0
TXN-00969,CUST-5801,23920.0,authentication_failure,1,3,94754.45,2,143,443,upi,0.365,0
TXN-00970,CUST-8979,15190.78,network_error,7,4,56438.03,3,94,185,card,0.413,0
TXN-00971,CUST-9459,7141.68,authentication_failure,10,1,119829.56,4,3,513,upi,0.257,1
TXN-00972,CUST-5862,1480.1,authentication_failure,6,1,103681.75,0,152,403,card,0.168,0
TXN-00973,CUST-1834,22398.28,expired_card,9,3,150256.79,4,126,43,upi,0.494,0
TXN-00974,CUST-8816,48763.14,authentication_failure,8,2,44393.8,0,175,370,card,0.405,0
TXN-00975,CUST-6238,19075.71,temporary_bank_decline,7,0,109889.43,1,164,440,upi,0.336,0
TXN-00976,CUST-7494,6029.41,expired_card,5,3,113783.83,0,155,105,wallet,0.182,0
TXN-00977,CUST-7905,44421.6,expired_card,10,4,192297.61,4,167,360,upi,0.612,0
TXN-00978,CUST-5626,524.13,temporary_bank_decline,12,3,111802.74,0,70,451,netbanking,0.117,1
TXN-00979,CUST-8637,35763.32,temporary_bank_decline,6,1,94217.56,2,124,538,card,0.37,0
TXN-00980,CUST-7504,23362.43,expired_card,6,2,116248.96,1,17,463,card,0.15,0
TXN-00981,CUST-7665,47827.81,insufficient_balance,3,0,66429.96,4,95,229,wallet,0.467,0
TXN-00982,CUST-4329,29657.21,insufficient_balance,7,1,104920.52,0,101,366,wallet,0.301,1
TXN-00983,CUST-7626,16006.79,insufficient_balance,8,2,168148.22,0,30,279,card,0.136,1
TXN-00984,CUST-7965,35782.15,temporary_bank_decline,7,3,107980.54,2,30,288,card,0.302,1
TXN-00985,CUST-7720,10254.73,expired_card,7,0,156066.1,3,128,217,card,0.311,0
TXN-00986,CUST-6906,37139.62,temporary_bank_decline,9,1,24070.77,3,158,231,card,0.483,1
TXN-00987,CUST-8979,22670.27,temporary_bank_decline,9,0,141442.81,4,116,533,upi,0.453,0
TXN-00988,CUST-1272,18368.09,insufficient_balance,6,4,163668.85,1,58,130,wallet,0.285,1
TXN-00989,CUST-4379,46970.13,temporary_bank_decline,4,2,152770.9,3,28,202,upi,0.393,1
TXN-00990,CUST-8506,33191.87,temporary_bank_decline,13,3,151037.54,1,77,376,card,0.35,0
TXN-00991,CUST-7974,37598.47,temporary_bank_decline,10,3,25425.45,4,103,111,upi,0.623,0
TXN-00992,CUST-9282,14320.59,authentication_failure,7,1,182315.43,4,38,277,card,0.399,0
TXN-00993,CUST-2610,17992.49,network_error,7,2,14650.1,1,21,402,upi,0.224,0
TXN-00994,CUST-6634,4889.36,expired_card,8,1,179899.22,3,57,79,card,0.275,0
TXN-00995,CUST-5852,37114.31,temporary_bank_decline,7,0,30158.64,2,70,487,upi,0.268,0
TXN-00996,CUST-6801,33935.79,network_error,9,0,87170.61,2,162,288,card,0.448,1
TXN-00997,CUST-7500,26680.79,temporary_bank_decline,3,3,175818.68,1,33,505,upi,0.264,0
TXN-00998,CUST-4770,30864.97,expired_card,8,0,28128.52,3,96,283,card,0.415,0
TXN-00999,CUST-6974,43335.66,insufficient_balance,10,5,135335.33,4,108,208,upi,0.607,0
TXN-01000,CUST-2568,12794.23,temporary_bank_decline,10,1,59706.44,1,152,159,netbanking,0.21,1
TXN-01001,CUST-5626,37514.79,expired_card,11,2,174152.5,0,31,401,wallet,0.336,0
TXN-01002,CUST-2746,49672.13,temporary_bank_decline,11,0,184838.44,4,92,586,card,0.399,1
TXN-01003,CUST-1602,18870.51,expired_card,11,2,21936.18,4,58,416,upi,0.386,0
TXN-01004,CUST-6552,48463.53,network_error,6,1,4264.88,3,25,550,netbanking,0.427,1
TXN-01005,CUST-5106,43770.61,temporary_bank_decline,6,0,101418.41,4,5,41,card,0.378,0
TXN-01006,CUST-6810,20083.91,network_error,6,0,144151.81,0,5,484,upi,0.046,1
TXN-01007,CUST-9310,10616.3,authentication_failure,11,3,113224.41,2,133,201,upi,0.247,0
TXN-01008,CUST-2851,37741.15,insufficient_balance,12,1,29096.01,0,160,271,upi,0.394,1
TXN-01009,CUST-4448,11079.11,network_error,6,1,102968.82,4,22,335,card,0.336,0
TXN-01010,CUST-1260,14957.25,temporary_bank_decline,6,1,1197.38,1,173,124,upi,0.256,1
TXN-01011,CUST-3995,7971.22,authentication_failure,11,1,170592.69,0,56,110,upi,0.019,0
TXN-01012,CUST-3492,41730.67,insufficient_balance,4,3,183633.81,3,62,392,upi,0.423,0
TXN-01013,CUST-3179,46347.14,network_error,7,2,161192.72,0,60,177,upi,0.261,1
TXN-01014,CUST-6644,8343.61,temporary_bank_decline,8,3,188379.46,0,97,315,upi,0.18,1
TXN-01015,CUST-4812,9096.37,temporary_bank_decline,5,1,20249.86,2,54,83,netbanking,0.193,0
TXN-01016,CUST-6301,5355.72,insufficient_balance,6,0,57612.41,1,53,275,card,0.193,1
TXN-01017,CUST-5977,33461.93,temporary_bank_decline,7,1,120369.88,1,38,455,netbanking,0.245,1
TXN-01018,CUST-7867,5650.28,expired_card,7,0,109837.54,4,97,374,wallet,0.338,0
TXN-01019,CUST-5796,23395.09,temporary_bank_decline,9,0,119758.87,4,119,328,upi,0.304,1
TXN-01020,CUST-9316,24968.72,temporary_bank_decline,8,1,117532.77,3,34,557,netbanking,0.255,0
TXN-01021,CUST-3708,26882.79,temporary_bank_decline,6,1,192404.8,2,29,468,card,0.285,1
TXN-01022,CUST-2364,27025.89,temporary_bank_decline,12,0,159483.6,2,11,193,card,0.25,1
TXN-01023,CUST-9760,42325.9,temporary_bank_decline,8,2,187835.07,4,57,422,upi,0.497,1
TXN-01024,CUST-9572,21795.57,authentication_failure,6,3,29286.52,3,146,493,upi,0.437,0
TXN-01025,CUST-5561,44526.14,temporary_bank_decline,11,2,72326.72,2,159,368,card,0.612,1
TXN-01026,CUST-5661,26731.41,expired_card,6,0,140534.56,0,85,252,card,0.116,1
TXN-01027,CUST-4362,32447.33,insufficient_balance,4,1,53898.29,2,152,214,card,0.403,1
TXN-01028,CUST-1899,19908.38,temporary_bank_decline,10,3,154232.27,1,117,358,upi,0.304,0
TXN-01029,CUST-6428,18462.69,temporary_bank_decline,9,1,96593.25,3,11,465,upi,0.267,0
TXN-01030,CUST-6310,16077.33,network_error,10,2,28557.84,2,46,460,netbanking,0.309,1
TXN-01031,CUST-5306,15781.57,temporary_bank_decline,8,2,14181.66,1,74,57,netbanking,0.13,1
TXN-01032,CUST-4410,31959.73,temporary_bank_decline,10,1,100438.89,1,54,488,wallet,0.281,1
TXN-01033,CUST-2385,11343.86,insufficient_balance,4,1,100212.97,0,178,112,upi,0.198,0
TXN-01034,CUST-8074,20644.35,temporary_bank_decline,11,0,176024.8,2,157,441,upi,0.247,0
TXN-01035,CUST-4998,14951.28,temporary_bank_decline,11,1,128191.91,2,108,55,upi,0.274,0
TXN-01036,CUST-8792,39549.87,insufficient_balance,5,0,66872.05,3,171,294,wallet,0.411,1
TXN-01037,CUST-9938,15378.49,temporary_bank_decline,7,0,178035.91,0,103,553,upi,0.174,0
TXN-01038,CUST-5443,5511.31,expired_card,7,1,104190.94,4,179,284,netbanking,0.375,0
TXN-01039,CUST-6156,3746.96,network_error,6,1,41588.5,0,105,317,netbanking,0.151,1
TXN-01040,CUST-6209,915.64,temporary_bank_decline,2,1,142430.77,0,26,505,netbanking,0.015,0
TXN-01041,CUST-2274,32409.21,network_error,14,1,98118.62,4,157,453,card,0.545,0
TXN-01042,CUST-1715,32952.08,temporary_bank_decline,11,1,168273.74,0,99,401,wallet,0.326,1
TXN-01043,CUST-2063,29923.12,temporary_bank_decline,8,3,53205.93,0,104,215,wallet,0.252,1
TXN-01044,CUST-8317,19374.53,insufficient_balance,6,2,14986.6,2,18,368,wallet,0.286,1
TXN-01045,CUST-1085,25799.13,expired_card,13,1,77098.1,1,177,430,card,0.45,0
TXN-01046,CUST-8044,3545.34,authentication_failure,7,0,35454.22,4,16,22,upi,0.276,0
TXN-01047,CUST-8752,26973.79,expired_card,13,0,196433.03,0,143,408,upi,0.25,0
TXN-01048,CUST-5107,3605.38,insufficient_balance,7,1,74699.23,2,124,219,card,0.281,0
TXN-01049,CUST-2897,22766.07,temporary_bank_decline,11,3,106742.2,1,3,186,netbanking,0.142,1
TXN-01050,CUST-8661,17533.0,insufficient_balance,10,2,92969.78,4,129,23,upi,0.461,0
TXN-01051,CUST-8352,3787.44,expired_card,11,2,39141.21,0,143,145,upi,0.174,0
TXN-01052,CUST-8114,6126.47,network_error,9,2,6859.06,3,177,48,netbanking,0.303,0
TXN-01053,CUST-7051,47762.21,network_error,9,2,150561.63,2,13,399,upi,0.436,0
TXN-01054,CUST-6269,27333.71,insufficient_balance,13,1,44494.99,0,143,521,upi,0.225,1
TXN-01055,CUST-5540,6296.52,temporary_bank_decline,3,0,86512.56,3,47,131,netbanking,0.155,1
TXN-01056,CUST-3423,38340.81,insufficient_balance,15,0,142022.23,4,86,390,card,0.386,1
TXN-01057,CUST-1018,19647.71,authentication_failure,7,0,139028.11,2,28,126,card,0.266,0
TXN-01058,CUST-8636,11858.08,temporary_bank_decline,9,2,154695.85,2,168,493,upi,0.295,0
TXN-01059,CUST-9044,7456.19,expired_card,8,1,161297.81,0,21,259,netbanking,0.112,0
TXN-01060,CUST-1334,18828.36,temporary_bank_decline,9,2,13472.58,2,56,103,upi,0.2,1
TXN-01061,CUST-3516,23545.18,expired_card,7,2,158437.85,3,76,264,upi,0.46,0
TXN-01062,CUST-4669,22249.16,expired_card,12,0,120405.45,2,176,213,card,0.365,1
TXN-01063,CUST-3261,49405.17,temporary_bank_decline,5,2,149300.35,4,175,350,card,0.601,0
TXN-01064,CUST-1875,35652.48,temporary_bank_decline,6,1,163628.06,1,103,537,netbanking,0.307,1
TXN-01065,CUST-2198,12907.74,authentication_failure,3,4,32051.25,4,28,373,wallet,0.298,0
TXN-01066,CUST-9416,31368.82,expired_card,14,3,89258.31,2,154,40,netbanking,0.388,0
TXN-01067,CUST-2532,17938.91,temporary_bank_decline,6,1,182747.64,1,102,382,upi,0.22,1
TXN-01068,CUST-6911,49020.39,temporary_bank_decline,7,2,37467.92,3,152,37,card,0.444,0
TXN-01069,CUST-8714,16408.45,insufficient_balance,6,1,52297.16,3,122,455,wallet,0.253,1
TXN-01070,CUST-8146,14258.7,authentication_failure,10,2,58046.17,0,113,554,upi,0.223,1
TXN-01071,CUST-6669,25926.96,expired_card,3,4,31851.84,4,41,207,netbanking,0.503,0
TXN-01072,CUST-8845,37608.09,authentication_failure,10,1,124638.11,2,176,514,card,0.342,0
TXN-01073,CUST-7594,11028.81,temporary_bank_decline,9,0,156553.91,2,72,95,upi,0.196,1
TXN-01074,CUST-5724,21367.32,expired_card,5,3,60343.09,4,89,318,card,0.508,0
TXN-01075,CUST-2066,11595.89,authentication_failure,10,0,19100.98,3,136,53,upi,0.33,1
TXN-01076,CUST-5463,46660.79,authentication_failure,10,3,141803.33,1,69,543,upi,0.361,1
TXN-01077,CUST-2029,46661.86,temporary_bank_decline,9,1,184086.27,1,50,393,netbanking,0.254,0
TXN-01078,CUST-4299,44387.64,insufficient_balance,5,2,56072.77,2,12,130,upi,0.276,0
TXN-01079,CUST-5268,16976.1,insufficient_balance,7,3,97248.84,2,32,37,card,0.327,0
TXN-01080,CUST-7098,9662.46,temporary_bank_decline,7,1,14842.68,3,168,504,upi,0.271,0
TXN-01081,CUST-5684,20937.18,expired_card,13,1,19744.3,0,4,406,card,0.182,1
TXN-01082,CUST-7996,17619.82,network_error,6,3,12922.52,3,90,560,wallet,0.332,1
TXN-01083,CUST-3691,48956.89,expired_card,4,0,177963.77,4,127,403,card,0.541,0
TXN-01084,CUST-3903,21427.11,authentication_failure,11,0,118347.25,2,38,345,card,0.205,0
TXN-01085,CUST-4403,41467.17,authentication_failure,8,2,68835.0,0,170,430,card,0.358,0
TXN-01086,CUST-4111,5536.19,temporary_bank_decline,10,0,154003.53,2,17,263,card,0.129,0
TXN-01087,CUST-2401,39386.14,temporary_bank_decline,8,1,20152.58,2,53,239,upi,0.368,0
TXN-01088,CUST-2144,40208.2,authentication_failure,6,2,125900.72,3,16,435,upi,0.311,0
TXN-01089,CUST-2613,34807.08,authentication_failure,10,0,129701.77,0,15,326,upi,0.153,1
TXN-01090,CUST-6686,1899.67,expired_card,9,2,20220.86,3,128,580,wallet,0.331,0
TXN-01091,CUST-9312,13707.61,temporary_bank_decline,8,0,119828.45,1,78,28,upi,0.115,0
TXN-01092,CUST-8268,36559.65,expired_card,12,0,152010.74,4,8,590,card,0.391,0
TXN-01093,CUST-4134,48994.55,insufficient_balance,8,1,9333.07,1,29,563,upi,0.427,1
TXN-01094,CUST-6209,27923.19,insufficient_balance,11,3,91253.88,4,94,419,card,0.467,0
TXN-01095,CUST-5268,41690.58,expired_card,16,1,11666.18,0,158,257,netbanking,0.361,0
TXN-01096,CUST-5999,37140.49,temporary_bank_decline,10,3,175412.6,4,118,221,upi,0.519,1
TXN-01097,CUST-6470,1658.21,expired_card,12,0,63490.23,1,72,153,card,0.037,1
TXN-01098,CUST-4165,31668.54,insufficient_balance,17,1,168225.59,0,66,412,card,0.136,1
TXN-01099,CUST-7003,42581.12,network_error,5,1,103144.38,2,69,136,card,0.404,0
TXN-01100,CUST-7710,2233.85,network_error,10,0,182483.17,3,169,480,netbanking,0.344,1
TXN-01101,CUST-1989,17757.59,authentication_failure,4,0,139955.58,1,62,297,upi,0.134,0
TXN-01102,CUST-8438,22417.17,insufficient_balance,8,6,198363.94,4,167,15,upi,0.616,0
TXN-01103,CUST-3545,28037.18,insufficient_balance,10,1,89574.24,4,133,265,netbanking,0.389,0
TXN-01104,CUST-9482,7145.34,expired_card,8,2,1646.34,1,31,483,upi,0.067,0
TXN-01105,CUST-4202,4597.23,expired_card,5,2,70459.08,1,22,369,upi,0.131,0
TXN-01106,CUST-8695,33285.23,network_error,5,0,171488.31,0,128,350,card,0.157,1
TXN-01107,CUST-7327,20181.58,expired_card,6,0,178624.17,0,89,10,card,0.184,0
TXN-01108,CUST-9221,34740.59,authentication_failure,9,1,101206.88,3,167,180,card,0.502,0
TXN-01109,CUST-8418,43585.58,insufficient_balance,3,2,191743.15,2,117,128,upi,0.41,0
TXN-01110,CUST-4191,20665.5,expired_card,10,0,35181.35,4,129,464,card,0.395,0
TXN-01111,CUST-6458,37235.03,temporary_bank_decline,9,2,23193.17,3,101,201,upi,0.417,0
TXN-01112,CUST-5106,48312.59,insufficient_balance,5,3,11768.98,2,141,186,wallet,0.506,0
TXN-01113,CUST-8675,22286.37,insufficient_balance,9,2,90723.97,0,62,16,upi,0.177,0
TXN-01114,CUST-8181,31940.24,network_error,9,0,86479.54,1,28,252,card,0.166,1
TXN-01115,CUST-2343,9820.56,insufficient_balance,16,3,42428.62,4,35,81,wallet,0.41,0
TXN-01116,CUST-8348,1781.64,temporary_bank_decline,5,2,125879.76,0,103,290,card,0.035,1
TXN-01117,CUST-8434,28450.41,expired_card,8,1,120528.3,2,61,557,upi,0.365,1
TXN-01118,CUST-8448,26577.74,temporary_bank_decline,7,2,145448.41,1,72,251,card,0.257,1
TXN-01119,CUST-7880,37687.59,authentication_failure,6,2,145347.67,3,111,396,upi,0.501,0
TXN-01120,CUST-1303,11516.95,insufficient_balance,6,2,44659.95,0,1,269,card,0.163,1
TXN-01121,CUST-7486,18710.94,insufficient_balance,10,1,38530.01,3,152,545,netbanking,0.403,0
TXN-01122,CUST-9203,31283.29,network_error,6,1,108588.01,3,29,406,netbanking,0.37,0
TXN-01123,CUST-1446,33710.54,insufficient_balance,8,1,28932.18,0,15,287,upi,0.156,0
TXN-01124,CUST-3771,15819.33,authentication_failure,8,2,46305.99,1,128,400,upi,0.247,1
TXN-01125,CUST-2586,34061.78,authentication_failure,5,1,37358.07,2,53,361,netbanking,0.331,1
TXN-01126,CUST-1626,37091.12,temporary_bank_decline,8,0,29498.22,2,45,67,upi,0.142,0
TXN-01127,CUST-2462,21726.84,insufficient_balance,9,2,15984.74,0,140,379,card,0.326,1
TXN-01128,CUST-1418,23419.59,expired_card,13,4,7174.66,4,5,255,card,0.331,0
TXN-01129,CUST-4679,34922.21,temporary_bank_decline,12,0,139450.38,3,42,78,wallet,0.418,0
TXN-01130,CUST-5841,16999.56,network_error,12,2,195818.11,2,130,32,upi,0.328,0
TXN-01131,CUST-2268,23681.97,authentication_failure,7,3,111485.41,4,86,255,wallet,0.456,0
TXN-01132,CUST-2690,38046.22,temporary_bank_decline,9,1,172039.16,4,68,97,upi,0.379,0
TXN-01133,CUST-3421,11361.27,temporary_bank_decline,8,0,114402.56,2,11,597,card,0.115,0
TXN-01134,CUST-9925,37291.28,insufficient_balance,4,2,37900.82,0,90,375,card,0.21,0
TXN-01135,CUST-5188,19963.59,network_error,6,2,116912.54,1,163,535,upi,0.379,1
TXN-01136,CUST-2350,23816.92,authentication_failure,8,2,134657.1,2,100,269,card,0.281,0
TXN-01137,CUST-3263,43624.65,insufficient_balance,13,3,46472.92,0,53,261,card,0.349,1
TXN-01138,CUST-5436,26744.77,authentication_failure,6,2,145708.85,2,111,301,netbanking,0.317,0
TXN-01139,CUST-1242,15010.41,insufficient_balance,8,0,30165.84,0,97,303,card,0.053,0
TXN-01140,CUST-1782,15598.63,network_error,8,2,150213.73,2,167,471,card,0.346,1
TXN-01141,CUST-3812,8492.89,expired_card,8,2,137573.92,2,80,595,card,0.265,1
TXN-01142,CUST-7698,8002.26,network_error,6,3,55903.86,3,115,415,upi,0.409,0
TXN-01143,CUST-6586,34329.43,temporary_bank_decline,7,3,173792.61,3,63,20,wallet,0.375,0
TXN-01144,CUST-5891,11790.46,insufficient_balance,7,1,156779.04,4,65,439,upi,0.287,0
TXN-01145,CUST-9935,283.36,expired_card,4,1,94039.43,4,127,46,upi,0.296,0
TXN-01146,CUST-9166,4663.71,network_error,8,3,139407.74,0,33,363,netbanking,0.121,1
TXN-01147,CUST-2766,41160.12,authentication_failure,9,3,139519.25,0,108,331,upi,0.428,0
TXN-01148,CUST-9613,42593.36,temporary_bank_decline,8,2,150843.23,3,113,28,upi,0.462,0
TXN-01149,CUST-9666,44938.28,expired_card,14,3,98054.25,3,172,190,upi,0.546,0
TXN-01150,CUST-2588,49890.82,expired_card,6,0,164385.21,3,2,306,netbanking,0.347,0
TXN-01151,CUST-5893,33268.28,temporary_bank_decline,8,3,29987.05,4,142,335,upi,0.551,1
TXN-01152,CUST-8039,24032.14,authentication_failure,7,1,94351.26,2,131,378,card,0.311,0
TXN-01153,CUST-9083,11204.89,temporary_bank_decline,8,1,196540.93,0,86,52,wallet,0.091,1
TXN-01154,CUST-5410,28732.72,authentication_failure,7,1,144993.33,4,148,384,upi,0.463,1
TXN-01155,CUST-8701,19185.25,expired_card,3,2,48713.72,1,17,463,wallet,0.234,0
TXN-01156,CUST-7813,42209.5,insufficient_balance,9,0,98761.39,3,161,99,upi,0.536,0
TXN-01157,CUST-6378,42079.24,temporary_bank_decline,8,1,19028.29,0,93,322,upi,0.318,1
TXN-01158,CUST-9260,26446.56,network_error,5,1,27912.92,0,68,534,card,0.245,0
TXN-01159,CUST-2403,3713.79,expired_card,15,2,148171.72,3,95,87,upi,0.184,0
TXN-01160,CUST-1241,2918.6,authentication_failure,12,2,71496.21,1,38,481,card,0.201,1
TXN-01161,CUST-3440,3064.99,expired_card,7,0,15729.98,0,55,312,netbanking,0.043,1
TXN-01162,CUST-3134,3304.21,network_error,10,1,118924.69,0,28,355,upi,0.054,0
TXN-01163,CUST-6755,49870.65,insufficient_balance,10,0,38000.94,2,26,131,card,0.362,0
TXN-01164,CUST-5921,12266.79,temporary_bank_decline,13,2,91052.42,0,82,487,upi,0.164,1
TXN-01165,CUST-6882,3938.55,expired_card,10,1,114932.85,0,26,191,wallet,0.044,1
TXN-01166,CUST-8419,24797.0,expired_card,5,1,26346.86,1,13,178,upi,0.262,0
TXN-01167,CUST-5771,38462.1,temporary_bank_decline,9,0,69103.04,2,98,545,wallet,0.333,1
TXN-01168,CUST-4735,21647.45,network_error,8,0,1235.56,0,72,297,upi,0.107,1
TXN-01169,CUST-7139,22035.17,expired_card,4,2,133077.46,1,76,155,card,0.177,1
TXN-01170,CUST-1827,8733.24,temporary_bank_decline,8,1,59701.49,1,140,509,card,0.217,1
TXN-01171,CUST-4278,23502.97,expired_card,13,2,189856.7,1,24,264,upi,0.149,0
TXN-01172,CUST-1831,44182.51,temporary_bank_decline,7,2,23198.2,2,76,353,netbanking,0.439,0
TXN-01173,CUST-1230,4005.01,insufficient_balance,5,2,128868.25,2,115,383,card,0.325,0
TXN-01174,CUST-4284,32222.28,insufficient_balance,4,0,20288.76,0,15,216,card,0.086,0
TXN-01175,CUST-9840,21437.84,temporary_bank_decline,9,1,126332.87,0,45,560,card,0.142,0
TXN-01176,CUST-2547,29878.18,temporary_bank_decline,7,1,104250.73,1,40,457,card,0.195,1
TXN-01177,CUST-7399,18560.98,insufficient_balance,11,2,91988.85,0,14,440,card,0.197,0
TXN-01178,CUST-3373,40853.64,temporary_bank_decline,9,1,119171.19,4,4,92,upi,0.408,1
TXN-01179,CUST-3716,31801.03,network_error,5,3,59991.76,1,19,539,wallet,0.234,1
TXN-01180,CUST-6321,37391.99,expired_card,11,0,135903.68,2,98,573,upi,0.311,0
TXN-01181,CUST-3124,16413.07,authentication_failure,6,2,110389.81,0,69,492,upi,0.148,1
TXN-01182,CUST-1723,16318.17,temporary_bank_decline,12,0,94762.03,4,54,232,netbanking,0.368,1
TXN-01183,CUST-9209,4237.68,expired_card,4,2,195746.86,0,165,548,card,0.15,1
TXN-01184,CUST-2820,8476.83,insufficient_balance,3,2,127929.01,0,17,93,upi,0.092,1
TXN-01185,CUST-2089,23925.57,insufficient_balance,8,2,116272.73,3,33,378,upi,0.348,0
TXN-01186,CUST-8849,33049.17,temporary_bank_decline,4,1,96315.98,0,65,401,upi,0.262,0
TXN-01187,CUST-2419,20095.41,temporary_bank_decline,7,1,145246.75,1,44,178,upi,0.204,0
TXN-01188,CUST-6421,16066.5,network_error,10,3,53101.63,3,164,140,wallet,0.392,1
TXN-01189,CUST-5887,30711.22,expired_card,8,2,196681.0,0,157,227,upi,0.373,1
TXN-01190,CUST-7914,31642.15,temporary_bank_decline,9,1,131700.62,0,35,252,card,0.215,1
TXN-01191,CUST-8876,43560.87,authentication_failure,7,1,32325.43,1,122,299,card,0.3,0
TXN-01192,CUST-5142,24625.36,authentication_failure,6,2,119360.45,4,107,331,card,0.417,0
TXN-01193,CUST-5509,27963.75,network_error,5,1,170579.09,0,62,80,netbanking,0.138,1
TXN-01194,CUST-9862,6330.07,authentication_failure,9,2,144339.77,3,159,158,upi,0.427,0
TXN-01195,CUST-3545,27502.51,network_error,7,3,165198.12,1,166,18,upi,0.342,0
TXN-01196,CUST-9562,44467.98,network_error,13,3,137099.31,1,1,155,card,0.369,0
TXN-01197,CUST-7086,23663.27,temporary_bank_decline,13,0,68104.64,1,112,306,upi,0.29,1
TXN-01198,CUST-3127,37729.96,authentication_failure,9,3,146331.91,1,110,557,upi,0.33,0
TXN-01199,CUST-1458,10117.53,network_error,11,1,130589.59,1,25,369,card,0.177,1
TXN-01200,CUST-7343,42924.39,temporary_bank_decline,8,2,27326.81,4,3,91,card,0.468,1
TXN-01201,CUST-6210,19320.78,temporary_bank_decline,8,2,199902.25,2,83,545,card,0.321,0
TXN-01202,CUST-9095,48362.49,temporary_bank_decline,7,3,79932.52,3,135,365,netbanking,0.516,1
TXN-01203,CUST-9533,23277.15,temporary_bank_decline,11,1,77799.98,1,75,56,netbanking,0.241,1
TXN-01204,CUST-1274,13032.99,authentication_failure,11,1,177608.3,1,170,76,netbanking,0.309,1
TXN-01205,CUST-2667,16011.15,expired_card,11,2,27856.33,4,65,68,card,0.432,0
TXN-01206,CUST-1733,27873.42,temporary_bank_decline,10,0,116354.42,0,27,159,upi,0.107,1
TXN-01207,CUST-6785,34033.26,expired_card,7,1,27783.24,1,87,365,card,0.292,0
TXN-01208,CUST-9493,15094.24,temporary_bank_decline,9,0,141317.34,2,90,82,card,0.238,1
TXN-01209,CUST-7797,3724.53,authentication_failure,6,2,100407.54,1,137,199,netbanking,0.244,1
TXN-01210,CUST-8424,49866.51,temporary_bank_decline,3,1,188016.81,4,111,340,card,0.511,0
TXN-01211,CUST-4193,38886.75,temporary_bank_decline,9,0,90828.37,2,144,29,netbanking,0.403,0
TXN-01212,CUST-5032,866.14,network_error,5,3,8817.13,1,161,183,netbanking,0.326,1
TXN-01213,CUST-7010,49348.79,network_error,10,2,77413.14,0,9,153,card,0.162,0
TXN-01214,CUST-8172,44248.2,network_error,7,3,29653.01,4,141,146,card,0.626,0
TXN-01215,CUST-9708,40319.28,insufficient_balance,6,3,145291.87,0,121,207,card,0.387,0
TXN-01216,CUST-8871,25357.14,network_error,10,4,6006.6,1,97,164,card,0.309,1
TXN-01217,CUST-8315,19477.79,temporary_bank_decline,7,3,7204.99,3,120,127,upi,0.493,0
TXN-01218,CUST-3505,26912.89,authentication_failure,9,2,159004.89,1,155,328,card,0.393,1
TXN-01219,CUST-3416,15211.45,insufficient_balance,14,1,168224.89,0,71,247,card,0.204,1
TXN-01220,CUST-1566,5766.86,temporary_bank_decline,7,2,150692.16,3,101,151,card,0.379,1
TXN-01221,CUST-9354,12440.5,expired_card,6,1,66679.33,1,87,410,card,0.186,0
TXN-01222,CUST-8054,31366.24,temporary_bank_decline,8,2,117907.59,0,119,290,upi,0.285,1
TXN-01223,CUST-3087,17245.68,network_error,9,3,6972.09,0,115,318,upi,0.306,1
TXN-01224,CUST-4518,35864.86,temporary_bank_decline,6,2,52493.53,1,57,382,upi,0.28,0
TXN-01225,CUST-9498,11143.66,temporary_bank_decline,8,6,61647.6,0,112,467,netbanking,0.313,1
TXN-01226,CUST-1542,24157.34,insufficient_balance,13,2,129656.08,0,43,309,upi,0.157,1
TXN-01227,CUST-5497,8030.27,authentication_failure,8,2,166751.76,2,31,197,upi,0.213,0
TXN-01228,CUST-5423,46752.08,insufficient_balance,7,1,41025.89,2,87,206,upi,0.451,0
TXN-01229,CUST-4871,31858.99,insufficient_balance,9,0,28761.07,0,63,368,card,0.189,1
TXN-01230,CUST-4522,7593.58,temporary_bank_decline,14,1,197612.13,2,46,324,netbanking,0.191,1
TXN-01231,CUST-1605,17967.94,expired_card,8,3,9215.1,0,175,187,upi,0.375,0
TXN-01232,CUST-1845,6953.71,authentication_failure,5,3,69756.0,4,6,6,upi,0.331,0
TXN-01233,CUST-3046,11808.34,temporary_bank_decline,12,2,12810.15,1,126,582,upi,0.278,1
TXN-01234,CUST-6825,35093.08,expired_card,6,0,59480.34,4,46,278,card,0.373,0
TXN-01235,CUST-3876,14536.96,network_error,10,0,36124.38,3,122,98,card,0.31,1
TXN-01236,CUST-6958,45745.77,expired_card,5,3,135306.71,4,169,289,netbanking,0.647,0
TXN-01237,CUST-4622,47912.7,insufficient_balance,7,1,155878.04,4,129,306,wallet,0.536,0
TXN-01238,CUST-2069,45027.02,network_error,7,1,76824.22,1,32,50,netbanking,0.368,0
TXN-01239,CUST-5837,48902.77,network_error,3,0,182156.88,3,162,158,netbanking,0.504,1
TXN-01240,CUST-9075,6830.57,expired_card,10,0,104731.98,4,72,425,card,0.317,0
TXN-01241,CUST-1557,1249.39,expired_card,8,1,144117.98,0,89,314,upi,0.138,0
TXN-01242,CUST-6631,40441.52,insufficient_balance,14,3,81448.01,3,49,211,netbanking,0.478,0
TXN-01243,CUST-2767,39981.49,authentication_failure,9,0,90060.52,1,88,542,card,0.273,0
TXN-01244,CUST-4981,22867.13,insufficient_balance,11,4,139800.12,4,158,479,wallet,0.624,0
TXN-01245,CUST-5250,14409.86,temporary_bank_decline,7,1,165146.1,2,49,576,card,0.208,1
TXN-01246,CUST-5570,5112.91,expired_card,10,0,197786.94,3,172,215,wallet,0.322,1
TXN-01247,CUST-2754,34004.61,network_error,4,1,45193.06,0,95,455,upi,0.221,1
TXN-01248,CUST-9050,31548.3,network_error,11,0,34687.59,1,37,173,card,0.188,1
TXN-01249,CUST-4865,16944.06,temporary_bank_decline,7,0,5553.37,0,144,11,netbanking,0.168,0
TXN-01250,CUST-9240,36625.28,expired_card,9,2,6699.51,3,121,461,card,0.415,1
TXN-01251,CUST-7054,11902.65,expired_card,4,3,41666.14,3,161,111,card,0.349,0
TXN-01252,CUST-8865,4604.62,insufficient_balance,8,1,163494.45,1,64,234,netbanking,0.198,0
TXN-01253,CUST-2949,49109.29,authentication_failure,8,2,33246.22,1,90,434,card,0.356,0
TXN-01254,CUST-1973,4879.89,temporary_bank_decline,7,2,126359.45,2,124,253,wallet,0.23,1
TXN-01255,CUST-4845,16910.3,temporary_bank_decline,5,2,58960.95,4,161,443,card,0.411,0
TXN-01256,CUST-4883,32983.14,expired_card,5,1,28211.67,2,143,144,wallet,0.385,0
TXN-01257,CUST-4282,12198.09,insufficient_balance,7,3,139297.36,1,59,212,card,0.31,1
TXN-01258,CUST-7680,36898.04,authentication_failure,8,3,26296.67,0,106,230,netbanking,0.285,1
TXN-01259,CUST-4651,21272.55,network_error,6,3,166841.58,1,169,23,card,0.418,0
TXN-01260,CUST-6420,30024.41,temporary_bank_decline,6,1,62446.38,2,75,21,upi,0.323,1
TXN-01261,CUST-6758,34531.16,temporary_bank_decline,4,2,18310.49,2,137,434,card,0.507,0
TXN-01262,CUST-4733,46365.45,insufficient_balance,11,1,59513.22,3,151,473,card,0.463,0
TXN-01263,CUST-8755,35876.71,expired_card,8,4,189856.88,3,132,360,upi,0.485,0
TXN-01264,CUST-9575,21833.63,temporary_bank_decline,9,1,2227.92,1,99,436,card,0.268,1
TXN-01265,CUST-7363,11786.75,network_error,4,2,66803.38,3,137,175,upi,0.36,0
TXN-01266,CUST-9251,18826.67,network_error,10,2,118900.3,2,134,529,netbanking,0.336,1
TXN-01267,CUST-7486,14716.96,network_error,8,1,151473.65,4,121,442,upi,0.389,1
TXN-01268,CUST-9672,13718.78,network_error,10,0,115222.9,4,98,57,card,0.364,0
TXN-01269,CUST-3456,15881.5,expired_card,5,1,55093.15,2,124,328,upi,0.233,0
TXN-01270,CUST-5319,28827.69,expired_card,11,4,19714.77,1,175,265,card,0.452,0
TXN-01271,CUST-6961,49106.2,network_error,6,2,180015.83,2,72,194,upi,0.407,1
TXN-01272,CUST-1181,19262.03,temporary_bank_decline,6,3,149301.54,2,98,104,upi,0.457,1
TXN-01273,CUST-8447,11137.97,authentication_failure,9,1,116341.25,1,61,513,card,0.175,1
TXN-01274,CUST-6358,47835.03,network_error,9,0,63330.17,3,47,62,upi,0.365,1
TXN-01275,CUST-2350,1315.9,network_error,9,2,25282.32,0,9,343,wallet,0.075,1
TXN-01276,CUST-4875,24329.96,expired_card,6,0,70968.49,1,94,518,card,0.126,1
TXN-01277,CUST-6489,44701.27,temporary_bank_decline,5,1,199487.85,0,77,87,card,0.2,0
TXN-01278,CUST-8316,39608.76,network_error,5,1,56575.41,0,124,277,card,0.305,0
TXN-01279,CUST-5629,20583.73,insufficient_balance,8,2,174257.03,0,64,419,upi,0.257,1
TXN-01280,CUST-2153,28345.08,authentication_failure,10,1,69453.27,4,32,278,wallet,0.417,0
TXN-01281,CUST-9652,46214.09,temporary_bank_decline,7,2,8040.46,0,115,243,upi,0.348,0
TXN-01282,CUST-1370,11906.66,expired_card,10,1,54372.73,4,72,212,upi,0.324,0
TXN-01283,CUST-3938,43834.91,temporary_bank_decline,13,0,182464.21,2,4,128,netbanking,0.181,1
TXN-01284,CUST-8440,27537.69,expired_card,4,1,61317.65,4,177,53,netbanking,0.479,0
TXN-01285,CUST-7272,16691.64,authentication_failure,6,1,167853.51,3,9,10,upi,0.283,0
TXN-01286,CUST-9046,41176.0,network_error,4,1,141285.33,3,47,254,upi,0.467,0
TXN-01287,CUST-8937,40999.89,network_error,6,3,17615.52,4,126,523,upi,0.569,0
TXN-01288,CUST-3934,43357.71,temporary_bank_decline,6,1,116204.34,0,29,17,upi,0.211,1
TXN-01289,CUST-1463,1161.06,temporary_bank_decline,7,1,185222.63,3,99,149,upi,0.262,1
TXN-01290,CUST-6577,1590.55,expired_card,8,0,152033.5,0,140,188,card,0.02,1
TXN-01291,CUST-4553,17419.06,network_error,9,3,194905.57,1,93,515,card,0.303,1
TXN-01292,CUST-4689,37729.97,insufficient_balance,6,3,65621.99,1,140,347,wallet,0.467,1
TXN-01293,CUST-7894,24945.06,temporary_bank_decline,3,3,109001.94,3,133,120,card,0.445,1
TXN-01294,CUST-6947,42386.24,temporary_bank_decline,9,4,121804.92,3,10,143,netbanking,0.474,0
TXN-01295,CUST-8386,37222.46,temporary_bank_decline,5,3,44395.46,1,130,550,upi,0.345,1
TXN-01296,CUST-6839,10575.45,insufficient_balance,14,1,99836.57,1,25,542,netbanking,0.127,0
TXN-01297,CUST-6853,14180.4,temporary_bank_decline,9,1,16076.34,3,71,562,netbanking,0.241,1
TXN-01298,CUST-6650,23672.59,expired_card,8,1,59511.94,2,140,93,card,0.298,0
TXN-01299,CUST-5010,23824.77,insufficient_balance,8,1,59979.06,1,82,31,upi,0.326,0
TXN-01300,CUST-8710,22266.47,authentication_failure,9,2,178033.28,3,86,77,card,0.334,1
TXN-01301,CUST-9126,1738.96,temporary_bank_decline,7,3,146118.67,0,29,385,netbanking,0.099,0
TXN-01302,CUST-7098,38279.48,temporary_bank_decline,7,0,122424.01,4,129,19,upi,0.43,1
TXN-01303,CUST-9963,35458.55,temporary_bank_decline,4,2,58625.82,2,17,384,netbanking,0.332,0
TXN-01304,CUST-2425,28318.38,authentication_failure,5,3,198122.41,2,116,190,wallet,0.38,0
TXN-01305,CUST-3187,25441.78,network_error,12,1,54840.98,3,26,281,upi,0.312,1
TXN-01306,CUST-4208,24012.58,temporary_bank_decline,7,0,119839.46,0,110,335,card,0.203,0
TXN-01307,CUST-8987,43063.38,expired_card,12,1,91674.18,0,56,487,upi,0.246,1
TXN-01308,CUST-8236,26677.65,expired_card,5,1,149021.13,1,53,431,upi,0.206,1
TXN-01309,CUST-7054,11883.87,network_error,6,0,195317.66,4,87,103,upi,0.253,0
TXN-01310,CUST-2879,19281.03,temporary_bank_decline,8,2,52623.34,4,144,367,upi,0.407,0
TXN-01311,CUST-6078,2263.28,authentication_failure,5,1,69438.7,2,117,543,card,0.189,0
TXN-01312,CUST-5402,47117.08,authentication_failure,6,1,95609.78,2,110,398,upi,0.481,0
TXN-01313,CUST-2552,21068.68,network_error,3,2,171831.49,0,30,307,card,0.184,1
TXN-01314,CUST-7644,4102.09,authentication_failure,7,2,193485.95,4,121,143,upi,0.364,0
TXN-01315,CUST-7601,40662.05,expired_card,8,1,77289.01,1,113,141,card,0.279,1
TXN-01316,CUST-5882,47059.87,expired_card,4,2,197694.03,4,175,536,upi,0.593,1
TXN-01317,CUST-4198,48963.21,insufficient_balance,10,1,125626.7,0,26,68,card,0.297,1
TXN-01318,CUST-5535,35931.95,expired_card,12,0,174508.39,4,37,177,wallet,0.413,0
TXN-01319,CUST-4309,2979.11,expired_card,11,0,82325.68,4,40,65,netbanking,0.375,0
TXN-01320,CUST-6630,44969.61,expired_card,3,0,160077.68,3,51,42,upi,0.398,1
TXN-01321,CUST-8253,46081.62,expired_card,8,1,117054.3,1,54,79,upi,0.332,0
TXN-01322,CUST-5755,33321.47,insufficient_balance,7,0,103660.54,4,152,98,wallet,0.404,0
TXN-01323,CUST-8111,41975.55,temporary_bank_decline,7,0,113234.17,4,106,431,upi,0.477,0
TXN-01324,CUST-5364,17349.87,temporary_bank_decline,10,3,163754.22,2,51,447,upi,0.364,1
TXN-01325,CUST-8086,13364.31,network_error,10,0,15894.92,1,155,25,upi,0.157,1
TXN-01326,CUST-7739,11443.19,expired_card,5,1,141178.47,2,174,308,netbanking,0.314,0
TXN-01327,CUST-9043,37172.23,authentication_failure,6,1,83457.53,2,109,194,upi,0.321,0
TXN-01328,CUST-2541,35971.35,expired_card,7,2,82479.79,0,20,524,card,0.215,0
TXN-01329,CUST-3942,22963.73,authentication_failure,5,0,53342.02,0,163,119,upi,0.219,1
TXN-01330,CUST-7740,16182.65,insufficient_balance,5,2,17571.06,4,155,585,upi,0.477,0
TXN-01331,CUST-5702,7257.06,network_error,9,1,56881.7,0,168,18,upi,0.162,0
TXN-01332,CUST-9551,8947.65,temporary_bank_decline,7,2,114656.21,2,174,38,upi,0.342,1
TXN-01333,CUST-5125,47598.38,temporary_bank_decline,6,2,169612.55,0,164,74,card,0.35,1
TXN-01334,CUST-8546,9519.15,temporary_bank_decline,11,2,86806.86,3,150,34,wallet,0.311,0
TXN-01335,CUST-9016,14735.72,temporary_bank_decline,13,1,140946.38,3,127,337,upi,0.295,1
TXN-01336,CUST-5533,20467.16,temporary_bank_decline,9,1,190325.86,0,99,547,netbanking,0.147,1
TXN-01337,CUST-8874,7011.27,authentication_failure,4,5,164340.17,3,99,494,upi,0.399,1
TXN-01338,CUST-8603,49514.27,insufficient_balance,6,0,33086.77,2,68,420,netbanking,0.321,0
TXN-01339,CUST-6704,18569.75,expired_card,11,0,149626.08,4,170,102,wallet,0.423,0
TXN-01340,CUST-5170,45938.11,expired_card,6,0,151066.55,2,152,174,card,0.494,1
TXN-01341,CUST-1516,27840.84,authentication_failure,4,1,150105.03,2,104,564,card,0.306,0
TXN-01342,CUST-2554,47020.43,authentication_failure,6,1,89248.87,4,122,173,card,0.512,0
TXN-01343,CUST-1498,29215.6,expired_card,6,2,47440.95,3,96,179,netbanking,0.422,0
TXN-01344,CUST-5848,47078.75,authentication_failure,8,1,23797.85,4,167,267,upi,0.5,0
TXN-01345,CUST-5325,48375.33,expired_card,9,2,98034.86,4,71,423,card,0.584,0
TXN-01346,CUST-2750,14898.14,insufficient_balance,4,0,66156.57,2,4,27,netbanking,0.198,0
TXN-01347,CUST-3036,12411.02,expired_card,4,0,97020.76,0,157,334,upi,0.28,0
TXN-01348,CUST-4349,33941.56,insufficient_balance,11,1,69436.74,2,16,183,card,0.269,1
TXN-01349,CUST-6219,27052.28,expired_card,4,1,31302.5,3,71,41,upi,0.326,0
TXN-01350,CUST-8809,9140.08,temporary_bank_decline,6,1,16325.65,1,140,363,upi,0.094,0
TXN-01351,CUST-8861,3666.47,insufficient_balance,7,2,53851.45,3,107,518,wallet,0.309,0
TXN-01352,CUST-5543,15700.59,network_error,10,2,45674.48,0,46,497,card,0.159,1
TXN-01353,CUST-6409,23952.63,network_error,1,0,108088.91,3,157,168,netbanking,0.387,1
TXN-01354,CUST-2693,43403.97,temporary_bank_decline,7,0,178223.97,2,142,376,card,0.367,0
TXN-01355,CUST-8539,27789.69,temporary_bank_decline,10,1,43490.32,2,33,112,card,0.338,1
TXN-01356,CUST-4128,6088.12,insufficient_balance,14,5,66656.79,4,171,368,wallet,0.557,0
TXN-01357,CUST-4814,24268.17,temporary_bank_decline,9,1,156353.01,2,104,598,card,0.35,1
TXN-01358,CUST-8543,21987.03,expired_card,5,0,199648.19,2,46,138,netbanking,0.356,0
TXN-01359,CUST-7082,38755.0,authentication_failure,13,1,61312.0,3,43,91,netbanking,0.325,0
TXN-01360,CUST-7003,31780.27,temporary_bank_decline,8,0,100579.72,1,93,289,upi,0.243,0
TXN-01361,CUST-9049,35967.2,insufficient_balance,13,1,93792.89,1,63,21,upi,0.27,1
TXN-01362,CUST-9071,21742.21,expired_card,7,2,3397.93,3,26,436,netbanking,0.4,0
TXN-01363,CUST-3263,24855.82,expired_card,10,1,9392.25,4,6,101,upi,0.284,1
TXN-01364,CUST-3798,11369.49,network_error,7,0,176883.33,3,9,207,card,0.239,0
TXN-01365,CUST-9845,14300.13,temporary_bank_decline,7,3,11237.8,1,22,445,upi,0.156,0
TXN-01366,CUST-7574,10312.29,temporary_bank_decline,9,1,62858.81,3,146,500,card,0.335,0
TXN-01367,CUST-5547,18538.53,temporary_bank_decline,8,2,32589.68,2,93,164,wallet,0.361,0
TXN-01368,CUST-9373,1145.76,authentication_failure,11,4,120022.57,3,34,191,netbanking,0.341,0
TXN-01369,CUST-3413,27523.96,temporary_bank_decline,8,1,163267.01,1,18,175,upi,0.179,1
TXN-01370,CUST-9095,26016.63,network_error,5,2,137779.39,1,91,49,upi,0.311,0
TXN-01371,CUST-3427,33711.6,insufficient_balance,8,1,9209.78,0,131,356,upi,0.299,0
TXN-01372,CUST-3361,17302.99,temporary_bank_decline,7,1,125988.09,2,2,313,upi,0.278,0
TXN-01373,CUST-1099,12383.1,expired_card,9,1,161316.41,1,119,20,upi,0.207,1
TXN-01374,CUST-4069,34713.38,temporary_bank_decline,7,3,131015.93,2,119,284,upi,0.406,1
TXN-01375,CUST-2737,12058.33,temporary_bank_decline,2,0,136252.58,0,70,70,upi,0.171,1
TXN-01376,CUST-2501,13948.26,expired_card,11,2,152665.93,4,21,425,netbanking,0.345,0
TXN-01377,CUST-6825,28639.84,authentication_failure,9,1,36045.13,4,111,265,upi,0.475,0
TXN-01378,CUST-9132,41770.46,authentication_failure,9,1,13009.86,2,78,378,netbanking,0.237,0
TXN-01379,CUST-8734,32484.36,temporary_bank_decline,8,2,108165.5,3,10,162,upi,0.371,1
TXN-01380,CUST-3835,7342.27,authentication_failure,12,2,50451.46,2,82,201,upi,0.296,0
TXN-01381,CUST-2610,42177.81,network_error,4,2,67022.3,1,83,61,card,0.424,1
TXN-01382,CUST-1418,45671.79,authentication_failure,12,2,138261.4,4,17,54,card,0.422,0
TXN-01383,CUST-3876,27765.49,authentication_failure,8,1,192354.27,2,12,116,upi,0.279,0
TXN-01384,CUST-3120,29822.47,insufficient_balance,9,2,109954.42,1,12,73,upi,0.156,1
TXN-01385,CUST-9205,3389.77,expired_card,9,4,167149.21,3,167,125,upi,0.415,0
TXN-01386,CUST-5833,4940.24,insufficient_balance,11,3,173023.78,0,41,592,netbanking,0.304,1
TXN-01387,CUST-6892,49149.27,temporary_bank_decline,5,1,11270.82,2,156,427,upi,0.439,0
TXN-01388,CUST-5159,1884.26,temporary_bank_decline,8,2,145509.15,3,170,526,upi,0.332,0
TXN-01389,CUST-2531,10946.65,expired_card,8,1,122563.76,4,38,186,wallet,0.364,0
TXN-01390,CUST-8376,37211.21,insufficient_balance,3,2,110921.23,0,121,146,card,0.351,0
TXN-01391,CUST-2627,17824.55,temporary_bank_decline,8,1,19456.32,0,24,545,wallet,0.146,0
TXN-01392,CUST-4991,40484.99,expired_card,8,1,147694.28,1,133,430,card,0.378,0
TXN-01393,CUST-5824,12527.77,network_error,11,1,125334.4,4,86,487,netbanking,0.386,0
TXN-01394,CUST-2371,1529.03,temporary_bank_decline,3,3,91534.18,4,70,592,card,0.324,0
TXN-01395,CUST-7236,4912.05,expired_card,6,0,20760.2,2,68,174,upi,0.145,0
TXN-01396,CUST-8071,20981.88,temporary_bank_decline,8,2,184408.55,1,131,306,card,0.352,0
TXN-01397,CUST-6243,1478.38,temporary_bank_decline,9,2,30661.0,3,134,63,card,0.387,0
TXN-01398,CUST-7970,3908.98,expired_card,8,4,190305.48,1,15,290,upi,0.181,0
TXN-01399,CUST-7973,47852.28,temporary_bank_decline,13,2,159988.5,4,66,559,upi,0.559,0
TXN-01400,CUST-8549,14857.33,expired_card,5,1,2861.18,2,42,114,upi,0.229,0
TXN-01401,CUST-6678,45217.98,temporary_bank_decline,8,0,83182.88,4,44,510,card,0.393,0
TXN-01402,CUST-7214,24247.82,temporary_bank_decline,9,5,29299.51,1,100,306,card,0.406,0
TXN-01403,CUST-6925,6650.75,network_error,8,2,82369.48,3,61,62,upi,0.266,1
TXN-01404,CUST-6530,5835.16,temporary_bank_decline,11,1,40069.71,4,119,186,upi,0.319,1
TXN-01405,CUST-1506,2362.82,authentication_failure,4,2,191490.59,3,81,279,card,0.363,0
TXN-01406,CUST-5785,13476.05,expired_card,5,2,171187.51,3,2,589,upi,0.263,0
TXN-01407,CUST-7804,46397.67,authentication_failure,9,2,24259.16,4,9,32,card,0.439,0
TXN-01408,CUST-5208,35212.41,temporary_bank_decline,6,2,117143.3,4,55,583,upi,0.448,0
TXN-01409,CUST-6008,18825.22,temporary_bank_decline,4,1,180230.37,3,121,490,upi,0.364,0
TXN-01410,CUST-7686,23576.37,temporary_bank_decline,9,0,122105.03,1,167,474,card,0.274,1
TXN-01411,CUST-6357,43600.08,temporary_bank_decline,8,4,136341.92,3,106,143,netbanking,0.505,0
TXN-01412,CUST-1499,9883.55,temporary_bank_decline,7,1,166109.32,1,138,69,card,0.25,1
TXN-01413,CUST-2398,18230.01,authentication_failure,15,2,191125.78,0,109,97,upi,0.18,1
TXN-01414,CUST-4089,25107.33,temporary_bank_decline,10,1,142749.47,4,162,114,upi,0.38,1
TXN-01415,CUST-9622,47409.71,network_error,6,2,126021.74,1,135,41,upi,0.361,1
TXN-01416,CUST-8169,37849.34,network_error,10,1,106265.51,1,166,562,upi,0.417,1
TXN-01417,CUST-7422,15137.71,temporary_bank_decline,8,2,144978.76,4,34,249,wallet,0.345,0
TXN-01418,CUST-4905,13826.37,temporary_bank_decline,13,1,16469.19,4,69,253,upi,0.381,0
TXN-01419,CUST-7682,250.6,expired_card,6,2,46834.23,4,116,297,netbanking,0.374,0
TXN-01420,CUST-3293,27511.42,expired_card,6,0,1361.44,2,68,258,wallet,0.364,0
TXN-01421,CUST-9822,6503.78,network_error,10,0,163824.51,3,19,72,upi,0.267,1
TXN-01422,CUST-4544,506.52,insufficient_balance,9,2,191388.3,1,55,125,wallet,0.19,0
TXN-01423,CUST-6875,25764.68,expired_card,5,2,14415.22,2,64,341,netbanking,0.306,1
TXN-01424,CUST-9101,47308.04,authentication_failure,9,5,97540.57,4,131,428,upi,0.628,0
TXN-01425,CUST-4045,29593.05,insufficient_balance,8,0,45650.72,3,72,328,upi,0.335,1
TXN-01426,CUST-6995,32209.14,expired_card,6,4,94645.85,4,175,515,card,0.542,0
TXN-01427,CUST-4114,32896.07,temporary_bank_decline,7,4,83319.49,2,69,244,netbanking,0.428,0
TXN-01428,CUST-8431,45323.02,insufficient_balance,7,2,65370.28,0,41,298,netbanking,0.26,1
TXN-01429,CUST-7767,42336.76,temporary_bank_decline,15,0,97656.49,2,164,101,upi,0.444,0
TXN-01430,CUST-9778,7851.56,temporary_bank_decline,8,1,92219.78,2,62,512,upi,0.235,0
TXN-01431,CUST-3171,5325.57,insufficient_balance,5,1,112509.09,2,39,389,upi,0.154,1
TXN-01432,CUST-7965,47755.07,insufficient_balance,5,1,68290.45,4,135,163,card,0.643,0
TXN-01433,CUST-1760,13537.94,temporary_bank_decline,7,2,106107.58,2,151,485,upi,0.401,0
TXN-01434,CUST-5888,19699.15,temporary_bank_decline,9,1,59821.49,1,172,305,upi,0.301,0
TXN-01435,CUST-2727,21384.14,temporary_bank_decline,9,1,23474.88,0,17,365,upi,0.203,1
TXN-01436,CUST-9587,15040.66,temporary_bank_decline,6,0,141073.94,3,173,495,upi,0.381,1
TXN-01437,CUST-5009,17511.81,insufficient_balance,6,3,114230.01,0,160,473,upi,0.161,0
TXN-01438,CUST-8880,5739.71,network_error,5,1,143258.83,0,95,212,upi,0.18,0
TXN-01439,CUST-3489,27888.74,expired_card,4,4,196390.65,2,119,242,netbanking,0.394,0
TXN-01440,CUST-9134,19065.59,expired_card,8,1,62009.72,4,155,312,card,0.475,0
TXN-01441,CUST-3546,10759.15,temporary_bank_decline,7,2,153557.67,2,175,24,upi,0.316,0
TXN-01442,CUST-1116,17489.06,network_error,6,4,13985.6,1,25,71,upi,0.311,1
TXN-01443,CUST-1306,34593.4,expired_card,12,1,6110.37,4,58,437,upi,0.395,0
TXN-01444,CUST-6382,30123.34,expired_card,14,2,174712.53,2,129,89,card,0.446,1
TXN-01445,CUST-9061,33372.56,insufficient_balance,7,1,81506.33,2,92,138,upi,0.348,0
TXN-01446,CUST-9499,42386.64,temporary_bank_decline,4,1,163407.61,3,101,300,card,0.484,0
TXN-01447,CUST-9694,44588.08,temporary_bank_decline,9,3,171919.44,4,26,274,upi,0.483,0
TXN-01448,CUST-3035,6809.96,temporary_bank_decline,7,3,12435.51,2,169,59,card,0.391,0
TXN-01449,CUST-3094,39016.28,expired_card,6,1,92453.89,0,85,50,netbanking,0.291,1
TXN-01450,CUST-1139,9358.69,expired_card,6,2,3351.65,3,148,240,upi,0.446,0
TXN-01451,CUST-4612,47537.26,authentication_failure,7,3,2213.09,1,149,17,card,0.478,0
TXN-01452,CUST-3920,7044.63,expired_card,8,3,35205.66,2,24,538,card,0.197,0
TXN-01453,CUST-6303,8790.78,authentication_failure,9,2,154312.38,4,6,545,card,0.321,0
TXN-01454,CUST-5769,32561.14,expired_card,7,0,133246.18,0,138,176,upi,0.288,1
TXN-01455,CUST-7294,21384.31,expired_card,5,3,44532.73,3,104,436,card,0.438,0
TXN-01456,CUST-2976,10347.96,insufficient_balance,8,3,14340.85,4,73,226,upi,0.362,0
TXN-01457,CUST-5394,23175.11,insufficient_balance,8,1,126207.11,2,159,585,netbanking,0.302,0
TXN-01458,CUST-2168,6436.25,insufficient_balance,11,2,138710.66,2,71,381,upi,0.3,1
TXN-01459,CUST-7253,2696.97,insufficient_balance,11,0,31595.42,0,105,228,upi,0.004,0
TXN-01460,CUST-9164,22492.59,expired_card,11,0,24834.86,2,60,174,upi,0.312,0
TXN-01461,CUST-3816,28681.15,expired_card,10,1,58189.62,1,75,339,card,0.313,0
TXN-01462,CUST-5067,40222.22,temporary_bank_decline,10,2,134424.19,4,16,434,wallet,0.443,0
TXN-01463,CUST-5564,2038.24,expired_card,11,1,84670.64,3,75,488,upi,0.197,0
TXN-01464,CUST-1710,27492.77,expired_card,7,0,135985.49,1,8,303,upi,0.176,0
TXN-01465,CUST-2393,16062.87,temporary_bank_decline,11,1,131089.58,2,110,420,upi,0.328,1
TXN-01466,CUST-3513,4698.34,network_error,5,1,118648.95,1,2,526,wallet,0.056,1
TXN-01467,CUST-3719,42513.01,authentication_failure,18,3,77161.37,3,8,386,upi,0.397,1
TXN-01468,CUST-2833,31103.66,network_error,10,3,75253.5,1,158,496,upi,0.434,1
TXN-01469,CUST-2675,1555.27,network_error,7,1,104252.7,2,125,576,wallet,0.251,0
TXN-01470,CUST-9263,5711.61,insufficient_balance,11,1,51261.38,4,84,314,card,0.371,1
TXN-01471,CUST-5742,28408.91,insufficient_balance,3,2,35832.17,2,39,147,wallet,0.281,0
TXN-01472,CUST-6794,37490.2,insufficient_balance,7,2,122664.21,4,35,301,card,0.32,0
TXN-01473,CUST-4049,28511.74,expired_card,13,1,194997.37,3,48,42,upi,0.329,1
TXN-01474,CUST-7810,48586.74,temporary_bank_decline,6,0,90889.77,0,69,259,wallet,0.235,1
TXN-01475,CUST-9883,45977.33,network_error,9,1,79812.34,3,70,61,upi,0.443,0
TXN-01476,CUST-4141,18113.06,network_error,10,3,99534.82,4,43,76,wallet,0.376,0
TXN-01477,CUST-4481,17531.42,temporary_bank_decline,7,1,127551.16,2,63,348,upi,0.315,1
TXN-01478,CUST-5223,20552.73,temporary_bank_decline,7,3,108555.6,3,162,85,netbanking,0.473,1
TXN-01479,CUST-3732,18414.31,insufficient_balance,8,0,1679.92,2,14,384,card,0.198,0
TXN-01480,CUST-8637,15574.64,insufficient_balance,7,0,58181.3,4,35,209,card,0.267,0
TXN-01481,CUST-4081,39608.48,insufficient_balance,7,5,130834.51,2,139,436,card,0.578,1
TXN-01482,CUST-2521,45834.3,insufficient_balance,10,0,52725.39,1,175,22,upi,0.352,1
TXN-01483,CUST-5213,44380.07,insufficient_balance,10,0,21239.98,4,69,156,card,0.444,1
TXN-01484,CUST-8032,27353.94,expired_card,7,3,188792.36,1,10,112,upi,0.217,0
TXN-01485,CUST-7574,40797.34,authentication_failure,7,2,121034.31,0,60,372,netbanking,0.328,1
TXN-01486,CUST-9560,40552.31,insufficient_balance,9,0,171080.95,4,27,212,upi,0.31,1
TXN-01487,CUST-1339,13542.58,insufficient_balance,4,0,52368.09,1,129,14,upi,0.172,1
TXN-01488,CUST-7427,11659.14,network_error,5,2,29070.49,0,13,10,card,0.126,1
TXN-01489,CUST-3605,6211.24,temporary_bank_decline,6,2,193744.57,1,106,60,card,0.301,1
TXN-01490,CUST-5071,49417.57,authentication_failure,8,0,49931.54,1,2,36,wallet,0.23,0
TXN-01491,CUST-1765,42330.59,network_error,4,1,183403.28,1,43,287,card,0.261,1
TXN-01492,CUST-8286,16601.03,authentication_failure,4,2,88738.49,2,149,513,card,0.355,0
TXN-01493,CUST-2466,26123.92,authentication_failure,5,2,45184.59,1,50,104,wallet,0.348,0
TXN-01494,CUST-2767,39943.46,network_error,8,0,97101.22,4,115,573,card,0.419,0
TXN-01495,CUST-5722,38274.58,network_error,6,2,125782.83,0,141,307,card,0.349,1
TXN-01496,CUST-9568,44279.47,expired_card,6,2,103408.14,1,60,108,netbanking,0.277,0
TXN-01497,CUST-6147,26111.08,temporary_bank_decline,5,2,120745.87,2,81,486,upi,0.394,0
TXN-01498,CUST-1641,11436.59,temporary_bank_decline,13,3,71759.26,1,85,155,card,0.212,1
TXN-01499,CUST-7889,33467.94,insufficient_balance,6,3,128273.39,3,3,291,upi,0.432,0
TXN-01500,CUST-2544,801.05,temporary_bank_decline,9,2,24585.34,2,72,354,upi,0.228,0
TXN-01501,CUST-5014,7641.01,temporary_bank_decline,13,2,156099.18,0,174,48,wallet,0.26,0
TXN-01502,CUST-2939,41650.81,temporary_bank_decline,9,1,139053.62,4,134,383,wallet,0.494,0
TXN-01503,CUST-3641,29159.18,insufficient_balance,5,1,199958.08,2,5,13,upi,0.184,0
TXN-01504,CUST-2394,2184.89,insufficient_balance,7,0,71171.55,3,31,540,upi,0.154,0
TXN-01505,CUST-5545,14641.51,temporary_bank_decline,5,2,123463.08,1,130,33,upi,0.291,1
TXN-01506,CUST-1389,19053.36,authentication_failure,4,2,40042.11,1,90,532,card,0.188,1
TXN-01507,CUST-9894,33703.24,network_error,6,1,187136.83,0,45,442,upi,0.167,1
TXN-01508,CUST-1818,2217.5,temporary_bank_decline,7,3,161331.01,1,150,327,card,0.241,0
TXN-01509,CUST-8956,24030.16,authentication_failure,3,1,66402.4,1,45,387,card,0.193,1
TXN-01510,CUST-9186,9773.41,insufficient_balance,7,2,4887.53,4,130,488,upi,0.439,0
TXN-01511,CUST-1329,27506.04,authentication_failure,8,5,135869.64,2,136,592,upi,0.464,0
TXN-01512,CUST-1903,28562.04,expired_card,12,1,55809.81,2,157,250,upi,0.35,0
TXN-01513,CUST-9221,14159.9,insufficient_balance,7,1,37177.56,3,19,12,card,0.28,0
TXN-01514,CUST-7195,25875.42,authentication_failure,5,0,18882.71,3,134,437,wallet,0.341,0
TXN-01515,CUST-7343,35499.71,expired_card,16,0,115334.06,1,140,105,card,0.321,0
TXN-01516,CUST-6144,27523.67,temporary_bank_decline,5,1,154825.01,2,106,441,card,0.287,0
TXN-01517,CUST-7118,47598.86,authentication_failure,9,0,134422.31,0,147,166,card,0.286,0
TXN-01518,CUST-7091,39884.23,insufficient_balance,9,3,129683.45,3,101,51,card,0.642,0
TXN-01519,CUST-5538,35272.23,temporary_bank_decline,8,0,141920.83,2,95,168,wallet,0.349,1
TXN-01520,CUST-7590,26150.4,expired_card,6,1,70146.46,3,149,408,card,0.354,0
TXN-01521,CUST-8361,7606.04,insufficient_balance,10,0,189538.57,3,148,431,card,0.282,0
TXN-01522,CUST-7249,19719.96,temporary_bank_decline,8,0,25457.88,3,40,39,upi,0.269,1
TXN-01523,CUST-5944,28701.76,authentication_failure,6,1,150478.32,0,132,253,card,0.195,0
TXN-01524,CUST-4212,29470.88,temporary_bank_decline,10,1,186685.93,4,127,126,card,0.492,1
TXN-01525,CUST-4700,45757.47,authentication_failure,6,4,15711.19,3,141,144,netbanking,0.517,0
TXN-01526,CUST-3900,24782.81,temporary_bank_decline,5,5,5183.79,0,145,236,wallet,0.38,0
TXN-01527,CUST-3100,22279.01,temporary_bank_decline,5,3,33348.93,2,137,117,card,0.343,1
TXN-01528,CUST-4253,6989.77,expired_card,10,1,72113.8,1,12,237,card,0.071,1
TXN-01529,CUST-1010,40548.76,network_error,6,2,98913.24,4,70,269,upi,0.472,0
TXN-01530,CUST-5477,29678.68,expired_card,4,1,50420.62,3,26,185,card,0.405,1
TXN-01531,CUST-1423,20691.01,authentication_failure,7,2,149017.1,0,27,524,card,0.202,1
TXN-01532,CUST-9288,34633.93,insufficient_balance,5,1,68030.33,0,115,114,card,0.246,1
TXN-01533,CUST-6922,11506.57,expired_card,5,0,8567.18,0,135,81,card,0.182,1
TXN-01534,CUST-7911,42308.95,insufficient_balance,8,0,9383.48,2,130,74,netbanking,0.371,0
TXN-01535,CUST-5342,7869.43,insufficient_balance,9,2,47952.76,4,169,561,wallet,0.394,0
TXN-01536,CUST-2687,24769.2,temporary_bank_decline,7,4,28349.39,3,53,22,upi,0.472,0
TXN-01537,CUST-9948,29357.34,authentication_failure,13,1,29251.67,1,34,201,card,0.246,1
TXN-01538,CUST-5605,37417.58,temporary_bank_decline,10,0,39077.59,1,84,432,card,0.345,0
TXN-01539,CUST-9184,5149.63,insufficient_balance,8,2,159502.52,3,173,307,netbanking,0.439,0
TXN-01540,CUST-3225,41266.21,expired_card,12,3,185601.51,4,120,548,netbanking,0.533,0
TXN-01541,CUST-5849,43341.42,network_error,11,5,43927.73,1,44,172,card,0.359,1
TXN-01542,CUST-8889,18433.17,expired_card,7,5,68654.61,4,51,530,upi,0.41,0
TXN-01543,CUST-6715,33636.37,expired_card,13,0,74365.61,3,109,102,netbanking,0.372,0
TXN-01544,CUST-7803,34226.89,expired_card,11,2,36465.47,0,128,297,netbanking,0.277,1
TXN-01545,CUST-6029,9396.78,insufficient_balance,10,0,170177.12,3,132,39,upi,0.283,0
TXN-01546,CUST-7956,38884.98,network_error,11,4,179606.12,1,84,197,upi,0.376,0
TXN-01547,CUST-6629,36902.97,expired_card,6,1,105328.45,4,27,261,upi,0.424,0
TXN-01548,CUST-7068,7993.36,network_error,5,3,118630.26,4,85,346,upi,0.288,1
TXN-01549,CUST-7185,28501.42,temporary_bank_decline,7,1,10040.29,3,116,319,card,0.395,0
TXN-01550,CUST-8923,13691.66,network_error,8,1,53602.5,1,126,529,card,0.277,1
TXN-01551,CUST-9929,34186.22,network_error,4,3,54713.78,3,150,583,wallet,0.548,0
TXN-01552,CUST-7153,30726.24,expired_card,10,0,122800.57,0,138,394,upi,0.222,0
TXN-01553,CUST-8655,9528.29,authentication_failure,10,1,18547.99,4,158,527,wallet,0.43,0
TXN-01554,CUST-2427,17724.37,insufficient_balance,6,0,177626.8,4,6,417,card,0.26,0
TXN-01555,CUST-7688,12204.18,expired_card,9,2,116910.68,1,65,153,upi,0.277,0
TXN-01556,CUST-4015,40564.55,insufficient_balance,8,4,106078.03,3,150,218,netbanking,0.555,0
TXN-01557,CUST-2993,9167.95,authentication_failure,11,2,4727.08,4,71,168,upi,0.343,0
TXN-01558,CUST-2833,6956.5,expired_card,7,2,14711.28,3,98,77,wallet,0.213,0
TXN-01559,CUST-4411,32484.87,authentication_failure,8,2,107837.54,4,149,495,card,0.452,0
TXN-01560,CUST-5658,26577.41,insufficient_balance,7,3,118439.37,2,67,325,upi,0.311,0
TXN-01561,CUST-1901,33640.46,insufficient_balance,7,3,112709.65,3,177,488,card,0.568,0
TXN-01562,CUST-8848,43409.09,temporary_bank_decline,8,3,151946.69,0,98,174,card,0.369,1
TXN-01563,CUST-6287,33499.29,authentication_failure,8,0,61696.84,2,77,426,card,0.348,0
TXN-01564,CUST-9346,48079.51,insufficient_balance,10,0,32940.12,0,98,546,netbanking,0.282,0
TXN-01565,CUST-1706,49621.52,network_error,6,2,55951.24,1,24,465,upi,0.301,0
TXN-01566,CUST-3485,9039.2,temporary_bank_decline,6,2,159744.71,3,104,586,wallet,0.339,1
TXN-01567,CUST-6621,17153.94,temporary_bank_decline,15,1,89360.12,2,37,205,card,0.193,1
TXN-01568,CUST-2680,341.58,temporary_bank_decline,12,1,2455.31,0,7,334,card,0.107,1
TXN-01569,CUST-9628,40776.27,temporary_bank_decline,7,1,174538.68,4,147,249,wallet,0.518,0
TXN-01570,CUST-5420,46412.69,temporary_bank_decline,12,3,189356.65,0,129,280,upi,0.285,1
TXN-01571,CUST-4522,7963.23,temporary_bank_decline,5,0,6977.52,0,7,450,card,0.042,1
TXN-01572,CUST-9214,12370.9,insufficient_balance,11,3,129152.7,0,56,153,card,0.107,0
TXN-01573,CUST-6675,1481.45,insufficient_balance,10,2,3022.41,0,168,280,card,0.179,0
TXN-01574,CUST-8256,33658.51,network_error,8,1,186842.79,3,16,594,card,0.307,1
TXN-01575,CUST-9731,2697.8,temporary_bank_decline,5,1,139156.66,4,155,523,upi,0.37,1
TXN-01576,CUST-1257,35515.96,temporary_bank_decline,9,2,117903.34,2,96,250,upi,0.363,0
TXN-01577,CUST-7537,31041.16,expired_card,9,1,160633.99,2,165,483,upi,0.38,0
TXN-01578,CUST-7847,30144.46,network_error,9,3,15141.27,4,67,12,netbanking,0.551,0
TXN-01579,CUST-1857,2242.86,temporary_bank_decline,9,3,134729.53,0,156,337,upi,0.141,1
TXN-01580,CUST-4718,35303.77,authentication_failure,11,5,35943.58,3,159,507,card,0.671,0
TXN-01581,CUST-9764,44427.94,expired_card,7,1,16429.12,3,134,271,card,0.383,0
TXN-01582,CUST-1750,29498.0,network_error,13,2,181975.82,3,119,211,upi,0.335,1
TXN-01583,CUST-2444,10345.48,expired_card,11,2,118676.79,0,140,543,card,0.184,1
TXN-01584,CUST-9488,47083.69,temporary_bank_decline,6,2,98293.63,2,93,595,wallet,0.438,1
TXN-01585,CUST-2770,36498.76,network_error,5,1,141412.34,4,26,150,card,0.372,0
TXN-01586,CUST-9652,15410.81,temporary_bank_decline,6,0,185412.39,0,44,111,wallet,0.099,1
TXN-01587,CUST-9923,47254.73,insufficient_balance,6,0,149815.73,2,152,577,upi,0.464,1
TXN-01588,CUST-8831,24500.5,expired_card,5,1,33365.42,1,138,442,upi,0.286,0
TXN-01589,CUST-2257,16812.1,temporary_bank_decline,8,3,60882.93,2,83,444,netbanking,0.225,0
TXN-01590,CUST-6310,20165.5,expired_card,5,4,62443.9,2,129,378,netbanking,0.396,0
TXN-01591,CUST-3484,22096.76,insufficient_balance,10,0,109720.32,2,48,76,card,0.219,1
TXN-01592,CUST-7070,17167.79,temporary_bank_decline,10,2,174252.55,0,87,30,card,0.173,1
TXN-01593,CUST-3959,41214.07,insufficient_balance,10,3,142549.33,0,11,170,upi,0.275,0
TXN-01594,CUST-2700,6525.89,insufficient_balance,5,3,98317.42,1,139,340,card,0.261,0
TXN-01595,CUST-5482,6029.62,expired_card,6,0,24179.91,0,68,296,card,0.067,0
TXN-01596,CUST-7982,42836.32,temporary_bank_decline,14,0,52201.53,3,106,369,upi,0.41,1
TXN-01597,CUST-5201,14809.82,temporary_bank_decline,5,2,62099.93,0,122,190,card,0.251,1
TXN-01598,CUST-5194,48685.34,insufficient_balance,8,2,181548.34,4,136,109,card,0.55,0
TXN-01599,CUST-9007,2231.48,expired_card,7,1,172685.27,3,24,432,netbanking,0.262,0
TXN-01600,CUST-2193,41167.36,temporary_bank_decline,5,0,47700.73,1,168,455,card,0.281,0
TXN-01601,CUST-5333,11618.89,expired_card,9,0,145467.42,1,68,366,card,0.141,0
TXN-01602,CUST-9845,6069.92,authentication_failure,8,4,195580.67,2,178,269,card,0.427,0
TXN-01603,CUST-4672,40568.21,expired_card,15,0,145619.0,0,43,270,wallet,0.205,0
TXN-01604,CUST-5874,16756.09,insufficient_balance,9,2,194051.32,2,68,506,upi,0.268,1
TXN-01605,CUST-5914,35177.78,authentication_failure,9,1,183929.59,4,135,248,netbanking,0.563,0
TXN-01606,CUST-4078,36535.42,temporary_bank_decline,11,1,111633.09,2,112,56,upi,0.419,1
TXN-01607,CUST-5561,25017.63,authentication_failure,5,1,3503.91,2,152,340,card,0.346,0
TXN-01608,CUST-8218,15636.25,expired_card,12,0,146351.97,4,126,184,card,0.341,1
TXN-01609,CUST-4163,9742.4,expired_card,8,1,86039.42,1,120,249,upi,0.26,0
TXN-01610,CUST-4185,13530.51,insufficient_balance,6,1,52892.86,3,106,341,card,0.328,0
TXN-01611,CUST-1153,32225.38,temporary_bank_decline,11,4,24812.69,2,169,309,upi,0.467,0
TXN-01612,CUST-5058,15586.84,network_error,9,1,114764.04,3,34,436,netbanking,0.285,1
TXN-01613,CUST-5501,35761.66,network_error,6,2,28140.05,1,79,521,card,0.353,0
TXN-01614,CUST-6053,19014.15,authentication_failure,16,0,143828.61,4,109,254,netbanking,0.383,0
TXN-01615,CUST-8600,49748.81,temporary_bank_decline,7,2,138427.35,3,47,210,upi,0.44,1
TXN-01616,CUST-3743,33562.25,authentication_failure,10,3,130119.16,0,5,331,card,0.268,0
TXN-01617,CUST-3186,19571.11,expired_card,9,1,53015.12,4,170,294,card,0.535,0
TXN-01618,CUST-1504,29628.81,insufficient_balance,3,0,100961.27,2,96,499,upi,0.268,0
TXN-01619,CUST-5779,20593.45,network_error,7,0,85449.79,3,141,408,upi,0.346,1
TXN-01620,CUST-2249,9813.95,insufficient_balance,6,1,101742.2,4,147,154,upi,0.387,0
TXN-01621,CUST-1787,28008.9,insufficient_balance,6,2,90728.42,1,62,199,card,0.271,1
TXN-01622,CUST-1185,17899.45,network_error,5,3,175005.74,1,154,390,card,0.278,1
TXN-01623,CUST-1383,45838.39,authentication_failure,10,2,157380.15,4,18,208,netbanking,0.398,0
TXN-01624,CUST-6614,14813.23,network_error,10,3,49716.2,2,118,358,card,0.26,1
TXN-01625,CUST-5629,3507.3,insufficient_balance,8,2,188161.29,4,65,576,netbanking,0.321,0
TXN-01626,CUST-9052,12519.24,temporary_bank_decline,6,0,74187.45,0,87,329,upi,0.131,1
TXN-01627,CUST-8905,15347.9,temporary_bank_decline,9,1,58953.55,4,15,5,card,0.333,0
TXN-01628,CUST-3689,49458.75,authentication_failure,8,1,105969.48,1,135,251,upi,0.423,0
TXN-01629,CUST-7914,24256.91,authentication_failure,11,2,190010.62,4,119,413,card,0.491,0
TXN-01630,CUST-8429,6255.27,insufficient_balance,6,2,177386.23,2,61,172,upi,0.189,1
TXN-01631,CUST-2515,21822.82,temporary_bank_decline,11,0,23539.15,3,107,469,upi,0.34,0
TXN-01632,CUST-1135,1800.08,authentication_failure,4,1,72904.13,3,22,594,upi,0.236,1
TXN-01633,CUST-9876,11775.02,expired_card,6,1,135387.01,4,27,217,upi,0.313,0
TXN-01634,CUST-2924,9319.49,network_error,5,1,23854.19,2,22,106,card,0.21,1
TXN-01635,CUST-5693,18468.06,network_error,11,1,54130.75,1,17,216,netbanking,0.167,1
TXN-01636,CUST-7322,39830.22,network_error,4,2,184153.55,3,122,237,wallet,0.453,0
TXN-01637,CUST-9352,14452.16,temporary_bank_decline,7,2,168604.31,3,50,230,wallet,0.304,1
TXN-01638,CUST-5365,33933.41,temporary_bank_decline,9,0,84697.16,0,118,141,card,0.195,1
TXN-01639,CUST-9491,21419.41,network_error,2,0,140099.82,2,77,129,upi,0.262,1
TXN-01640,CUST-2417,27644.81,temporary_bank_decline,6,0,40700.74,2,168,590,upi,0.323,0
TXN-01641,CUST-8176,3910.22,authentication_failure,13,1,6458.39,4,135,579,wallet,0.321,0
TXN-01642,CUST-8997,47052.49,temporary_bank_decline,8,3,26668.7,2,106,74,upi,0.501,1
TXN-01643,CUST-7580,23321.08,network_error,8,0,103670.8,0,85,582,upi,0.186,1
TXN-01644,CUST-7683,44190.86,authentication_failure,4,4,31251.14,2,59,233,card,0.458,0
TXN-01645,CUST-1259,15651.92,network_error,5,1,17778.21,3,5,536,wallet,0.385,0
TXN-01646,CUST-4116,16086.28,insufficient_balance,4,1,19808.61,3,169,292,card,0.501,0
TXN-01647,CUST-7436,8813.01,authentication_failure,7,1,71237.26,0,11,220,upi,0.045,0
TXN-01648,CUST-3156,1891.07,temporary_bank_decline,10,2,176041.63,0,4,580,card,0.066,1
TXN-01649,CUST-9182,29443.36,authentication_failure,11,1,48329.87,0,128,110,upi,0.33,1
TXN-01650,CUST-5864,43846.05,expired_card,5,2,78926.17,4,5,374,netbanking,0.427,0
TXN-01651,CUST-2378,12445.77,expired_card,6,2,178460.12,1,153,305,upi,0.368,1
TXN-01652,CUST-6730,8933.97,authentication_failure,3,3,111563.89,4,23,476,card,0.29,0
TXN-01653,CUST-6569,38040.83,expired_card,7,3,26538.08,3,99,338,card,0.443,0
TXN-01654,CUST-8708,24998.75,authentication_failure,7,2,125738.54,2,11,119,netbanking,0.156,0
TXN-01655,CUST-9471,2851.72,authentication_failure,10,2,120857.24,2,160,191,netbanking,0.355,0
TXN-01656,CUST-6701,18920.98,authentication_failure,6,0,47154.83,3,130,82,card,0.386,0
TXN-01657,CUST-7500,5246.99,insufficient_balance,10,2,48811.34,2,113,69,card,0.255,0
TXN-01658,CUST-5372,1303.79,authentication_failure,11,2,147452.03,3,178,33,upi,0.397,0
TXN-01659,CUST-8366,12330.98,authentication_failure,14,0,156127.55,2,60,136,card,0.195,0
TXN-01660,CUST-2605,29756.66,temporary_bank_decline,14,1,51091.61,3,116,595,upi,0.331,1
TXN-01661,CUST-4444,48763.91,temporary_bank_decline,5,3,63432.22,1,55,309,card,0.424,1
TXN-01662,CUST-6133,48745.05,insufficient_balance,9,1,147803.85,1,85,597,card,0.317,0
TXN-01663,CUST-3224,41090.58,temporary_bank_decline,8,0,111468.01,0,70,289,card,0.184,1
TXN-01664,CUST-6877,2226.65,network_error,10,4,69984.46,2,71,251,card,0.303,0
TXN-01665,CUST-9785,1020.99,temporary_bank_decline,3,1,8535.26,0,1,193,card,0.138,1
TXN-01666,CUST-1675,20098.15,authentication_failure,5,1,41255.87,1,175,557,card,0.227,0
TXN-01667,CUST-9955,29693.99,expired_card,11,1,90185.0,2,43,486,card,0.285,0
TXN-01668,CUST-9659,28065.41,expired_card,7,2,40220.04,1,103,440,wallet,0.312,0
TXN-01669,CUST-1209,23402.51,insufficient_balance,15,1,130843.76,2,69,340,card,0.231,1
TXN-01670,CUST-5409,30814.73,insufficient_balance,8,5,112317.05,4,65,205,netbanking,0.356,0
TXN-01671,CUST-2785,35644.47,authentication_failure,7,3,152518.42,0,81,166,upi,0.304,1
TXN-01672,CUST-1802,8958.65,network_error,5,2,120960.01,0,51,521,card,0.085,0
TXN-01673,CUST-9941,843.39,temporary_bank_decline,10,2,197321.02,3,170,299,card,0.354,0
TXN-01674,CUST-4409,40651.46,temporary_bank_decline,11,2,121364.5,0,21,169,netbanking,0.155,1
TXN-01675,CUST-6257,25822.3,temporary_bank_decline,8,2,80855.02,3,35,308,card,0.3,0
TXN-01676,CUST-5602,12952.72,authentication_failure,6,1,176491.31,3,119,158,upi,0.34,0
TXN-01677,CUST-4938,33363.19,temporary_bank_decline,9,0,105658.44,0,94,456,netbanking,0.159,0
TXN-01678,CUST-7255,31604.92,expired_card,8,3,192233.87,2,167,547,wallet,0.431,0
TXN-01679,CUST-1368,451.2,temporary_bank_decline,6,1,135716.27,1,136,169,netbanking,0.103,1
TXN-01680,CUST-5850,29865.11,insufficient_balance,5,1,5683.21,0,145,321,netbanking,0.275,1
TXN-01681,CUST-3174,29157.22,authentication_failure,8,1,8623.8,3,35,508,card,0.321,1
TXN-01682,CUST-8518,34741.5,insufficient_balance,5,1,88707.37,4,56,544,card,0.424,0
TXN-01683,CUST-2684,47766.23,temporary_bank_decline,10,0,79100.49,4,76,597,card,0.492,0
TXN-01684,CUST-4241,2061.15,temporary_bank_decline,11,1,181605.56,4,100,259,upi,0.299,0
TXN-01685,CUST-7591,10006.36,insufficient_balance,8,4,47265.1,3,93,369,upi,0.303,1
TXN-01686,CUST-3230,22358.63,network_error,10,2,173858.13,3,129,376,upi,0.304,0
TXN-01687,CUST-8005,32841.07,network_error,4,2,56950.82,0,65,445,upi,0.244,1
TXN-01688,CUST-4566,39418.65,insufficient_balance,5,2,45638.78,2,150,240,upi,0.441,0
TXN-01689,CUST-7024,2625.83,network_error,8,1,108664.78,3,31,98,upi,0.22,0
TXN-01690,CUST-8915,8901.96,expired_card,9,2,67246.99,4,127,173,upi,0.33,0
TXN-01691,CUST-5350,3055.99,insufficient_balance,10,0,87344.76,2,1,130,netbanking,0.148,0
TXN-01692,CUST-9388,7551.15,authentication_failure,11,0,65331.59,1,73,204,card,0.193,1
TXN-01693,CUST-8937,11751.63,expired_card,8,3,8222.64,1,173,13,upi,0.322,0
TXN-01694,CUST-8573,23087.76,insufficient_balance,8,3,164354.96,2,55,377,upi,0.333,0
TXN-01695,CUST-2954,24308.67,authentication_failure,6,0,186340.89,2,102,333,netbanking,0.311,1
TXN-01696,CUST-1584,49235.5,temporary_bank_decline,6,0,177216.58,0,166,495,upi,0.334,1
TXN-01697,CUST-1455,30419.76,expired_card,14,1,135022.6,0,138,496,card,0.348,1
TXN-01698,CUST-6722,45396.23,temporary_bank_decline,6,0,150775.27,1,86,314,card,0.329,1
TXN-01699,CUST-3299,46648.5,temporary_bank_decline,5,2,155205.86,1,162,34,upi,0.461,0
TXN-01700,CUST-7518,36459.8,temporary_bank_decline,3,2,79370.41,2,14,406,netbanking,0.407,0
TXN-01701,CUST-1585,27952.69,network_error,8,4,182794.89,4,89,279,card,0.531,1
TXN-01702,CUST-5016,24806.51,expired_card,7,1,103169.85,4,86,566,card,0.4,0
TXN-01703,CUST-5289,42655.83,expired_card,9,3,32791.23,4,14,439,card,0.542,0
TXN-01704,CUST-3702,49226.21,temporary_bank_decline,2,0,116259.03,4,89,364,card,0.498,1
TXN-01705,CUST-7642,10715.28,expired_card,7,1,186896.48,1,1,328,netbanking,0.128,0
TXN-01706,CUST-4965,45695.22,temporary_bank_decline,7,3,27460.24,1,62,182,netbanking,0.306,1
TXN-01707,CUST-3663,43581.46,insufficient_balance,9,1,86712.04,1,134,257,netbanking,0.414,0
TXN-01708,CUST-9417,6648.89,expired_card,4,1,103601.65,1,65,271,upi,0.086,1
TXN-01709,CUST-7172,35282.88,insufficient_balance,12,2,109127.86,2,97,21,card,0.39,0
TXN-01710,CUST-5923,24859.73,temporary_bank_decline,8,2,149322.8,0,89,428,wallet,0.24,1
TXN-01711,CUST-6700,49041.5,temporary_bank_decline,7,0,36931.5,3,118,298,card,0.477,0
TXN-01712,CUST-1069,659.06,authentication_failure,6,1,151507.06,2,128,116,card,0.283,1
TXN-01713,CUST-9081,36437.97,authentication_failure,7,2,9703.8,1,124,24,upi,0.36,1
TXN-01714,CUST-6804,2762.01,expired_card,9,2,101171.85,3,54,478,upi,0.338,1
TXN-01715,CUST-3296,27240.99,temporary_bank_decline,12,0,46772.46,4,18,247,card,0.319,0
TXN-01716,CUST-5047,35273.81,insufficient_balance,13,1,55986.94,0,59,35,netbanking,0.175,1
TXN-01717,CUST-7254,24558.2,temporary_bank_decline,7,1,136245.91,4,150,29,card,0.468,0
TXN-01718,CUST-2735,2679.56,temporary_bank_decline,9,1,107566.38,3,125,160,netbanking,0.325,0
TXN-01719,CUST-5866,31085.1,temporary_bank_decline,4,1,183346.45,0,71,599,wallet,0.053,0
TXN-01720,CUST-5506,38984.12,expired_card,6,1,31782.34,1,93,184,netbanking,0.388,0
TXN-01721,CUST-3729,41904.39,temporary_bank_decline,7,0,112472.93,0,154,53,upi,0.284,1
TXN-01722,CUST-9164,36918.64,insufficient_balance,3,2,161353.9,1,52,493,upi,0.331,0
TXN-01723,CUST-1230,36602.75,insufficient_balance,9,2,191983.07,4,70,123,upi,0.372,1
TXN-01724,CUST-9157,41557.34,temporary_bank_decline,7,1,31933.44,1,22,586,netbanking,0.301,0
TXN-01725,CUST-8650,44621.24,temporary_bank_decline,13,1,66289.82,0,57,496,card,0.127,1
TXN-01726,CUST-4277,20661.75,expired_card,8,4,71997.97,4,125,338,card,0.513,0
TXN-01727,CUST-1605,21622.21,network_error,6,2,83129.12,3,97,577,upi,0.33,0
TXN-01728,CUST-4649,48546.25,insufficient_balance,10,0,168401.16,0,77,252,card,0.268,1
TXN-01729,CUST-9329,35396.05,insufficient_balance,9,1,87414.44,0,81,117,card,0.183,1
TXN-01730,CUST-8802,14820.38,authentication_failure,10,1,74012.97,0,148,391,wallet,0.121,0
TXN-01731,CUST-1589,42937.75,insufficient_balance,5,2,126379.65,1,163,349,upi,0.415,0
TXN-01732,CUST-2841,19393.73,network_error,9,2,8240.83,0,124,161,upi,0.252,1
TXN-01733,CUST-3230,15555.33,insufficient_balance,8,1,166486.03,2,52,88,card,0.253,1
TXN-01734,CUST-8280,26812.54,network_error,10,3,101568.17,1,174,548,upi,0.424,1
TXN-01735,CUST-5664,34716.83,temporary_bank_decline,5,1,35402.22,2,170,90,card,0.454,0
TXN-01736,CUST-2015,25688.13,network_error,8,1,141845.89,4,150,360,upi,0.468,0
TXN-01737,CUST-9957,47678.61,insufficient_balance,11,3,2392.24,3,6,286,card,0.368,0
TXN-01738,CUST-3481,49930.28,insufficient_balance,6,2,45788.29,2,157,466,wallet,0.456,1
TXN-01739,CUST-3852,24248.88,network_error,7,2,126868.78,4,133,541,wallet,0.512,0
TXN-01740,CUST-5478,46626.69,temporary_bank_decline,6,1,184881.86,2,35,270,netbanking,0.338,0
TXN-01741,CUST-1637,9788.77,temporary_bank_decline,13,4,23289.83,4,114,512,card,0.413,0
TXN-01742,CUST-8993,31118.31,insufficient_balance,8,3,47549.33,2,110,466,upi,0.424,0
TXN-01743,CUST-8508,10334.7,insufficient_balance,8,4,116725.78,0,88,541,wallet,0.261,1
TXN-01744,CUST-8517,23215.49,temporary_bank_decline,6,3,41801.29,1,47,100,card,0.218,1
TXN-01745,CUST-8772,23555.57,expired_card,4,0,103210.27,3,2,555,card,0.246,1
TXN-01746,CUST-7094,3688.81,temporary_bank_decline,12,1,87090.46,4,45,529,card,0.327,0
TXN-01747,CUST-5133,16855.31,authentication_failure,7,1,88516.78,1,110,320,card,0.21,1
TXN-01748,CUST-2302,28102.11,temporary_bank_decline,7,1,114784.99,4,177,254,card,0.543,0
TXN-01749,CUST-6704,12123.36,insufficient_balance,9,0,188661.23,2,110,517,netbanking,0.301,1
TXN-01750,CUST-9075,1881.64,temporary_bank_decline,7,1,112569.24,0,77,100,netbanking,0.16,0
TXN-01751,CUST-2278,36990.97,network_error,7,0,124156.23,1,4,265,card,0.148,1
TXN-01752,CUST-7485,9513.1,expired_card,9,1,78525.88,3,23,523,card,0.154,0
TXN-01753,CUST-5006,31609.54,expired_card,13,2,128611.59,1,123,478,card,0.411,1
TXN-01754,CUST-5837,38436.93,authentication_failure,7,3,18902.08,0,57,147,netbanking,0.279,0
TXN-01755,CUST-6370,32683.73,temporary_bank_decline,11,2,111890.43,4,8,213,card,0.447,0
TXN-01756,CUST-8402,45399.77,authentication_failure,11,0,77806.42,0,102,375,upi,0.237,0
TXN-01757,CUST-7707,19978.93,network_error,8,0,44916.0,4,119,453,upi,0.433,1
TXN-01758,CUST-7158,22547.02,temporary_bank_decline,10,1,53535.75,3,1,223,card,0.21,0
TXN-01759,CUST-9339,10433.79,authentication_failure,4,1,67755.69,3,34,336,wallet,0.242,0
TXN-01760,CUST-1194,27824.38,temporary_bank_decline,6,2,143734.62,0,34,148,wallet,0.201,1
TXN-01761,CUST-2025,27312.99,temporary_bank_decline,10,0,150895.56,1,23,300,netbanking,0.198,1
TXN-01762,CUST-2124,27875.88,insufficient_balance,7,2,1257.88,0,146,340,upi,0.352,0
TXN-01763,CUST-3843,14469.9,temporary_bank_decline,7,3,166152.72,1,73,118,netbanking,0.185,1
TXN-01764,CUST-7442,48074.16,temporary_bank_decline,10,1,65566.38,1,129,149,wallet,0.334,1
TXN-01765,CUST-6363,13480.44,temporary_bank_decline,7,0,170622.61,0,95,461,wallet,0.105,0
TXN-01766,CUST-2096,5188.85,insufficient_balance,13,1,107976.0,1,172,456,upi,0.177,1
TXN-01767,CUST-1174,39089.06,insufficient_balance,5,2,96586.15,4,123,268,card,0.45,0
TXN-01768,CUST-6751,38065.12,insufficient_balance,8,1,178105.61,2,130,553,upi,0.386,0
TXN-01769,CUST-1664,2683.65,network_error,6,2,116036.48,4,133,349,card,0.382,0
TXN-01770,CUST-6739,34748.55,insufficient_balance,7,0,98643.27,1,21,355,card,0.201,1
TXN-01771,CUST-2020,39125.97,network_error,7,0,99790.18,0,16,287,netbanking,0.132,1
TXN-01772,CUST-2487,3886.61,expired_card,8,2,70001.17,1,32,274,card,0.182,0
TXN-01773,CUST-5734,22530.35,network_error,3,2,169703.08,4,54,556,card,0.349,0
TXN-01774,CUST-4338,32529.58,authentication_failure,9,3,36132.13,1,150,192,wallet,0.376,0
TXN-01775,CUST-5785,42829.68,insufficient_balance,8,1,191561.53,4,18,530,upi,0.408,1
TXN-01776,CUST-9950,4735.82,temporary_bank_decline,4,2,198724.41,2,52,323,upi,0.217,1
TXN-01777,CUST-7361,28831.62,temporary_bank_decline,5,2,153380.53,2,167,130,card,0.397,1
TXN-01778,CUST-2666,9185.47,expired_card,7,1,22082.54,3,129,10,card,0.292,0
TXN-01779,CUST-9722,38441.64,network_error,3,0,43677.41,1,71,93,upi,0.233,1
TXN-01780,CUST-7357,38917.74,temporary_bank_decline,4,1,12826.26,2,153,269,upi,0.331,0
TXN-01781,CUST-7538,14708.64,network_error,8,1,100507.81,1,174,536,upi,0.312,0
TXN-01782,CUST-2753,9413.49,temporary_bank_decline,9,2,94706.87,0,148,284,upi,0.158,0
TXN-01783,CUST-1734,46190.99,network_error,13,2,179180.25,1,146,165,upi,0.316,1
TXN-01784,CUST-7093,13624.56,insufficient_balance,5,0,49210.1,4,121,271,wallet,0.427,1
TXN-01785,CUST-8282,21508.15,insufficient_balance,4,3,103563.2,4,115,107,upi,0.547,0
TXN-01786,CUST-2883,6373.03,expired_card,9,0,103906.92,3,175,543,card,0.393,0
TXN-01787,CUST-2084,18001.99,authentication_failure,9,0,145123.72,3,49,155,card,0.301,0
TXN-01788,CUST-8447,22107.0,insufficient_balance,8,1,154784.77,4,159,288,card,0.449,0
TXN-01789,CUST-8050,12285.54,temporary_bank_decline,8,2,3226.93,1,151,23,card,0.253,1
TXN-01790,CUST-1676,47842.94,temporary_bank_decline,11,1,163748.72,4,71,563,card,0.533,1
TXN-01791,CUST-6403,45596.19,network_error,5,3,61862.92,4,92,190,card,0.569,0
TXN-01792,CUST-9210,9853.14,temporary_bank_decline,11,2,103186.65,1,83,262,netbanking,0.194,1
TXN-01793,CUST-5193,25860.02,insufficient_balance,7,3,136725.76,0,83,516,upi,0.262,0
TXN-01794,CUST-9131,21510.58,temporary_bank_decline,10,0,42005.73,4,5,578,wallet,0.251,1
TXN-01795,CUST-6015,39374.42,insufficient_balance,9,0,18428.34,3,144,248,upi,0.494,1
TXN-01796,CUST-9505,6351.49,authentication_failure,6,4,180551.65,1,134,75,card,0.217,0
TXN-01797,CUST-6187,44379.91,authentication_failure,9,1,27021.08,0,55,465,card,0.248,1
TXN-01798,CUST-8539,42394.75,temporary_bank_decline,6,1,118041.68,3,160,410,wallet,0.503,1
TXN-01799,CUST-5768,25456.1,authentication_failure,5,2,118799.73,0,111,194,wallet,0.26,0
TXN-01800,CUST-2344,5392.85,expired_card,7,1,115855.34,4,57,220,card,0.383,0
TXN-01801,CUST-3552,39082.83,network_error,4,0,55488.01,1,164,307,card,0.348,0
TXN-01802,CUST-5409,19044.35,insufficient_balance,8,1,167761.85,4,105,431,upi,0.419,0
TXN-01803,CUST-5854,38559.64,temporary_bank_decline,15,1,22317.16,2,114,517,upi,0.402,0
TXN-01804,CUST-6674,14997.02,temporary_bank_decline,9,2,130544.18,4,42,194,card,0.457,0
TXN-01805,CUST-7315,11919.2,expired_card,16,3,114983.93,1,90,373,netbanking,0.256,1
TXN-01806,CUST-4519,30677.02,insufficient_balance,5,2,75327.39,3,163,555,upi,0.44,0
TXN-01807,CUST-1065,38537.64,network_error,7,5,95386.73,4,171,260,upi,0.6,1
TXN-01808,CUST-3275,44223.41,expired_card,7,0,78694.13,0,106,234,wallet,0.23,0
TXN-01809,CUST-7026,21517.39,temporary_bank_decline,8,1,19238.47,0,23,455,upi,0.14,1
TXN-01810,CUST-8892,37709.82,network_error,12,1,102066.02,3,132,255,netbanking,0.383,0
TXN-01811,CUST-7010,37940.4,authentication_failure,9,3,99228.45,0,45,386,card,0.228,0
TXN-01812,CUST-5055,17657.89,network_error,6,3,198996.67,4,152,148,upi,0.546,1
TXN-01813,CUST-3601,27883.14,expired_card,8,2,122586.9,2,38,352,upi,0.189,1
TXN-01814,CUST-2888,16717.61,temporary_bank_decline,7,1,36462.52,2,41,44,wallet,0.204,1
TXN-01815,CUST-9238,23187.73,temporary_bank_decline,7,1,30530.56,1,41,261,card,0.208,1
TXN-01816,CUST-3133,5137.68,temporary_bank_decline,8,2,43464.0,4,4,128,wallet,0.287,1
TXN-01817,CUST-5502,9515.03,expired_card,9,5,70220.64,3,75,137,upi,0.345,0
TXN-01818,CUST-1944,14706.41,insufficient_balance,4,2,162832.62,0,41,449,wallet,0.157,0
TXN-01819,CUST-9052,34110.27,temporary_bank_decline,12,1,153883.92,3,77,501,card,0.357,1
TXN-01820,CUST-2204,22459.43,temporary_bank_decline,3,1,73969.41,2,83,346,card,0.292,0
TXN-01821,CUST-8807,10418.07,authentication_failure,8,1,153648.25,2,165,494,card,0.313,0
TXN-01822,CUST-4016,2934.92,temporary_bank_decline,7,0,172356.01,2,127,90,upi,0.177,0
TXN-01823,CUST-5513,45838.49,expired_card,8,1,99336.49,4,178,537,upi,0.54,0
TXN-01824,CUST-1237,32346.01,expired_card,8,0,36926.65,0,49,98,upi,0.166,1
TXN-01825,CUST-6701,47787.22,insufficient_balance,4,0,176685.04,0,121,44,netbanking,0.205,1
TXN-01826,CUST-3847,12763.17,authentication_failure,7,0,189475.53,1,116,179,card,0.231,1
TXN-01827,CUST-3203,35241.17,authentication_failure,3,1,50137.12,4,49,447,upi,0.352,0
TXN-01828,CUST-6932,14946.56,temporary_bank_decline,9,2,171192.57,4,153,32,netbanking,0.389,0
TXN-01829,CUST-4212,11522.02,expired_card,8,2,164446.44,3,37,58,card,0.312,0
TXN-01830,CUST-4663,46511.37,authentication_failure,4,4,3593.37,1,49,221,netbanking,0.446,0
TXN-01831,CUST-1775,49285.48,expired_card,4,2,82670.11,3,55,321,wallet,0.488,0
TXN-01832,CUST-3187,42644.39,expired_card,9,3,20913.15,1,106,267,upi,0.377,0
TXN-01833,CUST-7296,3950.3,insufficient_balance,5,2,87123.28,3,108,529,card,0.296,0
TXN-01834,CUST-5561,9136.68,authentication_failure,8,1,136002.52,0,137,244,upi,0.222,1
TXN-01835,CUST-7146,5426.9,temporary_bank_decline,3,3,143210.55,4,22,139,upi,0.27,0
TXN-01836,CUST-8072,47035.6,insufficient_balance,9,1,50226.08,4,148,236,card,0.551,0
TXN-01837,CUST-1421,8956.11,insufficient_balance,7,1,58127.28,4,2,93,card,0.27,0
TXN-01838,CUST-9777,12687.99,insufficient_balance,4,0,160592.04,3,19,117,netbanking,0.295,0
TXN-01839,CUST-1005,30666.63,expired_card,8,1,78455.2,0,169,425,netbanking,0.287,0
TXN-01840,CUST-8764,41625.76,authentication_failure,7,2,87925.61,1,170,347,upi,0.368,1
TXN-01841,CUST-6580,20750.87,temporary_bank_decline,14,1,156015.19,1,146,71,upi,0.241,0
TXN-01842,CUST-1686,23445.09,insufficient_balance,14,3,15346.39,1,160,12,wallet,0.36,1
TXN-01843,CUST-4904,12308.16,network_error,18,0,132866.99,4,66,205,card,0.255,0
TXN-01844,CUST-1432,42090.49,insufficient_balance,13,3,59265.96,3,15,464,netbanking,0.368,0
TXN-01845,CUST-5671,13796.39,authentication_failure,6,1,197901.45,3,60,498,card,0.21,0
TXN-01846,CUST-9624,18373.96,expired_card,4,1,105346.5,2,10,196,upi,0.244,0
TXN-01847,CUST-8742,19699.49,expired_card,9,0,6194.72,4,135,207,card,0.339,1
TXN-01848,CUST-9968,8358.72,authentication_failure,8,1,89679.73,4,127,277,wallet,0.359,1
TXN-01849,CUST-7846,35657.3,insufficient_balance,11,1,52485.27,1,141,262,upi,0.338,0
TXN-01850,CUST-9014,32657.83,temporary_bank_decline,4,1,129594.63,1,14,224,wallet,0.36,1
TXN-01851,CUST-7713,7979.7,network_error,10,1,91826.0,4,138,51,card,0.378,0
TXN-01852,CUST-5976,34983.36,expired_card,17,1,75044.98,0,54,176,upi,0.248,0
TXN-01853,CUST-6842,39262.21,temporary_bank_decline,7,2,29512.51,3,71,508,upi,0.501,0
TXN-01854,CUST-6306,31684.61,expired_card,13,0,79987.96,2,128,442,upi,0.284,0
TXN-01855,CUST-6581,10795.49,expired_card,11,0,197408.48,4,81,492,upi,0.413,0
TXN-01856,CUST-8986,21695.39,temporary_bank_decline,14,1,161388.41,4,92,395,netbanking,0.333,0
TXN-01857,CUST-3001,17244.39,network_error,10,0,153244.8,0,16,314,upi,0.098,1
TXN-01858,CUST-3632,20158.75,temporary_bank_decline,7,1,158040.58,0,92,165,netbanking,0.132,0
TXN-01859,CUST-4798,47436.56,insufficient_balance,4,2,103141.41,2,48,290,card,0.357,0
TXN-01860,CUST-1417,47590.65,temporary_bank_decline,8,1,103573.91,1,155,74,upi,0.393,0
TXN-01861,CUST-5836,15736.17,expired_card,1,0,184339.13,0,28,197,card,0.069,0
TXN-01862,CUST-3254,36863.51,temporary_bank_decline,7,2,2475.3,0,131,465,upi,0.314,1
TXN-01863,CUST-1586,20346.54,network_error,8,1,132794.97,4,92,193,upi,0.387,0
TXN-01864,CUST-3865,34605.33,insufficient_balance,9,2,135986.67,3,118,471,upi,0.48,0
TXN-01865,CUST-1479,46668.18,network_error,10,2,40630.02,3,66,431,upi,0.402,1
TXN-01866,CUST-1562,49938.13,insufficient_balance,16,2,25458.61,0,23,243,upi,0.188,1
TXN-01867,CUST-6638,35535.61,network_error,9,1,126564.63,1,169,327,upi,0.284,1
TXN-01868,CUST-2908,1971.53,authentication_failure,13,1,83416.78,3,77,335,upi,0.281,1
TXN-01869,CUST-8589,30397.24,temporary_bank_decline,9,5,51489.45,4,27,258,netbanking,0.485,0
TXN-01870,CUST-9647,43354.88,insufficient_balance,5,0,17384.96,4,124,308,upi,0.425,0
TXN-01871,CUST-2511,43763.15,insufficient_balance,13,1,166607.6,3,35,158,netbanking,0.503,0
TXN-01872,CUST-2692,6689.69,expired_card,7,2,102126.17,0,2,507,upi,0.05,0
TXN-01873,CUST-7354,10872.9,temporary_bank_decline,6,2,55468.84,4,36,157,card,0.285,0
TXN-01874,CUST-2790,34631.55,authentication_failure,7,3,4287.4,0,19,590,netbanking,0.243,0
TXN-01875,CUST-6530,46198.92,network_error,9,0,100621.13,3,48,559,upi,0.379,1
TXN-01876,CUST-6703,27622.82,temporary_bank_decline,6,1,163067.65,1,49,68,wallet,0.245,1
TXN-01877,CUST-9106,42703.98,network_error,16,0,129194.59,2,37,357,upi,0.333,0
TXN-01878,CUST-9354,4200.69,expired_card,5,0,141175.33,0,122,148,wallet,0.099,1
TXN-01879,CUST-3324,31373.0,temporary_bank_decline,10,4,20605.54,2,168,235,upi,0.56,1
TXN-01880,CUST-9864,42295.77,temporary_bank_decline,8,2,194917.9,4,144,400,upi,0.532,1
TXN-01881,CUST-9097,5692.36,expired_card,7,3,6700.28,0,104,440,card,0.16,0
TXN-01882,CUST-9133,709.77,network_error,7,4,68965.28,2,55,373,upi,0.295,1
TXN-01883,CUST-6632,40476.9,temporary_bank_decline,12,2,28136.06,3,12,475,upi,0.43,1
TXN-01884,CUST-8819,38475.58,temporary_bank_decline,10,4,27473.13,3,103,547,card,0.597,0
TXN-01885,CUST-8877,29154.2,temporary_bank_decline,7,3,21893.27,0,167,573,wallet,0.372,1
TXN-01886,CUST-2146,19701.99,network_error,10,1,78059.82,3,36,174,upi,0.247,0
TXN-01887,CUST-9964,35429.63,insufficient_balance,8,2,182700.43,2,171,120,upi,0.43,1
TXN-01888,CUST-2721,12028.91,expired_card,9,1,16760.5,0,117,317,upi,0.117,1
TXN-01889,CUST-8417,44193.91,network_error,4,2,89215.41,3,95,172,card,0.485,1
TXN-01890,CUST-9576,14041.39,temporary_bank_decline,8,2,79433.46,3,10,66,upi,0.267,1
TXN-01891,CUST-1760,19337.63,temporary_bank_decline,11,1,37673.78,4,44,504,upi,0.318,0
TXN-01892,CUST-1738,46785.27,insufficient_balance,6,1,48981.54,0,121,121,netbanking,0.344,0
TXN-01893,CUST-5029,22190.55,temporary_bank_decline,7,2,55710.36,2,17,308,upi,0.242,0
TXN-01894,CUST-5681,13249.97,insufficient_balance,6,1,152324.41,2,71,94,upi,0.254,0
TXN-01895,CUST-8482,14019.23,expired_card,11,1,197288.37,1,161,507,card,0.242,1
TXN-01896,CUST-1283,27694.48,temporary_bank_decline,9,4,91534.29,3,53,18,card,0.356,1
TXN-01897,CUST-2433,25990.62,network_error,3,1,143468.62,0,38,340,upi,0.149,1
TXN-01898,CUST-7043,37635.43,insufficient_balance,15,5,110669.02,0,179,87,wallet,0.417,0
TXN-01899,CUST-7336,6680.31,expired_card,10,3,118620.63,2,6,387,card,0.236,1
TXN-01900,CUST-9077,15265.26,authentication_failure,7,1,178620.91,1,15,453,upi,0.161,0
TXN-01901,CUST-5106,14738.93,temporary_bank_decline,5,2,195352.18,4,49,26,wallet,0.403,0
TXN-01902,CUST-8726,24587.59,temporary_bank_decline,11,0,140703.65,4,76,48,card,0.328,0
TXN-01903,CUST-4275,14036.18,expired_card,6,2,175647.02,4,69,470,upi,0.421,0
TXN-01904,CUST-8996,14104.6,temporary_bank_decline,11,0,182663.48,3,80,49,netbanking,0.258,1
TXN-01905,CUST-3761,29091.13,temporary_bank_decline,9,2,195192.93,4,26,418,card,0.421,0
TXN-01906,CUST-2108,740.21,temporary_bank_decline,15,0,129454.62,0,29,142,card,0.019,1
TXN-01907,CUST-6568,32882.6,temporary_bank_decline,11,1,87113.48,2,18,301,upi,0.235,1
TXN-01908,CUST-4670,10295.59,authentication_failure,11,0,130299.99,1,47,210,upi,0.221,0
TXN-01909,CUST-5319,25817.29,authentication_failure,11,1,55390.59,3,28,476,upi,0.23,0
TXN-01910,CUST-7718,35502.81,temporary_bank_decline,5,0,166428.6,3,151,584,upi,0.336,1
TXN-01911,CUST-2106,35705.61,network_error,5,2,15116.3,4,138,361,upi,0.635,0
TXN-01912,CUST-7730,751.46,network_error,11,2,45238.64,4,158,260,card,0.386,0
TXN-01913,CUST-4475,2803.98,authentication_failure,20,1,67417.8,2,94,237,upi,0.253,1
TXN-01914,CUST-1776,23025.48,authentication_failure,9,2,27212.42,3,21,452,upi,0.301,0
TXN-01915,CUST-9870,28776.85,insufficient_balance,4,2,52428.03,0,144,527,upi,0.263,0
TXN-01916,CUST-9813,15885.83,temporary_bank_decline,3,3,80945.86,3,130,565,wallet,0.434,1
TXN-01917,CUST-6068,47408.56,network_error,2,0,15904.58,3,19,414,card,0.38,0
TXN-01918,CUST-3200,40992.83,temporary_bank_decline,4,1,34207.03,1,32,339,wallet,0.164,0
TXN-01919,CUST-7869,16944.86,temporary_bank_decline,8,0,139758.34,4,6,197,card,0.291,0
TXN-01920,CUST-9886,37570.46,temporary_bank_decline,7,2,44004.02,4,156,164,card,0.535,1
TXN-01921,CUST-5164,21385.52,network_error,8,2,145596.04,3,96,234,netbanking,0.482,1
TXN-01922,CUST-7547,35971.31,temporary_bank_decline,9,4,17544.83,1,22,492,upi,0.215,1
TXN-01923,CUST-1249,11780.18,insufficient_balance,7,1,164837.21,0,39,280,card,0.115,0
TXN-01924,CUST-6320,35292.89,insufficient_balance,8,5,80428.14,0,77,577,netbanking,0.392,1
TXN-01925,CUST-7687,25452.44,insufficient_balance,9,2,143322.64,3,30,450,card,0.25,0
TXN-01926,CUST-3398,25311.17,temporary_bank_decline,7,0,60063.78,4,55,274,card,0.289,1
TXN-01927,CUST-9376,20482.44,expired_card,4,4,82340.08,2,74,200,upi,0.413,0
TXN-01928,CUST-4184,28366.87,network_error,8,1,33418.22,0,15,457,card,0.121,0
TXN-01929,CUST-9303,4281.8,temporary_bank_decline,11,4,127543.88,3,109,497,card,0.345,0
TXN-01930,CUST-7315,1724.62,temporary_bank_decline,7,0,108153.15,3,176,402,upi,0.315,1
TXN-01931,CUST-1006,6047.95,authentication_failure,6,0,106622.75,2,144,324,netbanking,0.277,1
TXN-01932,CUST-7511,23005.39,authentication_failure,6,2,103558.85,1,21,483,card,0.269,1
TXN-01933,CUST-2618,8189.62,insufficient_balance,8,4,11232.73,2,142,294,card,0.341,0
TXN-01934,CUST-1032,7556.06,network_error,11,1,3581.63,3,161,25,netbanking,0.264,0
TXN-01935,CUST-3278,10209.86,insufficient_balance,9,2,26913.45,4,80,342,card,0.429,0
TXN-01936,CUST-4279,43216.5,expired_card,14,2,194106.24,2,82,8,card,0.374,0
TXN-01937,CUST-4114,26771.73,expired_card,10,2,116909.09,3,72,102,upi,0.273,0
TXN-01938,CUST-7958,42774.85,temporary_bank_decline,8,1,4777.12,0,148,266,netbanking,0.329,1
TXN-01939,CUST-4731,40245.01,insufficient_balance,8,2,87926.04,2,63,119,upi,0.443,1
TXN-01940,CUST-2526,39374.01,expired_card,7,2,160817.27,0,130,394,card,0.342,0
TXN-01941,CUST-1811,12566.96,expired_card,8,1,76932.17,2,1,77,upi,0.105,0
TXN-01942,CUST-4433,35466.95,authentication_failure,6,1,20867.28,0,106,538,upi,0.268,1
TXN-01943,CUST-2081,44562.37,temporary_bank_decline,7,1,152296.89,2,78,479,card,0.336,0
TXN-01944,CUST-2352,5489.47,insufficient_balance,13,0,45252.03,2,30,259,wallet,0.131,1
TXN-01945,CUST-6866,15088.73,expired_card,4,2,93153.24,4,89,465,upi,0.406,0
TXN-01946,CUST-8169,8492.83,temporary_bank_decline,7,0,146628.66,3,132,584,card,0.29,0
TXN-01947,CUST-3260,40075.21,temporary_bank_decline,9,0,98992.19,4,9,467,card,0.336,1
TXN-01948,CUST-7929,36842.21,network_error,0,1,193215.42,2,4,340,card,0.265,1
TXN-01949,CUST-1108,4609.61,authentication_failure,6,2,22807.8,1,89,133,upi,0.203,1
TXN-01950,CUST-4738,10445.1,insufficient_balance,3,1,147859.5,2,142,38,upi,0.265,1
TXN-01951,CUST-3576,4361.44,expired_card,8,3,32033.52,0,12,189,card,0.014,1
TXN-01952,CUST-5674,28245.89,authentication_failure,8,4,160926.16,0,68,130,wallet,0.277,0
TXN-01953,CUST-6274,893.19,expired_card,5,1,34374.07,0,58,297,netbanking,0.068,0
TXN-01954,CUST-9572,47342.96,insufficient_balance,7,1,40311.86,3,83,504,card,0.357,1
TXN-01955,CUST-6105,44179.27,insufficient_balance,10,1,127957.66,0,113,255,upi,0.288,0
TXN-01956,CUST-4355,42859.73,temporary_bank_decline,5,1,198569.19,1,169,26,upi,0.346,1
TXN-01957,CUST-3935,8005.31,temporary_bank_decline,11,2,109169.79,1,103,420,wallet,0.209,1
TXN-01958,CUST-3550,17570.8,network_error,6,1,187327.31,3,89,231,netbanking,0.242,1
TXN-01959,CUST-3953,23079.56,expired_card,6,1,173290.77,2,123,517,upi,0.323,0
TXN-01960,CUST-4190,3458.25,network_error,15,1,100583.64,3,152,189,card,0.399,1
TXN-01961,CUST-7934,25647.1,expired_card,7,2,10585.43,4,107,595,wallet,0.415,0
TXN-01962,CUST-8333,48464.53,expired_card,7,2,97138.93,3,91,559,upi,0.531,1
TXN-01963,CUST-6728,27774.52,temporary_bank_decline,4,2,61906.73,4,67,118,upi,0.361,0
TXN-01964,CUST-2920,39427.83,authentication_failure,10,2,21287.87,0,56,338,netbanking,0.404,1
TXN-01965,CUST-6628,10409.64,expired_card,3,1,8334.08,0,120,87,card,0.165,0
TXN-01966,CUST-6101,24392.21,authentication_failure,11,3,183006.37,3,132,147,upi,0.489,0
TXN-01967,CUST-1804,37432.99,temporary_bank_decline,9,1,111714.98,4,78,67,card,0.418,1
TXN-01968,CUST-6699,17065.99,insufficient_balance,14,1,119725.26,3,175,482,card,0.394,0
TXN-01969,CUST-7551,15954.47,temporary_bank_decline,4,2,10409.66,3,68,154,card,0.307,1
TXN-01970,CUST-3166,10295.47,temporary_bank_decline,8,2,125445.61,1,103,341,card,0.253,0
TXN-01971,CUST-2108,29599.09,authentication_failure,9,2,185930.9,0,130,67,upi,0.333,1
TXN-01972,CUST-4370,15425.32,insufficient_balance,6,2,97868.86,2,168,125,wallet,0.395,1
TXN-01973,CUST-2007,32372.07,temporary_bank_decline,9,0,57194.62,3,98,491,netbanking,0.342,0
TXN-01974,CUST-8462,28171.52,insufficient_balance,7,1,188262.6,3,46,162,card,0.292,0
TXN-01975,CUST-5786,7601.98,expired_card,6,3,38329.75,0,115,182,netbanking,0.273,0
TXN-01976,CUST-5027,47064.63,network_error,3,0,96370.78,0,10,87,card,0.205,1
TXN-01977,CUST-2027,49068.65,network_error,3,5,141456.23,2,41,259,card,0.546,1
TXN-01978,CUST-7842,19831.84,temporary_bank_decline,3,1,134972.69,1,75,51,netbanking,0.244,0
TXN-01979,CUST-6594,6360.49,network_error,8,2,133190.21,2,23,238,card,0.222,1
TXN-01980,CUST-1608,28220.11,network_error,10,1,33114.17,4,19,312,upi,0.441,0
TXN-01981,CUST-5482,5749.66,network_error,5,0,176732.51,0,78,234,card,0.085,1
TXN-01982,CUST-5042,9906.88,expired_card,13,2,53223.94,1,23,535,upi,0.15,1
TXN-01983,CUST-6276,24140.94,authentication_failure,8,0,82181.08,0,172,425,upi,0.226,0
TXN-01984,CUST-6190,10097.34,authentication_failure,5,0,19443.52,0,91,198,card,0.125,0
TXN-01985,CUST-7095,13968.12,insufficient_balance,3,2,119667.33,2,42,265,upi,0.255,0
TXN-01986,CUST-3535,33345.06,insufficient_balance,7,1,49149.73,0,163,178,upi,0.321,0
TXN-01987,CUST-5234,27084.56,expired_card,8,3,134628.75,3,66,540,upi,0.465,0
TXN-01988,CUST-4133,47921.36,insufficient_balance,9,2,76328.43,4,20,496,upi,0.456,0
TXN-01989,CUST-4333,28524.19,expired_card,4,6,166930.27,0,16,87,wallet,0.221,0
TXN-01990,CUST-5959,46920.39,authentication_failure,8,1,44795.94,4,5,494,upi,0.423,0
TXN-01991,CUST-6225,11288.8,authentication_failure,11,0,170254.61,0,22,425,card,0.117,0
TXN-01992,CUST-3908,26845.9,insufficient_balance,8,3,95729.56,4,99,328,card,0.341,0
TXN-01993,CUST-9920,36185.47,expired_card,18,2,51993.98,4,115,325,upi,0.446,0
TXN-01994,CUST-5723,17651.53,network_error,8,1,156792.98,4,3,9,card,0.292,1
TXN-01995,CUST-9125,41198.43,expired_card,7,1,64327.56,3,54,166,card,0.35,1
TXN-01996,CUST-8601,33923.52,network_error,5,2,108828.57,0,101,51,upi,0.329,0
TXN-01997,CUST-5728,49540.91,expired_card,11,0,149340.48,4,48,509,wallet,0.368,1
TXN-01998,CUST-5063,49100.28,temporary_bank_decline,7,6,70581.43,0,150,492,upi,0.497,0
TXN-01999,CUST-4601,39522.23,authentication_failure,13,0,44312.18,4,122,373,netbanking,0.495,0
TXN-02000,CUST-4338,20682.32,temporary_bank_decline,10,2,99073.26,4,40,454,netbanking,0.402,0
TXN-02001,CUST-2288,31852.39,insufficient_balance,8,1,140674.44,4,138,536,card,0.457,0
TXN-02002,CUST-8347,24179.88,expired_card,8,2,131718.05,1,82,509,netbanking,0.294,0
TXN-02003,CUST-7747,33159.45,authentication_failure,8,3,24231.05,1,34,581,upi,0.298,0
TXN-02004,CUST-1004,48442.88,insufficient_balance,7,1,134955.07,1,125,472,netbanking,0.372,0
TXN-02005,CUST-2222,2188.68,expired_card,12,0,112788.86,1,71,275,card,0.063,0
TXN-02006,CUST-9786,49000.33,expired_card,7,1,185837.34,3,43,416,upi,0.327,0
TXN-02007,CUST-4728,7913.97,network_error,9,1,120470.75,3,162,317,netbanking,0.259,1
TXN-02008,CUST-8503,2555.0,temporary_bank_decline,10,1,182185.48,1,53,7,upi,0.078,1
TXN-02009,CUST-5777,7248.23,authentication_failure,8,3,2622.76,4,82,595,card,0.404,1
TXN-02010,CUST-8304,12350.5,expired_card,6,3,20875.36,0,17,48,upi,0.16,0
TXN-02011,CUST-5616,43873.55,network_error,12,1,102965.06,1,28,153,wallet,0.176,1
TXN-02012,CUST-8384,7026.49,expired_card,14,0,96815.6,0,90,349,upi,0.212,1
TXN-02013,CUST-1082,18878.74,temporary_bank_decline,14,2,59007.57,0,151,42,card,0.233,1
TXN-02014,CUST-9034,32044.71,temporary_bank_decline,10,2,66827.73,3,19,541,card,0.343,1
TXN-02015,CUST-5374,30288.71,network_error,8,1,180906.62,2,71,315,upi,0.244,1
TXN-02016,CUST-7780,30331.16,network_error,8,2,114980.06,0,46,20,upi,0.225,0
TXN-02017,CUST-4838,26288.87,temporary_bank_decline,11,1,48237.62,4,156,398,card,0.372,0
TXN-02018,CUST-3239,49114.1,expired_card,9,1,100797.38,0,43,196,netbanking,0.288,0
TXN-02019,CUST-4693,1242.86,temporary_bank_decline,9,0,45888.21,2,74,188,card,0.121,1
TXN-02020,CUST-9849,15007.1,temporary_bank_decline,4,2,122145.35,0,171,460,card,0.285,0
TXN-02021,CUST-7912,16026.42,authentication_failure,5,4,139793.61,1,49,477,upi,0.234,1
TXN-02022,CUST-5167,1302.56,network_error,9,0,43824.1,0,133,119,card,0.072,1
TXN-02023,CUST-3667,19192.09,temporary_bank_decline,5,1,20292.68,4,176,326,card,0.352,0
TXN-02024,CUST-6956,4851.01,network_error,7,1,144549.22,1,13,482,upi,0.068,1
TXN-02025,CUST-8773,34714.81,insufficient_balance,7,0,158604.58,2,46,152,netbanking,0.323,0
TXN-02026,CUST-9683,16046.42,expired_card,3,1,60546.26,2,66,403,wallet,0.334,1
TXN-02027,CUST-7633,30926.83,authentication_failure,9,3,176406.0,0,64,249,netbanking,0.288,1
TXN-02028,CUST-1115,14183.98,insufficient_balance,9,3,135711.68,3,75,57,card,0.387,0
TXN-02029,CUST-9720,19563.36,insufficient_balance,4,1,39878.78,3,103,63,netbanking,0.36,0
TXN-02030,CUST-7429,23726.98,expired_card,5,1,71791.58,4,11,426,card,0.344,0
TXN-02031,CUST-5388,40908.62,authentication_failure,14,0,119290.04,4,171,381,upi,0.366,0
TXN-02032,CUST-1877,33921.26,authentication_failure,11,1,108109.49,0,20,16,card,0.259,1
TXN-02033,CUST-7912,30958.36,authentication_failure,10,2,51410.55,2,26,53,upi,0.296,0
TXN-02034,CUST-8098,47438.04,temporary_bank_decline,13,4,96384.92,4,47,357,netbanking,0.483,0
TXN-02035,CUST-5441,29284.2,authentication_failure,8,0,196362.24,1,106,480,netbanking,0.212,1
TXN-02036,CUST-3815,7051.16,expired_card,10,5,76031.75,3,108,518,card,0.426,0
TXN-02037,CUST-9027,35001.89,temporary_bank_decline,7,1,27913.31,2,156,386,card,0.419,1
TXN-02038,CUST-4594,35965.02,authentication_failure,8,2,186322.32,3,149,293,netbanking,0.475,0
TXN-02039,CUST-2310,21337.91,network_error,11,1,42569.06,4,32,588,upi,0.294,1
TXN-02040,CUST-1898,20753.24,temporary_bank_decline,12,0,96503.36,1,149,365,netbanking,0.294,1
TXN-02041,CUST-8537,7063.64,network_error,14,1,10394.45,4,173,528,card,0.388,1
TXN-02042,CUST-1770,40891.65,temporary_bank_decline,7,5,126776.43,3,34,529,upi,0.564,0
TXN-02043,CUST-7945,13709.19,authentication_failure,4,5,133190.7,3,99,414,netbanking,0.4,0
TXN-02044,CUST-4411,30741.44,temporary_bank_decline,6,0,194076.8,0,35,248,card,0.216,1
TXN-02045,CUST-6510,32260.45,expired_card,9,1,26138.78,1,76,342,card,0.307,0
TXN-02046,CUST-6800,4486.34,authentication_failure,5,2,51295.99,2,153,184,upi,0.242,0
TXN-02047,CUST-9863,28853.01,insufficient_balance,12,2,112451.41,3,37,245,card,0.366,0
TXN-02048,CUST-6019,17321.24,temporary_bank_decline,11,3,143042.05,1,132,102,card,0.342,1
TXN-02049,CUST-1930,40679.67,insufficient_balance,8,0,157903.19,0,117,176,upi,0.221,1
TXN-02050,CUST-7499,16335.58,temporary_bank_decline,7,1,93091.44,2,66,35,card,0.267,1
TXN-02051,CUST-5865,1441.64,authentication_failure,7,2,41309.45,0,151,210,upi,0.275,0
TXN-02052,CUST-8483,7332.12,insufficient_balance,11,0,82839.36,0,122,232,netbanking,0.183,1
TXN-02053,CUST-4921,42350.92,network_error,11,1,197386.86,3,119,148,upi,0.435,0
TXN-02054,CUST-2000,14300.75,network_error,7,1,184881.62,3,121,442,card,0.298,0
TXN-02055,CUST-4940,4368.98,temporary_bank_decline,6,2,84249.11,2,174,43,netbanking,0.325,1
TXN-02056,CUST-5045,24034.05,temporary_bank_decline,8,0,162018.85,2,121,279,upi,0.355,1
TXN-02057,CUST-8048,47291.02,network_error,9,0,193558.6,1,70,66,card,0.307,0
TXN-02058,CUST-3625,29511.92,expired_card,10,2,190278.51,0,57,583,upi,0.178,0
TXN-02059,CUST-9706,23640.79,expired_card,4,0,60345.36,1,19,296,upi,0.116,0
TXN-02060,CUST-3616,14320.65,network_error,8,3,76751.99,2,137,167,card,0.328,1
TXN-02061,CUST-1211,40499.67,insufficient_balance,8,2,55629.58,3,144,401,upi,0.421,0
TXN-02062,CUST-1993,4052.85,temporary_bank_decline,9,0,85592.37,3,158,93,upi,0.305,0
TXN-02063,CUST-8669,47666.92,insufficient_balance,8,1,65290.47,0,121,542,upi,0.304,1
TXN-02064,CUST-1500,19355.22,insufficient_balance,16,0,100179.75,4,22,76,wallet,0.308,0
TXN-02065,CUST-2273,3080.9,authentication_failure,4,0,80886.25,4,130,187,card,0.24,1
TXN-02066,CUST-4201,36320.49,network_error,9,2,90753.76,3,37,414,card,0.38,0
TXN-02067,CUST-1425,11692.42,temporary_bank_decline,7,1,101509.15,3,157,524,card,0.423,0
TXN-02068,CUST-3228,23444.92,network_error,10,2,182568.22,1,112,173,card,0.219,1
TXN-02069,CUST-5674,42341.12,authentication_failure,11,2,190665.94,2,20,66,wallet,0.311,1
TXN-02070,CUST-4409,45007.97,insufficient_balance,8,1,183915.55,2,7,473,card,0.392,1
TXN-02071,CUST-8812,27681.93,temporary_bank_decline,7,0,178333.06,4,32,137,card,0.273,0
TXN-02072,CUST-5370,22452.5,temporary_bank_decline,7,2,175361.14,3,105,233,card,0.336,1
TXN-02073,CUST-4959,19455.1,temporary_bank_decline,10,0,146311.19,3,106,569,card,0.293,1
TXN-02074,CUST-6213,47003.8,expired_card,4,1,114954.7,3,54,260,card,0.442,0
TXN-02075,CUST-4984,32930.63,network_error,12,3,140274.29,4,172,164,upi,0.629,0
TXN-02076,CUST-6435,7644.28,temporary_bank_decline,7,0,82868.98,3,39,8,card,0.298,1
TXN-02077,CUST-8300,3137.11,insufficient_balance,8,1,56851.55,2,20,73,upi,0.131,1
TXN-02078,CUST-6915,46539.25,temporary_bank_decline,2,1,131317.65,0,149,341,netbanking,0.382,0
TXN-02079,CUST-1961,31444.11,temporary_bank_decline,8,1,103498.97,1,116,103,card,0.244,0
TXN-02080,CUST-2303,4234.5,network_error,6,3,43975.92,4,41,45,netbanking,0.382,1
TXN-02081,CUST-8932,45800.16,network_error,9,3,64307.84,2,64,381,upi,0.426,0
TXN-02082,CUST-2145,44561.47,insufficient_balance,10,1,26840.07,0,88,426,upi,0.277,1
TXN-02083,CUST-7369,4483.62,temporary_bank_decline,12,2,33441.63,4,68,302,netbanking,0.317,1
TXN-02084,CUST-9566,13954.47,temporary_bank_decline,5,4,135266.3,4,168,395,card,0.461,1
TXN-02085,CUST-5632,28193.5,temporary_bank_decline,6,3,35754.92,0,2,58,netbanking,0.207,1
TXN-02086,CUST-1155,49750.38,insufficient_balance,9,1,179886.88,3,2,403,card,0.418,0
TXN-02087,CUST-9616,43241.06,expired_card,10,1,135869.05,3,179,549,netbanking,0.525,0
TXN-02088,CUST-4589,26758.66,authentication_failure,8,1,69044.54,2,111,240,netbanking,0.407,0
TXN-02089,CUST-2247,32675.8,network_error,11,1,90779.67,2,38,289,netbanking,0.279,0
TXN-02090,CUST-1432,11914.3,temporary_bank_decline,12,2,73303.02,0,54,431,card,0.108,1
TXN-02091,CUST-9759,3780.08,insufficient_balance,8,0,51262.11,1,57,357,card,0.1,0
TXN-02092,CUST-2810,10111.83,insufficient_balance,7,2,182729.26,0,15,562,upi,0.157,1
TXN-02093,CUST-2730,25522.71,authentication_failure,4,1,129290.04,0,123,468,card,0.255,0
TXN-02094,CUST-9569,45065.73,expired_card,10,1,172474.75,2,67,6,netbanking,0.4,0
TXN-02095,CUST-8963,41615.46,temporary_bank_decline,5,3,84814.21,3,60,51,upi,0.467,0
TXN-02096,CUST-3221,6280.33,network_error,7,4,47912.99,3,129,391,upi,0.362,1
TXN-02097,CUST-2256,17630.88,network_error,11,0,85193.85,4,45,142,card,0.355,0
TXN-02098,CUST-6041,43125.2,insufficient_balance,5,1,24911.69,3,167,583,upi,0.473,0
TXN-02099,CUST-8726,23705.87,temporary_bank_decline,9,1,3917.91,1,171,461,netbanking,0.387,1
TXN-02100,CUST-8891,3651.57,expired_card,8,2,169463.56,4,159,369,upi,0.37,0
TXN-02101,CUST-1489,24925.5,expired_card,12,3,139209.31,2,29,380,card,0.378,0
TXN-02102,CUST-3012,3649.36,authentication_failure,6,1,52255.29,2,35,143,netbanking,0.152,1
TXN-02103,CUST-6317,26995.11,insufficient_balance,12,0,16733.17,4,79,30,card,0.418,1
TXN-02104,CUST-5577,47209.21,insufficient_balance,6,2,129994.13,1,72,516,wallet,0.397,0
TXN-02105,CUST-4526,24707.39,expired_card,7,1,106840.28,4,37,472,netbanking,0.319,0
TXN-02106,CUST-3024,23969.42,temporary_bank_decline,5,2,47826.06,4,98,306,upi,0.432,1
TXN-02107,CUST-4958,38996.7,insufficient_balance,7,1,181670.09,4,135,65,netbanking,0.468,0
TXN-02108,CUST-8825,48128.19,expired_card,12,0,173688.03,0,139,360,upi,0.294,0
TXN-02109,CUST-3842,47875.82,temporary_bank_decline,15,1,177037.65,3,174,350,netbanking,0.476,0
TXN-02110,CUST-9742,11683.24,network_error,8,4,37752.84,1,169,263,upi,0.349,1
TXN-02111,CUST-7049,21459.21,network_error,11,2,83032.8,4,164,541,upi,0.43,1
TXN-02112,CUST-9624,34551.32,insufficient_balance,6,3,91023.48,3,125,444,upi,0.413,0
TXN-02113,CUST-2348,5379.72,expired_card,8,2,16283.73,3,149,330,upi,0.321,0
TXN-02114,CUST-7583,31224.58,expired_card,7,0,84902.39,2,6,475,upi,0.229,1
TXN-02115,CUST-2298,333.89,authentication_failure,4,0,150331.62,3,106,61,netbanking,0.219,0
TXN-02116,CUST-2746,26968.37,temporary_bank_decline,5,1,198326.56,0,24,428,card,0.17,1
TXN-02117,CUST-9094,32938.08,temporary_bank_decline,6,1,122635.53,3,146,221,netbanking,0.358,1
TXN-02118,CUST-8474,47720.28,network_error,10,0,100128.16,2,33,329,upi,0.294,1
TXN-02119,CUST-3014,12933.33,insufficient_balance,9,0,188243.3,3,115,181,wallet,0.263,0
TXN-02120,CUST-5660,41182.16,authentication_failure,10,2,198121.72,2,98,94,wallet,0.329,0
TXN-02121,CUST-4583,47008.11,authentication_failure,11,2,51720.56,1,81,516,netbanking,0.394,1
TXN-02122,CUST-2598,25078.78,expired_card,6,5,60317.83,2,79,40,card,0.399,0
TXN-02123,CUST-3435,3321.79,authentication_failure,7,2,70488.38,1,95,166,upi,0.183,1
TXN-02124,CUST-9421,226.25,temporary_bank_decline,4,2,153514.4,2,134,466,upi,0.217,1
TXN-02125,CUST-1966,47294.11,expired_card,14,2,28755.43,4,80,318,netbanking,0.471,0
TXN-02126,CUST-3311,33693.67,temporary_bank_decline,5,1,109947.37,4,109,74,upi,0.542,1
TXN-02127,CUST-9421,43624.31,insufficient_balance,9,1,88434.01,3,5,484,upi,0.338,0
TXN-02128,CUST-3254,38161.7,expired_card,14,2,175780.15,1,164,155,upi,0.417,1
TXN-02129,CUST-1095,48924.69,authentication_failure,5,1,173581.06,3,91,407,upi,0.394,1
TXN-02130,CUST-7485,1083.13,temporary_bank_decline,8,1,60063.41,3,106,32,card,0.367,0
TXN-02131,CUST-5557,32476.7,expired_card,8,0,96439.41,2,44,21,card,0.262,0
TXN-02132,CUST-6720,8466.83,temporary_bank_decline,7,2,87198.56,3,60,203,upi,0.362,0
TXN-02133,CUST-7508,28758.24,network_error,6,3,46067.59,1,128,289,wallet,0.406,0
TXN-02134,CUST-3819,39890.06,network_error,10,2,122845.53,0,159,513,card,0.28,0
TXN-02135,CUST-7514,13914.44,expired_card,4,3,160996.15,2,82,118,card,0.255,0
TXN-02136,CUST-4520,29990.18,network_error,16,0,173271.9,3,151,49,netbanking,0.414,0
TXN-02137,CUST-1645,9582.12,temporary_bank_decline,10,1,149222.68,3,3,283,card,0.152,1
TXN-02138,CUST-4805,3972.17,network_error,8,1,193079.43,2,148,46,card,0.305,1
TXN-02139,CUST-2034,30399.31,authentication_failure,12,1,48883.91,3,126,462,upi,0.413,1
TXN-02140,CUST-7008,8065.58,insufficient_balance,10,1,34818.23,2,57,343,upi,0.099,1
TXN-02141,CUST-3868,2532.04,insufficient_balance,6,2,155874.26,2,114,305,card,0.214,0
TXN-02142,CUST-5725,18195.81,insufficient_balance,11,6,24389.39,4,5,341,wallet,0.471,0
TXN-02143,CUST-5776,2636.16,expired_card,7,0,131504.07,0,115,382,netbanking,0.08,0
TXN-02144,CUST-1459,6175.01,expired_card,14,8,75061.16,0,93,254,card,0.326,0
TXN-02145,CUST-3456,5414.98,temporary_bank_decline,4,1,13871.17,4,162,474,upi,0.327,0
TXN-02146,CUST-7655,30335.03,insufficient_balance,8,2,180698.93,1,5,120,netbanking,0.342,0
TXN-02147,CUST-5989,9830.46,temporary_bank_decline,9,1,139704.83,4,46,466,upi,0.295,0
TXN-02148,CUST-2643,24954.73,temporary_bank_decline,10,3,192605.21,1,50,338,card,0.297,0
TXN-02149,CUST-8884,21567.4,network_error,6,2,157698.76,0,172,270,upi,0.245,1
TXN-02150,CUST-7760,43044.38,temporary_bank_decline,5,1,47347.11,4,71,168,card,0.365,0
TXN-02151,CUST-1697,12027.43,temporary_bank_decline,9,1,61931.5,3,59,177,upi,0.147,1
TXN-02152,CUST-6243,37632.3,expired_card,7,2,28239.12,0,178,420,upi,0.411,1
TXN-02153,CUST-7064,16136.23,temporary_bank_decline,9,0,9547.08,1,166,477,wallet,0.319,1
TXN-02154,CUST-5078,37143.65,temporary_bank_decline,10,0,186150.57,2,114,295,card,0.265,0
TXN-02155,CUST-8557,29229.29,temporary_bank_decline,13,1,59473.29,3,91,6,upi,0.446,0
TXN-02156,CUST-7526,11944.66,temporary_bank_decline,5,1,188063.96,2,149,417,card,0.311,0
TXN-02157,CUST-3154,1422.95,insufficient_balance,5,0,100897.83,0,55,87,netbanking,0.011,1
TXN-02158,CUST-5543,38341.85,temporary_bank_decline,9,1,109729.07,3,177,20,card,0.421,1
TXN-02159,CUST-7818,47488.7,expired_card,11,1,26625.09,3,18,546,upi,0.435,0
TXN-02160,CUST-2334,24175.67,temporary_bank_decline,2,2,4930.77,2,12,117,netbanking,0.35,1
TXN-02161,CUST-9253,29305.78,temporary_bank_decline,10,1,76387.03,2,9,573,upi,0.223,1
TXN-02162,CUST-5838,12994.02,expired_card,10,0,29215.78,2,21,437,upi,0.148,0
TXN-02163,CUST-9628,12509.97,temporary_bank_decline,6,0,60644.31,3,150,534,card,0.315,0
TXN-02164,CUST-9719,10178.38,expired_card,11,1,34412.17,1,40,135,card,0.234,1
TXN-02165,CUST-8703,40942.22,expired_card,15,2,89986.22,0,1,480,upi,0.236,0
TXN-02166,CUST-6477,49486.92,network_error,13,3,115050.66,2,109,166,upi,0.45,0
TXN-02167,CUST-9845,36970.46,temporary_bank_decline,5,3,153021.89,2,88,324,upi,0.407,1
TXN-02168,CUST-1708,30112.0,temporary_bank_decline,7,1,66551.35,2,73,303,card,0.288,1
TXN-02169,CUST-6423,47735.51,authentication_failure,9,1,70016.86,1,3,433,netbanking,0.29,0
TXN-02170,CUST-3860,8054.25,network_error,9,3,143570.86,1,62,448,upi,0.171,0
TXN-02171,CUST-1339,49422.13,insufficient_balance,7,3,69765.58,3,19,399,wallet,0.47,0
TXN-02172,CUST-9848,42495.19,expired_card,3,1,15942.49,3,30,495,netbanking,0.444,0
TXN-02173,CUST-5397,20287.04,temporary_bank_decline,9,5,20282.84,3,154,192,netbanking,0.553,0
TXN-02174,CUST-7459,11771.14,authentication_failure,10,1,94836.0,0,7,172,card,0.047,0
TXN-02175,CUST-5067,47822.6,authentication_failure,11,1,1924.25,3,115,196,upi,0.507,0
TXN-02176,CUST-9829,36162.6,temporary_bank_decline,8,1,69852.4,1,81,290,card,0.301,1
TXN-02177,CUST-2449,46514.38,temporary_bank_decline,10,1,166798.69,1,74,41,upi,0.407,0
TXN-02178,CUST-6031,1516.64,temporary_bank_decline,2,1,123042.77,4,141,309,card,0.359,0
TXN-02179,CUST-2848,14552.7,network_error,2,1,52404.29,1,170,348,upi,0.297,1
TXN-02180,CUST-5454,31997.16,insufficient_balance,7,1,168487.12,3,18,528,upi,0.264,0
TXN-02181,CUST-6495,14572.4,temporary_bank_decline,3,4,74138.65,3,16,580,upi,0.384,1
TXN-02182,CUST-1406,12622.12,expired_card,10,0,176327.88,0,80,205,upi,0.098,0
TXN-02183,CUST-5340,43987.49,expired_card,12,1,34435.48,2,33,214,upi,0.338,0
TXN-02184,CUST-3337,1712.06,temporary_bank_decline,11,2,101998.15,3,88,319,card,0.342,0
TXN-02185,CUST-4776,28662.19,expired_card,11,1,113220.94,3,167,255,upi,0.452,0
TXN-02186,CUST-6776,20975.53,insufficient_balance,10,0,179371.65,0,139,553,upi,0.24,0
TXN-02187,CUST-8406,25252.82,temporary_bank_decline,7,1,73573.3,4,4,183,card,0.332,0
TXN-02188,CUST-2063,12957.17,insufficient_balance,1,3,173248.69,1,97,550,netbanking,0.3,0
TXN-02189,CUST-6378,17300.51,expired_card,1,1,10291.09,3,24,358,card,0.251,0
TXN-02190,CUST-1521,49782.55,temporary_bank_decline,7,1,91830.21,1,147,580,upi,0.423,1
TXN-02191,CUST-2175,14860.1,expired_card,8,1,133304.06,0,46,78,wallet,0.024,0
TXN-02192,CUST-6749,4680.12,authentication_failure,12,1,164144.5,3,44,276,netbanking,0.281,0
TXN-02193,CUST-4205,15703.97,insufficient_balance,8,2,139801.97,3,21,554,netbanking,0.27,0
TXN-02194,CUST-5417,42053.72,temporary_bank_decline,12,1,135617.34,2,68,45,upi,0.353,1
TXN-02195,CUST-2318,25384.98,insufficient_balance,9,0,27646.97,0,30,286,wallet,0.103,1
TXN-02196,CUST-1707,11142.35,expired_card,7,4,196895.7,1,141,300,upi,0.367,1
TXN-02197,CUST-4148,1886.81,network_error,4,2,194472.57,1,12,359,card,0.16,0
TXN-02198,CUST-6461,49471.02,network_error,5,0,58911.11,1,100,405,card,0.302,1
TXN-02199,CUST-4648,33991.33,network_error,8,2,62444.71,4,172,69,card,0.531,1
TXN-02200,CUST-2784,20368.94,insufficient_balance,8,1,77069.25,2,37,215,upi,0.289,0
TXN-02201,CUST-8242,2076.45,authentication_failure,6,2,153186.29,3,71,361,card,0.21,0
TXN-02202,CUST-5133,46815.53,temporary_bank_decline,8,2,129640.16,2,81,385,upi,0.358,1
TXN-02203,CUST-3466,39689.32,temporary_bank_decline,3,0,71391.52,4,8,489,upi,0.327,1
TXN-02204,CUST-1644,42943.74,authentication_failure,3,2,171231.12,0,26,418,card,0.221,0
TXN-02205,CUST-3020,45810.86,authentication_failure,13,3,27726.96,3,35,123,card,0.515,0
TXN-02206,CUST-2048,23010.31,temporary_bank_decline,7,1,157663.8,3,168,216,netbanking,0.436,0
TXN-02207,CUST-5029,25161.0,network_error,4,4,171622.19,2,52,510,upi,0.229,0
TXN-02208,CUST-2452,17141.33,temporary_bank_decline,5,3,55889.08,2,15,304,upi,0.314,1
TXN-02209,CUST-7283,42201.49,temporary_bank_decline,10,2,65577.09,4,156,102,upi,0.572,0
TXN-02210,CUST-1904,44197.92,insufficient_balance,11,1,194474.54,1,174,446,netbanking,0.369,0
TXN-02211,CUST-7394,20469.4,network_error,7,2,138943.47,3,129,451,upi,0.437,1
TXN-02212,CUST-1431,13093.17,expired_card,9,0,199014.81,4,103,20,netbanking,0.456,0
TXN-02213,CUST-6387,13028.74,authentication_failure,7,2,97903.73,0,171,160,upi,0.294,1
TXN-02214,CUST-2238,16207.96,authentication_failure,6,0,58007.27,3,132,548,upi,0.365,0
TXN-02215,CUST-1578,43021.71,insufficient_balance,7,1,60538.22,0,31,160,upi,0.204,0
TXN-02216,CUST-9794,16093.11,network_error,7,2,135658.78,3,1,470,upi,0.35,0
TXN-02217,CUST-9432,9676.4,expired_card,10,3,49179.31,1,29,251,netbanking,0.222,1
TXN-02218,CUST-6273,9970.6,expired_card,8,1,33675.6,3,46,122,upi,0.255,0
TXN-02219,CUST-6677,9660.27,expired_card,4,1,139923.5,1,83,598,card,0.205,1
TXN-02220,CUST-5429,40204.11,network_error,9,1,20118.61,0,142,42,upi,0.28,0
TXN-02221,CUST-2918,47814.21,authentication_failure,13,1,130028.5,1,114,454,card,0.356,0
TXN-02222,CUST-5267,1515.08,temporary_bank_decline,3,1,88188.17,3,31,216,wallet,0.329,0
TXN-02223,CUST-1978,6469.27,insufficient_balance,10,1,46459.3,0,77,493,card,0.094,1
TXN-02224,CUST-8215,22452.23,network_error,5,1,95603.29,2,120,72,wallet,0.343,0
TXN-02225,CUST-2821,805.21,authentication_failure,8,4,123909.62,0,150,113,upi,0.229,0
TXN-02226,CUST-2724,22872.57,network_error,6,2,61487.64,2,21,254,upi,0.33,0
TXN-02227,CUST-1420,43271.02,expired_card,9,2,150050.02,2,132,466,upi,0.474,0
TXN-02228,CUST-4595,41800.52,temporary_bank_decline,10,0,57272.93,2,12,298,upi,0.252,0
TXN-02229,CUST-1851,31069.09,temporary_bank_decline,8,1,90189.49,1,110,373,netbanking,0.442,1
TXN-02230,CUST-2773,31207.28,network_error,6,1,139102.53,2,1,329,upi,0.362,0
TXN-02231,CUST-2331,20039.67,expired_card,6,0,33183.82,1,110,359,card,0.207,1
TXN-02232,CUST-7447,33485.0,network_error,10,2,187199.32,0,109,545,upi,0.286,1
TXN-02233,CUST-9332,28122.1,temporary_bank_decline,6,1,70567.92,0,22,354,upi,0.2,1
TXN-02234,CUST-8619,10256.78,insufficient_balance,9,2,5423.99,4,136,492,netbanking,0.428,0
TXN-02235,CUST-2401,15779.14,network_error,4,4,192473.69,0,4,592,netbanking,0.181,1
TXN-02236,CUST-2611,19232.79,temporary_bank_decline,9,1,47644.58,4,171,518,upi,0.506,0
TXN-02237,CUST-8422,14549.77,temporary_bank_decline,5,3,43707.01,2,25,439,card,0.256,1
TXN-02238,CUST-7133,15034.59,network_error,8,4,181884.9,2,88,306,upi,0.344,0
TXN-02239,CUST-8019,26275.1,authentication_failure,11,1,92692.16,2,91,46,upi,0.348,0
TXN-02240,CUST-9658,33034.2,insufficient_balance,7,0,69159.81,2,164,294,wallet,0.331,0
TXN-02241,CUST-1355,34463.58,temporary_bank_decline,6,2,70293.77,1,175,235,card,0.308,0
TXN-02242,CUST-5998,15471.35,temporary_bank_decline,3,1,4771.91,2,98,118,netbanking,0.266,1
TXN-02243,CUST-7202,15872.78,network_error,10,2,72948.84,4,108,292,card,0.463,0
TXN-02244,CUST-9280,4724.25,expired_card,10,2,193914.79,1,65,513,card,0.162,0
TXN-02245,CUST-7142,49745.65,authentication_failure,15,2,92012.41,0,135,534,upi,0.449,0
TXN-02246,CUST-1120,18809.33,network_error,6,0,120802.48,0,167,333,card,0.214,0
TXN-02247,CUST-7115,44105.76,temporary_bank_decline,9,0,63410.43,1,11,510,card,0.226,1
TXN-02248,CUST-9399,36489.67,authentication_failure,8,0,70052.52,1,113,233,netbanking,0.276,1
TXN-02249,CUST-7227,49916.19,temporary_bank_decline,3,4,20505.92,0,170,150,card,0.451,1
TXN-02250,CUST-8206,48636.4,temporary_bank_decline,3,1,43600.91,1,53,436,upi,0.29,1
TXN-02251,CUST-2397,48404.3,temporary_bank_decline,13,2,170241.27,0,121,280,netbanking,0.339,0
TXN-02252,CUST-6426,14641.13,network_error,10,3,158405.25,4,158,178,wallet,0.444,0
TXN-02253,CUST-2091,30650.05,temporary_bank_decline,8,5,73382.52,1,159,36,card,0.502,0
TXN-02254,CUST-3312,20703.07,temporary_bank_decline,9,2,107293.15,4,126,541,card,0.377,1
TXN-02255,CUST-3197,2178.17,insufficient_balance,10,1,109007.7,1,100,343,wallet,0.088,0
TXN-02256,CUST-7596,30684.72,expired_card,8,4,3262.59,3,83,180,upi,0.558,0
TXN-02257,CUST-3102,25476.17,expired_card,9,0,106051.72,4,150,8,upi,0.42,0
TXN-02258,CUST-6507,27918.03,temporary_bank_decline,9,4,171615.55,2,90,452,wallet,0.389,0
TXN-02259,CUST-7343,28810.96,network_error,12,1,59794.51,3,26,372,card,0.342,1
TXN-02260,CUST-6515,21149.54,network_error,10,1,24003.26,2,29,438,netbanking,0.254,0
TXN-02261,CUST-6452,23982.13,expired_card,9,2,155595.45,3,7,437,wallet,0.284,1
TXN-02262,CUST-3863,18261.99,insufficient_balance,10,1,102585.93,4,145,96,upi,0.387,0
TXN-02263,CUST-6097,17479.37,network_error,2,0,51416.02,3,77,217,netbanking,0.311,1
TXN-02264,CUST-2604,19001.49,expired_card,7,3,69687.69,3,178,429,upi,0.377,0
TXN-02265,CUST-2547,1425.05,temporary_bank_decline,2,0,71165.67,2,146,512,netbanking,0.151,1
TXN-02266,CUST-1826,34083.47,insufficient_balance,9,5,8960.52,3,113,108,upi,0.501,0
TXN-02267,CUST-8838,35700.27,temporary_bank_decline,4,1,8503.81,1,106,314,upi,0.294,1
TXN-02268,CUST-5703,29122.43,insufficient_balance,9,3,11069.91,3,166,522,upi,0.445,0
TXN-02269,CUST-9480,25475.95,temporary_bank_decline,10,3,35479.14,0,134,227,upi,0.281,1
TXN-02270,CUST-4640,10716.29,insufficient_balance,4,0,85447.76,3,79,346,upi,0.263,0
TXN-02271,CUST-9596,19811.66,authentication_failure,5,2,118017.1,2,20,15,netbanking,0.246,0
TXN-02272,CUST-7686,23265.57,authentication_failure,8,3,168460.3,1,179,53,upi,0.39,0
TXN-02273,CUST-7461,28959.28,temporary_bank_decline,9,5,107784.56,2,28,454,card,0.375,0
TXN-02274,CUST-5244,21292.52,network_error,6,0,60050.56,2,164,253,card,0.265,1
TXN-02275,CUST-2691,33227.21,authentication_failure,8,3,97156.86,1,71,212,upi,0.366,1
TXN-02276,CUST-4693,22632.12,expired_card,8,3,198291.3,4,4,231,netbanking,0.258,0
TXN-02277,CUST-2374,20336.52,temporary_bank_decline,7,2,59846.78,0,101,368,card,0.131,1
TXN-02278,CUST-3959,5748.53,network_error,12,2,109604.94,0,163,470,upi,0.174,1
TXN-02279,CUST-5399,19593.78,temporary_bank_decline,7,4,4570.38,3,134,503,netbanking,0.444,0
TXN-02280,CUST-3356,45820.92,authentication_failure,7,0,108003.37,2,121,500,card,0.361,1
TXN-02281,CUST-2744,32046.1,insufficient_balance,3,1,22748.74,4,115,212,upi,0.495,0
TXN-02282,CUST-4555,6874.74,temporary_bank_decline,6,3,118332.11,1,62,594,card,0.251,1
TXN-02283,CUST-5753,42739.51,expired_card,13,2,192188.59,4,99,487,netbanking,0.482,0
TXN-02284,CUST-1481,49444.57,temporary_bank_decline,4,2,127473.82,2,63,405,card,0.382,0
TXN-02285,CUST-9634,29945.64,authentication_failure,10,0,65431.57,0,41,265,upi,0.055,1
TXN-02286,CUST-1736,6878.0,insufficient_balance,9,3,195640.29,2,3,502,card,0.267,0
TXN-02287,CUST-2540,33920.49,temporary_bank_decline,4,2,103773.1,1,17,331,upi,0.228,0
TXN-02288,CUST-8232,556.5,temporary_bank_decline,10,2,44359.71,0,108,131,upi,0.157,1
TXN-02289,CUST-1459,19811.38,network_error,5,3,68984.55,1,165,550,upi,0.361,0
TXN-02290,CUST-5216,2210.5,authentication_failure,9,3,59776.07,0,112,262,card,0.235,1
TXN-02291,CUST-7239,35900.86,network_error,6,3,3075.04,4,179,536,card,0.618,0
TXN-02292,CUST-5369,11083.49,temporary_bank_decline,5,0,21961.05,3,70,397,upi,0.269,0
TXN-02293,CUST-1851,31227.58,temporary_bank_decline,11,4,176895.31,1,54,531,upi,0.351,1
TXN-02294,CUST-6845,22712.08,network_error,15,0,26108.43,3,94,227,wallet,0.361,0
TXN-02295,CUST-4976,48425.58,temporary_bank_decline,4,4,117994.07,4,165,100,upi,0.688,0
TXN-02296,CUST-3117,24467.83,temporary_bank_decline,12,4,7371.83,1,23,74,netbanking,0.218,0
TXN-02297,CUST-9169,41527.82,authentication_failure,7,3,36028.67,3,99,569,netbanking,0.541,0
TXN-02298,CUST-1470,14350.73,temporary_bank_decline,10,2,160762.01,3,178,334,card,0.407,1
TXN-02299,CUST-5508,15997.89,temporary_bank_decline,7,0,118169.42,0,101,562,netbanking,0.164,1
TXN-02300,CUST-3675,15906.03,expired_card,6,3,137523.28,4,80,350,netbanking,0.38,0
TXN-02301,CUST-5427,6463.94,network_error,14,2,94979.82,2,48,86,card,0.221,1
TXN-02302,CUST-5983,32664.87,network_error,11,1,136580.88,4,2,115,wallet,0.399,1
TXN-02303,CUST-6319,45208.14,insufficient_balance,10,1,163365.48,4,101,426,card,0.491,0
TXN-02304,CUST-9981,26648.84,temporary_bank_decline,5,1,16617.26,0,130,512,wallet,0.275,1
TXN-02305,CUST-9571,11162.77,authentication_failure,13,0,147683.16,2,149,197,wallet,0.228,0
TXN-02306,CUST-9068,2519.11,temporary_bank_decline,9,3,144677.71,0,8,276,upi,0.094,1
TXN-02307,CUST-6068,5646.05,authentication_failure,6,0,98068.68,1,80,226,card,0.104,0
TXN-02308,CUST-2122,38191.57,expired_card,7,3,27612.32,0,161,234,wallet,0.353,1
TXN-02309,CUST-7127,34677.25,network_error,7,5,49784.97,2,133,578,upi,0.595,0
TXN-02310,CUST-4473,2040.24,insufficient_balance,7,2,33125.23,3,52,357,card,0.298,0
TXN-02311,CUST-1210,18563.55,network_error,8,2,135823.49,0,17,391,upi,0.147,0
TXN-02312,CUST-7367,5783.77,temporary_bank_decline,8,2,164062.88,2,146,498,upi,0.28,0
TXN-02313,CUST-5397,11816.89,expired_card,15,1,5876.05,2,145,198,upi,0.373,1
TXN-02314,CUST-7162,43411.63,network_error,8,0,8799.05,0,21,210,card,0.231,1
TXN-02315,CUST-3090,5659.2,temporary_bank_decline,6,1,107963.54,4,94,444,card,0.22,0
TXN-02316,CUST-8347,12884.37,temporary_bank_decline,11,0,28783.49,2,35,337,card,0.168,1
TXN-02317,CUST-5654,35318.09,insufficient_balance,8,1,98118.03,4,133,251,card,0.508,0
TXN-02318,CUST-8167,21231.19,authentication_failure,9,1,77276.83,3,24,315,wallet,0.304,0
TXN-02319,CUST-2025,31862.31,network_error,15,2,134084.18,3,126,309,upi,0.409,1
TXN-02320,CUST-9538,42769.42,temporary_bank_decline,6,0,109314.76,2,85,468,wallet,0.4,1
TXN-02321,CUST-5786,37548.17,temporary_bank_decline,6,6,182765.86,0,95,6,upi,0.44,0
TXN-02322,CUST-6596,39379.23,temporary_bank_decline,13,1,161098.23,3,31,306,upi,0.341,1
TXN-02323,CUST-2790,9064.3,expired_card,7,1,154076.2,2,9,307,card,0.201,0
TXN-02324,CUST-2230,16912.02,temporary_bank_decline,9,2,173799.69,4,156,418,card,0.463,1
TXN-02325,CUST-6475,19360.95,temporary_bank_decline,7,1,24688.55,0,140,206,card,0.246,0
TXN-02326,CUST-8384,20633.72,network_error,5,2,101934.18,4,174,48,netbanking,0.49,0
TXN-02327,CUST-8606,25228.84,network_error,9,2,128252.95,4,77,228,card,0.4,0
TXN-02328,CUST-1024,49176.7,insufficient_balance,11,1,191809.4,1,125,346,card,0.294,0
TXN-02329,CUST-4834,1148.02,insufficient_balance,8,1,72485.47,0,80,575,card,0.203,1
TXN-02330,CUST-2587,28427.06,insufficient_balance,8,0,131485.74,3,119,538,upi,0.409,0
TXN-02331,CUST-3016,24215.73,temporary_bank_decline,7,1,115670.29,1,106,404,upi,0.353,0
TXN-02332,CUST-4984,41860.47,temporary_bank_decline,10,4,188651.86,4,103,194,upi,0.53,0
TXN-02333,CUST-6416,48193.74,expired_card,7,0,195791.74,2,137,86,wallet,0.434,0
TXN-02334,CUST-3896,21865.15,temporary_bank_decline,13,1,104801.63,1,77,340,upi,0.301,0
TXN-02335,CUST-2926,3716.15,authentication_failure,8,1,194103.83,2,59,335,upi,0.146,1
TXN-02336,CUST-4037,27570.45,temporary_bank_decline,6,3,125237.51,4,21,442,card,0.377,0
TXN-02337,CUST-4944,7787.02,temporary_bank_decline,8,3,85471.0,2,155,556,upi,0.276,0
TXN-02338,CUST-1676,28252.89,insufficient_balance,4,0,26567.7,1,2,424,upi,0.195,1
TXN-02339,CUST-6762,29040.05,network_error,6,4,182435.72,3,165,488,upi,0.464,0
TXN-02340,CUST-1361,5586.99,temporary_bank_decline,10,4,49454.64,1,149,211,upi,0.28,1
TXN-02341,CUST-1724,11787.86,expired_card,8,0,47566.8,2,145,472,card,0.272,0
TXN-02342,CUST-4311,38788.4,authentication_failure,13,1,115089.26,2,172,386,upi,0.456,0
TXN-02343,CUST-9515,34916.45,network_error,10,3,40053.75,3,23,111,card,0.385,0
TXN-02344,CUST-5202,12032.83,expired_card,2,3,56860.81,0,101,237,upi,0.19,0
TXN-02345,CUST-4801,44800.16,authentication_failure,13,1,140671.66,4,103,314,wallet,0.498,0
TXN-02346,CUST-7718,46958.55,authentication_failure,10,2,128632.8,1,102,269,upi,0.363,0
TXN-02347,CUST-6880,6712.45,insufficient_balance,9,1,130356.99,0,16,441,card,0.107,0
TXN-02348,CUST-8272,12455.01,temporary_bank_decline,11,1,82005.94,0,85,326,card,0.131,1
TXN-02349,CUST-8027,3988.8,temporary_bank_decline,7,2,95464.32,4,121,507,upi,0.423,1
TXN-02350,CUST-3782,27983.12,temporary_bank_decline,4,2,63820.0,1,14,177,upi,0.225,1
TXN-02351,CUST-5828,25406.38,expired_card,11,4,2674.69,1,65,286,card,0.302,1
TXN-02352,CUST-2187,38702.59,network_error,10,2,199767.81,2,108,299,wallet,0.349,0
TXN-02353,CUST-3160,47479.91,temporary_bank_decline,5,0,106999.24,2,47,104,card,0.273,1
TXN-02354,CUST-2263,9054.16,expired_card,5,2,4716.45,4,152,534,upi,0.435,0
TXN-02355,CUST-6185,17850.94,temporary_bank_decline,10,3,134085.5,0,160,530,card,0.337,1
TXN-02356,CUST-4863,40241.85,temporary_bank_decline,8,4,35795.76,0,102,578,upi,0.361,0
TXN-02357,CUST-9327,27856.29,network_error,12,1,175089.27,2,110,18,card,0.429,1
TXN-02358,CUST-2170,21524.94,temporary_bank_decline,11,1,31692.25,0,12,457,upi,0.214,1
TXN-02359,CUST-8233,3913.43,temporary_bank_decline,6,0,153604.72,4,171,479,upi,0.347,1
TXN-02360,CUST-6947,11453.32,network_error,4,0,182411.56,4,159,413,wallet,0.439,0
TXN-02361,CUST-4436,19962.39,expired_card,13,1,187564.25,2,89,178,card,0.276,0
TXN-02362,CUST-7776,43680.17,network_error,11,3,188176.11,4,36,530,upi,0.401,0
TXN-02363,CUST-4732,2749.17,temporary_bank_decline,10,3,118577.97,1,165,199,upi,0.277,1
TXN-02364,CUST-9607,13639.31,insufficient_balance,12,1,63363.23,3,146,590,upi,0.326,1
TXN-02365,CUST-1504,17473.42,authentication_failure,12,1,40301.65,1,14,512,upi,0.17,1
TXN-02366,CUST-6565,11975.73,authentication_failure,7,2,58809.54,1,148,376,upi,0.305,0
TXN-02367,CUST-7325,30203.68,temporary_bank_decline,12,2,120762.68,3,168,385,card,0.396,1
TXN-02368,CUST-5202,6406.7,network_error,9,2,79549.0,0,74,588,card,0.076,1
TXN-02369,CUST-6536,48102.41,temporary_bank_decline,3,1,89939.72,0,122,560,card,0.227,0
TXN-02370,CUST-4964,1471.11,network_error,15,2,154683.06,3,87,124,upi,0.281,0
TXN-02371,CUST-6875,1278.52,insufficient_balance,4,0,151984.01,4,163,409,upi,0.404,1
TXN-02372,CUST-3659,34964.4,insufficient_balance,7,2,77952.24,1,68,239,upi,0.285,0
TXN-02373,CUST-2917,19686.67,expired_card,13,0,34517.17,4,33,119,card,0.294,0
TXN-02374,CUST-4203,20433.47,temporary_bank_decline,8,0,73277.54,1,140,208,upi,0.237,1
TXN-02375,CUST-2805,24397.41,insufficient_balance,9,1,108916.32,0,65,571,wallet,0.137,0
TXN-02376,CUST-5227,17431.88,insufficient_balance,7,2,15452.02,4,141,291,card,0.507,0
TXN-02377,CUST-7051,2216.3,authentication_failure,7,1,3157.69,0,111,115,upi,0.177,0
TXN-02378,CUST-9934,1169.4,expired_card,11,0,191808.44,0,61,142,wallet,0.075,0
TXN-02379,CUST-9327,45976.47,temporary_bank_decline,7,0,197339.37,0,64,498,upi,0.229,1
TXN-02380,CUST-6586,6764.95,temporary_bank_decline,1,0,23641.15,1,8,556,upi,0.0,0
TXN-02381,CUST-7243,35966.63,temporary_bank_decline,13,0,64276.78,0,42,270,wallet,0.142,1
TXN-02382,CUST-8997,11748.32,authentication_failure,12,3,145233.56,1,30,590,upi,0.147,1
TXN-02383,CUST-8211,15424.62,authentication_failure,7,0,109349.03,1,78,543,netbanking,0.186,1
TXN-02384,CUST-9640,29260.24,temporary_bank_decline,3,0,192228.36,0,171,174,upi,0.258,1
TXN-02385,CUST-4128,6211.88,network_error,8,0,181403.45,2,107,350,card,0.213,1
TXN-02386,CUST-8054,5881.44,network_error,7,2,170275.69,3,13,348,upi,0.19,1
TXN-02387,CUST-5828,21993.94,temporary_bank_decline,8,0,151689.25,2,69,501,netbanking,0.201,1
TXN-02388,CUST-5574,14130.06,expired_card,8,1,18782.24,4,127,402,netbanking,0.333,0
TXN-02389,CUST-1230,39906.19,authentication_failure,5,3,161068.15,4,80,333,upi,0.511,0
TXN-02390,CUST-4988,22736.25,expired_card,9,3,162268.77,0,90,153,card,0.243,0
TXN-02391,CUST-6334,44994.6,expired_card,12,3,37396.28,4,123,271,netbanking,0.631,0
TXN-02392,CUST-2097,26959.35,authentication_failure,9,1,161393.99,0,31,219,card,0.199,0
TXN-02393,CUST-8239,4395.91,expired_card,9,0,142846.81,3,127,444,upi,0.231,0
TXN-02394,CUST-2341,17124.49,expired_card,6,1,140077.31,2,38,240,wallet,0.281,0
TXN-02395,CUST-9878,35395.56,temporary_bank_decline,5,1,149208.99,2,95,393,card,0.298,1
TXN-02396,CUST-7911,31074.13,expired_card,6,2,73411.09,4,140,384,netbanking,0.527,0
TXN-02397,CUST-8661,2421.65,network_error,4,1,74004.06,4,46,142,card,0.293,0
TXN-02398,CUST-3377,21952.6,network_error,11,1,54198.15,0,111,481,wallet,0.241,0
TXN-02399,CUST-5008,21702.97,network_error,7,0,52299.62,4,36,116,card,0.248,0
TXN-02400,CUST-9454,14467.36,expired_card,10,2,159110.83,2,86,152,upi,0.213,0
TXN-02401,CUST-4966,45905.62,insufficient_balance,4,2,181232.17,4,2,515,netbanking,0.538,0
TXN-02402,CUST-7715,24267.94,authentication_failure,7,1,102305.54,1,81,139,upi,0.301,0
TXN-02403,CUST-3754,10808.91,temporary_bank_decline,5,1,133918.31,2,112,531,netbanking,0.304,0
TXN-02404,CUST-2061,14002.36,insufficient_balance,12,2,8866.7,1,64,154,wallet,0.283,0
TXN-02405,CUST-9929,2377.13,expired_card,5,3,144113.73,0,124,175,card,0.263,0
TXN-02406,CUST-4668,19814.29,expired_card,10,1,50283.74,0,6,514,card,0.096,1
TXN-02407,CUST-7739,47855.76,network_error,14,0,110744.23,1,141,10,upi,0.382,1
TXN-02408,CUST-5765,48912.9,temporary_bank_decline,9,2,107894.38,2,148,521,upi,0.418,0
TXN-02409,CUST-5989,38555.44,insufficient_balance,7,1,152576.43,3,4,400,upi,0.334,1
TXN-02410,CUST-9138,21976.2,authentication_failure,10,1,57856.21,4,95,97,upi,0.392,0
TXN-02411,CUST-7682,38712.22,temporary_bank_decline,10,2,156838.52,0,104,458,upi,0.395,1
TXN-02412,CUST-5609,38060.15,expired_card,7,0,103886.07,0,64,559,upi,0.204,0
TXN-02413,CUST-4665,10690.54,authentication_failure,9,3,74101.38,3,169,327,upi,0.415,1
TXN-02414,CUST-1217,29628.88,authentication_failure,10,0,14078.68,4,80,438,upi,0.423,1
TXN-02415,CUST-9130,38477.38,temporary_bank_decline,15,1,130910.17,1,162,38,upi,0.38,1
TXN-02416,CUST-7984,8793.3,temporary_bank_decline,6,4,91298.91,3,46,264,card,0.328,1
TXN-02417,CUST-1786,13063.33,temporary_bank_decline,10,1,4207.45,1,94,201,card,0.252,1
TXN-02418,CUST-1947,37997.65,insufficient_balance,7,0,95115.01,0,85,302,upi,0.196,1
TXN-02419,CUST-2382,35692.21,temporary_bank_decline,8,0,46055.69,1,125,508,upi,0.203,1
TXN-02420,CUST-4110,38448.48,expired_card,11,0,108713.93,4,82,82,wallet,0.391,0
TXN-02421,CUST-3214,34495.12,authentication_failure,8,1,162357.07,2,14,139,netbanking,0.291,1
TXN-02422,CUST-3731,17971.98,insufficient_balance,6,2,172317.97,0,88,418,card,0.18,0
TXN-02423,CUST-5320,7795.55,expired_card,4,3,98295.12,0,35,153,upi,0.15,0
TXN-02424,CUST-8796,30327.49,expired_card,10,3,160769.99,3,121,240,wallet,0.453,0
TXN-02425,CUST-7474,26021.09,temporary_bank_decline,15,1,136121.5,0,151,252,card,0.284,1
TXN-02426,CUST-6928,4107.92,temporary_bank_decline,10,2,94024.5,1,61,492,upi,0.216,0
TXN-02427,CUST-4145,9324.85,authentication_failure,5,5,32499.98,2,100,472,upi,0.47,0
TXN-02428,CUST-2455,24046.41,temporary_bank_decline,1,4,136076.6,4,56,244,upi,0.432,1
TXN-02429,CUST-2212,1159.99,insufficient_balance,8,1,79223.74,1,45,164,upi,0.009,1
TXN-02430,CUST-4933,3285.49,expired_card,5,5,14600.91,3,81,165,card,0.469,0
TXN-02431,CUST-1768,49243.76,temporary_bank_decline,13,1,73224.26,3,129,55,card,0.523,1
TXN-02432,CUST-1748,45528.26,insufficient_balance,9,2,157884.81,0,46,377,netbanking,0.256,1
TXN-02433,CUST-5947,10396.03,temporary_bank_decline,13,2,165856.96,4,99,297,card,0.398,0
TXN-02434,CUST-1725,8276.96,expired_card,9,3,50339.67,2,17,542,upi,0.222,1
TXN-02435,CUST-5310,25878.59,expired_card,5,3,110718.21,4,57,202,card,0.438,0
TXN-02436,CUST-1034,31143.07,temporary_bank_decline,2,3,149158.31,4,64,473,upi,0.476,0
TXN-02437,CUST-5003,16654.32,temporary_bank_decline,8,1,100092.76,0,73,530,card,0.115,0
TXN-02438,CUST-5375,34647.11,insufficient_balance,5,2,105987.25,0,27,368,card,0.267,1
TXN-02439,CUST-2715,46974.89,temporary_bank_decline,6,0,171952.86,0,98,313,upi,0.205,0
TXN-02440,CUST-4540,1861.42,temporary_bank_decline,7,3,74896.75,1,113,98,wallet,0.241,1
TXN-02441,CUST-6413,42641.2,authentication_failure,7,2,34529.95,3,127,142,upi,0.608,0
TXN-02442,CUST-3829,49262.03,temporary_bank_decline,5,1,2862.83,1,70,592,upi,0.36,0
TXN-02443,CUST-7049,19581.16,insufficient_balance,1,4,147942.78,4,39,281,upi,0.54,0
TXN-02444,CUST-4899,9958.23,temporary_bank_decline,9,2,186036.84,0,110,439,upi,0.14,1
TXN-02445,CUST-1046,8030.22,network_error,8,3,131292.79,4,13,95,netbanking,0.351,0
TXN-02446,CUST-1983,28281.17,expired_card,8,1,194629.54,3,118,565,card,0.334,0
TXN-02447,CUST-1988,11483.66,temporary_bank_decline,10,2,188599.25,1,155,423,upi,0.297,1
TXN-02448,CUST-9659,9591.04,insufficient_balance,11,1,175657.97,3,157,333,netbanking,0.369,0
TXN-02449,CUST-9721,41772.88,temporary_bank_decline,17,2,129327.8,0,10,194,wallet,0.207,1
TXN-02450,CUST-8981,18097.79,authentication_failure,8,2,58958.31,1,27,167,upi,0.194,1
TXN-02451,CUST-7582,13598.83,network_error,6,2,107594.01,3,171,206,netbanking,0.435,0
TXN-02452,CUST-7799,36479.86,insufficient_balance,5,1,56905.34,1,163,83,card,0.435,1
TXN-02453,CUST-3762,31022.57,temporary_bank_decline,11,2,28347.45,2,26,570,card,0.321,1
TXN-02454,CUST-6951,37599.13,temporary_bank_decline,4,0,59536.41,0,62,401,upi,0.193,1
TXN-02455,CUST-3312,23748.15,temporary_bank_decline,8,2,190619.42,4,85,174,card,0.49,0
TXN-02456,CUST-6323,40020.57,temporary_bank_decline,9,2,191051.82,2,168,38,card,0.55,0
TXN-02457,CUST-2252,21714.88,temporary_bank_decline,5,4,68204.55,0,29,207,card,0.251,0
TXN-02458,CUST-9010,37855.78,network_error,3,4,56263.25,3,93,308,card,0.443,0
TXN-02459,CUST-2958,23075.19,expired_card,7,0,141495.69,2,167,213,netbanking,0.417,0
TXN-02460,CUST-4503,32492.59,network_error,11,0,95518.41,1,85,42,upi,0.171,1
TXN-02461,CUST-5315,42457.89,insufficient_balance,9,1,14369.24,3,28,225,upi,0.416,0
TXN-02462,CUST-6769,45674.13,temporary_bank_decline,9,0,173690.33,4,81,165,upi,0.377,1
TXN-02463,CUST-7290,25847.99,temporary_bank_decline,7,0,189161.09,2,74,153,netbanking,0.331,0
TXN-02464,CUST-5042,13409.88,authentication_failure,8,1,37926.85,1,151,429,card,0.274,0
TXN-02465,CUST-6920,17895.62,insufficient_balance,8,2,136961.36,2,35,578,upi,0.279,0
TXN-02466,CUST-9018,13339.71,network_error,10,0,56924.27,1,69,526,wallet,0.151,0
TXN-02467,CUST-8909,43752.16,temporary_bank_decline,3,2,53135.95,3,104,596,upi,0.445,1
TXN-02468,CUST-1271,21816.96,temporary_bank_decline,10,1,171121.7,0,18,598,wallet,0.224,1
TXN-02469,CUST-3412,41061.5,authentication_failure,6,1,8499.66,4,140,513,card,0.6,1
TXN-02470,CUST-9417,35415.01,insufficient_balance,5,2,128959.35,3,110,153,card,0.438,0
TXN-02471,CUST-7794,19795.63,insufficient_balance,11,2,169233.61,0,1,455,netbanking,0.113,1
TXN-02472,CUST-4710,23905.5,temporary_bank_decline,7,0,126372.49,1,19,317,upi,0.247,1
TXN-02473,CUST-1843,19118.82,insufficient_balance,7,2,150519.47,3,7,364,upi,0.329,0
TXN-02474,CUST-4097,9377.87,insufficient_balance,10,2,89928.78,1,122,483,netbanking,0.287,1
TXN-02475,CUST-2321,8085.64,temporary_bank_decline,5,1,64155.64,3,9,126,netbanking,0.252,1
TXN-02476,CUST-4941,11122.25,temporary_bank_decline,7,2,135713.98,1,170,515,card,0.436,1
TXN-02477,CUST-9955,33238.81,temporary_bank_decline,5,1,172294.54,0,150,323,upi,0.327,0
TXN-02478,CUST-1685,40535.41,temporary_bank_decline,11,1,131048.91,4,117,332,netbanking,0.658,1
TXN-02479,CUST-9857,14027.71,insufficient_balance,13,3,117054.94,1,145,397,card,0.329,0
TXN-02480,CUST-8217,45866.55,insufficient_balance,7,4,106793.01,2,177,470,netbanking,0.547,0
TXN-02481,CUST-6529,31864.36,temporary_bank_decline,5,4,45678.38,0,97,360,card,0.315,1
TXN-02482,CUST-7456,23938.44,authentication_failure,10,0,25184.96,4,179,417,wallet,0.466,0
TXN-02483,CUST-5636,11522.76,temporary_bank_decline,11,2,76490.32,3,40,102,upi,0.275,0
TXN-02484,CUST-1570,4454.41,temporary_bank_decline,7,1,40231.66,4,178,388,upi,0.479,1
TXN-02485,CUST-7901,27415.09,authentication_failure,4,1,162494.78,0,148,93,upi,0.28,1
TXN-02486,CUST-9755,20862.58,temporary_bank_decline,3,2,191362.9,1,56,464,card,0.216,0
TXN-02487,CUST-5195,41066.36,temporary_bank_decline,5,0,84290.79,0,30,590,card,0.288,1
TXN-02488,CUST-8181,40366.61,expired_card,3,1,45262.89,3,64,377,wallet,0.467,1
TXN-02489,CUST-1666,41087.47,temporary_bank_decline,8,1,188208.61,3,52,497,upi,0.375,0
TXN-02490,CUST-1263,42746.52,temporary_bank_decline,10,3,113790.23,1,92,272,card,0.417,1
TXN-02491,CUST-2396,5606.61,authentication_failure,8,2,10548.05,3,169,525,upi,0.384,0
TXN-02492,CUST-4424,16504.28,temporary_bank_decline,11,0,80942.46,1,143,357,upi,0.245,1
TXN-02493,CUST-8683,17699.02,expired_card,14,1,134131.33,3,23,599,upi,0.156,1
TXN-02494,CUST-2230,36030.65,temporary_bank_decline,12,3,130201.74,2,14,502,upi,0.366,0
TXN-02495,CUST-4146,39341.43,temporary_bank_decline,10,4,139435.7,0,126,584,card,0.351,0
TXN-02496,CUST-2046,7395.13,temporary_bank_decline,3,0,153172.01,0,166,538,card,0.181,1
TXN-02497,CUST-9699,32915.85,network_error,7,1,144472.02,4,14,570,card,0.335,0
TXN-02498,CUST-8983,6997.43,network_error,12,2,3479.88,0,110,457,card,0.192,0
TXN-02499,CUST-1993,19311.18,expired_card,9,0,127161.34,3,55,142,netbanking,0.241,0
TXN-02500,CUST-5080,49163.8,temporary_bank_decline,10,0,36225.94,2,59,101,netbanking,0.399,1
TXN-02501,CUST-9597,15506.31,expired_card,8,4,61543.61,2,136,294,upi,0.428,0
TXN-02502,CUST-7657,44597.26,temporary_bank_decline,6,1,177295.36,0,122,350,wallet,0.279,1
TXN-02503,CUST-9522,35270.91,network_error,4,0,38848.24,4,176,148,card,0.516,0
TXN-02504,CUST-5839,45011.3,expired_card,11,2,101762.62,0,172,68,card,0.349,0
TXN-02505,CUST-2247,24320.82,temporary_bank_decline,8,2,16505.02,1,87,362,netbanking,0.277,1
TXN-02506,CUST-2746,31293.03,temporary_bank_decline,15,1,50064.14,1,118,96,netbanking,0.251,1
TXN-02507,CUST-3543,26415.73,temporary_bank_decline,2,1,70740.87,4,5,506,upi,0.246,0
TXN-02508,CUST-6745,46179.32,insufficient_balance,7,0,119614.58,4,48,168,card,0.39,0
TXN-02509,CUST-3823,11696.65,insufficient_balance,12,1,196491.6,4,73,306,upi,0.323,1
TXN-02510,CUST-3743,25307.23,expired_card,13,1,31808.59,2,112,483,card,0.337,0
TXN-02511,CUST-1017,24229.09,expired_card,10,2,5803.35,3,33,182,card,0.354,1
TXN-02512,CUST-3537,1369.36,expired_card,7,2,6950.58,0,141,108,card,0.254,1
TXN-02513,CUST-5658,45940.17,network_error,9,3,10473.33,4,133,442,wallet,0.623,0
TXN-02514,CUST-5482,1772.04,insufficient_balance,9,3,91490.06,3,113,518,upi,0.361,0
TXN-02515,CUST-7996,16287.74,temporary_bank_decline,13,2,126598.33,1,46,251,card,0.141,1
TXN-02516,CUST-3976,29451.34,insufficient_balance,4,1,144965.95,3,175,581,upi,0.419,0
TXN-02517,CUST-3255,31426.35,temporary_bank_decline,10,0,102722.58,2,148,532,upi,0.375,0
TXN-02518,CUST-8685,48609.55,network_error,9,2,114914.25,1,150,104,upi,0.42,1
TXN-02519,CUST-7359,18943.54,expired_card,4,3,157453.99,1,138,514,upi,0.172,0
TXN-02520,CUST-5800,32351.75,temporary_bank_decline,4,3,185566.22,2,76,33,upi,0.379,0
TXN-02521,CUST-5168,28639.46,temporary_bank_decline,9,0,166066.6,1,58,351,wallet,0.269,1
TXN-02522,CUST-4092,48013.89,authentication_failure,10,0,174480.47,2,139,138,upi,0.357,0
TXN-02523,CUST-6772,47523.5,insufficient_balance,15,0,102470.02,2,172,472,netbanking,0.47,1
TXN-02524,CUST-3768,19641.74,authentication_failure,7,3,163923.35,1,161,157,wallet,0.324,0
TXN-02525,CUST-9106,33883.19,expired_card,4,3,20510.05,3,116,403,netbanking,0.541,0
TXN-02526,CUST-9655,34866.57,expired_card,12,1,170881.45,3,83,209,netbanking,0.399,0
TXN-02527,CUST-6420,35790.78,expired_card,13,1,197758.15,0,80,441,netbanking,0.215,0
TXN-02528,CUST-6549,22072.72,temporary_bank_decline,10,3,64932.26,3,121,563,card,0.42,0
TXN-02529,CUST-1746,20455.96,temporary_bank_decline,4,1,115744.86,0,131,36,wallet,0.223,0
TXN-02530,CUST-2884,21258.99,temporary_bank_decline,15,3,3388.19,1,151,281,wallet,0.428,0
TXN-02531,CUST-9716,5653.86,insufficient_balance,4,4,189507.26,1,80,492,netbanking,0.27,1
TXN-02532,CUST-2005,37080.15,insufficient_balance,7,1,7027.74,0,11,458,upi,0.176,1
TXN-02533,CUST-1918,8721.11,expired_card,5,4,157962.95,0,174,341,netbanking,0.303,0
TXN-02534,CUST-2147,35751.66,temporary_bank_decline,7,1,118165.86,3,25,178,upi,0.35,1
TXN-02535,CUST-3510,26863.76,temporary_bank_decline,12,0,36161.53,1,132,386,card,0.251,0
TXN-02536,CUST-2897,24631.44,authentication_failure,9,4,114611.4,2,154,596,netbanking,0.459,0
TXN-02537,CUST-7880,26240.24,insufficient_balance,11,2,151562.34,3,16,162,card,0.238,1
TXN-02538,CUST-1032,45240.5,insufficient_balance,14,2,17349.36,4,100,501,netbanking,0.613,0
TXN-02539,CUST-1031,9604.92,insufficient_balance,3,1,68970.31,1,155,354,netbanking,0.222,0
TXN-02540,CUST-9964,45965.96,insufficient_balance,9,1,94140.22,3,83,424,upi,0.475,0
TXN-02541,CUST-8604,40108.52,expired_card,9,3,45727.4,4,148,86,upi,0.584,0
TXN-02542,CUST-2863,23297.61,expired_card,9,0,99536.07,2,104,568,upi,0.141,0
TXN-02543,CUST-4575,20548.98,expired_card,4,3,148387.98,0,87,442,upi,0.239,0
TXN-02544,CUST-4712,11555.69,expired_card,5,1,7790.35,4,71,295,netbanking,0.339,0
TXN-02545,CUST-8924,12685.15,temporary_bank_decline,6,0,171887.0,1,51,332,card,0.159,1
TXN-02546,CUST-4778,33130.08,temporary_bank_decline,4,2,128440.84,3,61,247,card,0.381,0
TXN-02547,CUST-2206,23634.61,authentication_failure,5,0,105402.66,2,101,229,netbanking,0.289,0
TXN-02548,CUST-2791,6292.69,temporary_bank_decline,12,2,173038.34,1,3,115,wallet,0.126,0
TXN-02549,CUST-1134,32908.11,authentication_failure,7,0,121847.37,2,106,162,card,0.25,1
TXN-02550,CUST-7825,17899.21,temporary_bank_decline,6,0,32256.22,2,155,599,netbanking,0.272,0
TXN-02551,CUST-7227,16305.31,insufficient_balance,5,3,116458.08,0,151,332,card,0.313,0
TXN-02552,CUST-5334,20621.34,insufficient_balance,4,4,179510.38,4,88,247,wallet,0.461,0
TXN-02553,CUST-4345,34372.42,temporary_bank_decline,6,1,162196.65,4,65,542,card,0.373,1
TXN-02554,CUST-8919,26086.16,expired_card,9,0,173358.54,1,156,395,card,0.233,0
TXN-02555,CUST-6341,31357.94,insufficient_balance,7,3,36758.88,3,137,8,upi,0.535,0
TXN-02556,CUST-9442,31550.77,expired_card,11,5,33776.6,0,23,126,upi,0.215,1
TXN-02557,CUST-4568,25037.36,authentication_failure,7,4,194106.72,2,45,59,upi,0.382,0
TXN-02558,CUST-9037,14597.76,temporary_bank_decline,6,1,163877.06,1,71,187,upi,0.217,1
TXN-02559,CUST-2398,44883.48,expired_card,13,2,80394.43,3,153,558,card,0.524,0
TXN-02560,CUST-5415,21843.62,temporary_bank_decline,13,1,79060.33,4,119,531,card,0.53,1
TXN-02561,CUST-3227,18472.58,insufficient_balance,8,3,153150.23,2,70,458,card,0.375,0
TXN-02562,CUST-2476,7439.79,network_error,8,2,6878.78,4,87,585,card,0.317,0
TXN-02563,CUST-3376,32939.38,insufficient_balance,12,0,27424.66,0,175,146,netbanking,0.278,1
TXN-02564,CUST-7271,40886.62,expired_card,3,0,127391.49,1,43,8,wallet,0.251,0
TXN-02565,CUST-5280,30898.27,expired_card,12,2,173999.35,0,83,86,upi,0.297,1
TXN-02566,CUST-9668,12466.64,authentication_failure,4,5,35628.23,2,177,444,upi,0.454,0
TXN-02567,CUST-4205,19085.98,temporary_bank_decline,11,1,12903.67,4,118,410,upi,0.37,0
TXN-02568,CUST-2491,13240.03,expired_card,11,2,61224.89,0,69,569,netbanking,0.175,0
TXN-02569,CUST-5726,44001.2,insufficient_balance,10,1,45722.84,3,63,557,card,0.466,0
TXN-02570,CUST-3059,20943.48,temporary_bank_decline,8,1,161668.0,0,136,50,upi,0.251,0
TXN-02571,CUST-3468,24623.31,authentication_failure,6,0,49202.96,0,173,526,upi,0.233,1
TXN-02572,CUST-2703,34115.19,authentication_failure,11,2,88651.65,3,57,158,upi,0.462,0
TXN-02573,CUST-6654,35041.14,expired_card,10,4,97477.85,2,79,206,upi,0.341,0
TXN-02574,CUST-3050,4222.41,temporary_bank_decline,13,1,35697.15,2,46,221,upi,0.161,0
TXN-02575,CUST-5203,27308.46,expired_card,9,2,20528.41,2,151,48,card,0.334,0
TXN-02576,CUST-3648,29059.66,temporary_bank_decline,11,3,190329.16,3,75,488,wallet,0.403,0
TXN-02577,CUST-3732,46973.18,authentication_failure,9,0,88044.94,4,137,331,upi,0.477,0
TXN-02578,CUST-7707,2598.71,authentication_failure,10,0,101478.64,4,16,267,netbanking,0.222,0
TXN-02579,CUST-7936,4651.95,temporary_bank_decline,10,1,75234.61,2,18,145,upi,0.143,1
TXN-02580,CUST-3868,41586.53,authentication_failure,5,3,8205.05,3,64,528,card,0.46,0
TXN-02581,CUST-2667,16136.91,temporary_bank_decline,5,3,193191.58,4,24,302,wallet,0.389,0
TXN-02582,CUST-6355,49688.02,temporary_bank_decline,13,1,64547.23,2,25,10,netbanking,0.346,1
TXN-02583,CUST-5714,11891.47,insufficient_balance,7,4,126660.39,0,167,97,upi,0.271,1
TXN-02584,CUST-9609,14683.75,temporary_bank_decline,5,2,81922.29,3,164,296,upi,0.377,1
TXN-02585,CUST-9928,33046.1,temporary_bank_decline,9,1,154885.0,0,138,429,card,0.397,1
TXN-02586,CUST-4284,24173.81,expired_card,9,3,23297.4,0,28,243,upi,0.159,0
TXN-02587,CUST-7909,9741.96,network_error,8,2,58366.33,3,39,27,card,0.21,0
TXN-02588,CUST-5963,27449.73,insufficient_balance,14,2,74450.22,4,121,57,upi,0.575,0
TXN-02589,CUST-7055,18310.74,expired_card,9,1,71144.97,2,120,346,wallet,0.378,0
TXN-02590,CUST-9486,34666.82,expired_card,9,2,174752.69,0,156,581,wallet,0.278,1
TXN-02591,CUST-2504,6841.02,authentication_failure,10,5,33005.44,3,94,508,card,0.355,0
TXN-02592,CUST-3451,16892.96,network_error,13,3,12397.58,2,179,67,upi,0.495,0
TXN-02593,CUST-4877,20243.37,network_error,11,1,67082.14,4,170,233,netbanking,0.425,1
TXN-02594,CUST-2626,26466.42,expired_card,9,1,188990.28,4,41,520,card,0.415,0
TXN-02595,CUST-6919,47389.42,network_error,5,0,174342.4,1,17,65,wallet,0.278,0
TXN-02596,CUST-4993,12811.32,temporary_bank_decline,7,0,139981.47,4,99,559,upi,0.253,0
TXN-02597,CUST-5651,43753.87,network_error,9,0,14662.06,1,146,249,upi,0.424,0
TXN-02598,CUST-4130,26366.33,expired_card,11,0,8377.48,4,171,283,card,0.405,0
TXN-02599,CUST-1025,37081.7,insufficient_balance,5,0,84520.49,4,8,103,card,0.319,0
TXN-02600,CUST-8873,28568.99,network_error,4,3,57061.92,3,132,542,upi,0.398,0
TXN-02601,CUST-7023,29049.05,expired_card,7,1,2185.37,1,58,514,upi,0.291,0
TXN-02602,CUST-3021,507.08,temporary_bank_decline,12,1,136242.88,3,67,177,card,0.27,0
TXN-02603,CUST-6889,8463.44,network_error,10,2,175644.01,1,157,236,card,0.282,1
TXN-02604,CUST-9304,30900.1,temporary_bank_decline,10,0,168680.7,3,177,507,card,0.344,1
TXN-02605,CUST-8992,42581.07,temporary_bank_decline,9,2,12021.08,2,87,137,wallet,0.367,1
TXN-02606,CUST-9801,40163.94,expired_card,8,3,40305.38,1,103,284,upi,0.363,0
TXN-02607,CUST-6901,860.29,authentication_failure,9,0,77841.11,4,33,594,card,0.245,0
TXN-02608,CUST-6826,14515.9,expired_card,10,3,85403.44,2,62,116,netbanking,0.34,0
TXN-02609,CUST-7879,832.4,expired_card,12,3,30373.67,3,161,421,card,0.351,1
TXN-02610,CUST-9365,49506.94,insufficient_balance,7,1,93251.24,2,24,551,card,0.38,0
TXN-02611,CUST-2759,13288.3,insufficient_balance,3,2,35957.91,2,1,81,wallet,0.169,0
TXN-02612,CUST-9864,3758.43,authentication_failure,9,1,14909.35,2,59,321,upi,0.222,0
TXN-02613,CUST-8541,46129.03,temporary_bank_decline,9,2,54593.08,1,61,326,upi,0.398,1
TXN-02614,CUST-3406,15541.12,authentication_failure,6,3,39052.19,1,65,477,card,0.335,1
TXN-02615,CUST-9368,40716.92,temporary_bank_decline,8,3,98495.55,0,43,471,upi,0.267,1
TXN-02616,CUST-7470,21128.97,temporary_bank_decline,4,4,52588.83,2,169,546,card,0.461,0
TXN-02617,CUST-4778,14556.02,expired_card,9,0,10692.7,3,128,415,netbanking,0.398,0
TXN-02618,CUST-2634,21970.46,insufficient_balance,2,5,75487.15,4,129,86,wallet,0.595,0
TXN-02619,CUST-5774,7707.98,temporary_bank_decline,8,2,100447.8,0,87,355,upi,0.072,0
TXN-02620,CUST-7483,28705.05,network_error,7,3,31840.75,2,162,381,upi,0.366,0
TXN-02621,CUST-7377,41244.29,temporary_bank_decline,7,3,115377.14,1,103,490,card,0.357,0
TXN-02622,CUST-3941,7461.23,insufficient_balance,8,0,95684.85,2,86,150,card,0.212,0
TXN-02623,CUST-7945,47021.48,authentication_failure,7,1,155435.99,0,178,227,netbanking,0.365,0
TXN-02624,CUST-5584,10376.27,expired_card,15,0,17302.1,2,84,341,card,0.196,1
TXN-02625,CUST-6568,18162.14,insufficient_balance,9,2,42689.59,2,20,325,card,0.271,0
TXN-02626,CUST-9812,680.4,authentication_failure,8,1,146567.22,4,98,108,upi,0.241,0
TXN-02627,CUST-3427,29839.46,network_error,7,3,149599.88,2,59,519,card,0.331,0
TXN-02628,CUST-6498,16919.35,insufficient_balance,9,5,69287.34,2,23,144,upi,0.368,1
TXN-02629,CUST-7897,35668.41,expired_card,9,1,148743.96,0,17,101,card,0.213,1
TXN-02630,CUST-8385,42979.86,network_error,10,2,153964.66,3,145,526,wallet,0.489,0
TXN-02631,CUST-8305,24334.36,temporary_bank_decline,11,1,70293.56,2,100,67,netbanking,0.382,0
TXN-02632,CUST-3231,12503.51,insufficient_balance,9,2,121637.41,4,145,252,card,0.371,0
TXN-02633,CUST-8350,42406.54,expired_card,10,2,12524.11,0,120,481,upi,0.234,0
TXN-02634,CUST-5159,26355.62,insufficient_balance,11,2,65166.43,4,101,154,netbanking,0.503,0
TXN-02635,CUST-6773,25064.85,temporary_bank_decline,3,0,34612.14,2,134,563,upi,0.254,0
TXN-02636,CUST-6572,2542.34,temporary_bank_decline,8,0,69338.08,0,149,556,upi,0.032,1
TXN-02637,CUST-2174,35305.8,network_error,8,1,14538.32,3,167,293,upi,0.469,0
TXN-02638,CUST-6803,6629.71,insufficient_balance,6,0,61734.15,0,81,45,netbanking,0.086,0
TXN-02639,CUST-6613,46583.39,authentication_failure,13,1,99431.1,2,137,157,card,0.329,1
TXN-02640,CUST-6864,26783.77,insufficient_balance,9,2,110283.71,3,88,307,netbanking,0.396,0
TXN-02641,CUST-1259,26769.16,authentication_failure,6,2,133126.71,3,95,181,upi,0.429,0
TXN-02642,CUST-1460,11513.4,temporary_bank_decline,3,1,51982.64,1,98,45,card,0.169,0
TXN-02643,CUST-4534,28084.18,authentication_failure,6,3,143508.84,1,43,490,upi,0.336,1
TXN-02644,CUST-7764,31007.01,temporary_bank_decline,6,1,198989.67,3,81,97,netbanking,0.439,0
TXN-02645,CUST-1606,10525.77,temporary_bank_decline,10,0,94987.37,0,17,97,wallet,0.096,1
TXN-02646,CUST-6575,43546.6,network_error,6,1,197130.97,4,123,182,card,0.481,0
TXN-02647,CUST-2129,38008.82,network_error,6,2,153365.71,1,126,451,card,0.397,0
TXN-02648,CUST-6603,1071.4,expired_card,15,3,86561.47,2,171,90,upi,0.333,0
TXN-02649,CUST-4349,12343.72,temporary_bank_decline,7,1,56688.38,1,36,417,card,0.268,1
TXN-02650,CUST-4207,35226.11,expired_card,10,2,196626.39,3,39,484,wallet,0.353,1
TXN-02651,CUST-6096,10163.96,expired_card,10,1,76960.09,3,61,249,netbanking,0.281,1
TXN-02652,CUST-2115,45117.93,expired_card,4,2,130558.23,2,3,315,upi,0.469,0
TXN-02653,CUST-4674,13004.41,temporary_bank_decline,9,1,23141.06,2,167,408,card,0.253,0
TXN-02654,CUST-2158,14033.01,network_error,9,0,44627.66,4,145,155,upi,0.374,1
TXN-02655,CUST-9403,10631.07,insufficient_balance,8,1,147184.23,0,152,194,upi,0.245,1
TXN-02656,CUST-1349,26615.62,insufficient_balance,11,4,10278.01,0,92,535,card,0.288,0
TXN-02657,CUST-3030,3419.89,insufficient_balance,8,2,152167.55,1,88,257,card,0.31,0
TXN-02658,CUST-8015,21328.62,network_error,7,2,162731.6,1,59,29,card,0.245,1
TXN-02659,CUST-4749,1104.09,expired_card,10,5,139237.57,4,170,450,netbanking,0.559,0
TXN-02660,CUST-4762,9853.93,network_error,11,2,43137.9,4,55,196,upi,0.286,1
TXN-02661,CUST-4463,27877.61,network_error,4,1,163636.05,3,90,76,upi,0.351,1
TXN-02662,CUST-5219,3418.33,expired_card,7,0,192979.49,0,72,107,upi,0.129,1
TXN-02663,CUST-9207,5095.6,authentication_failure,10,1,58674.27,3,91,498,card,0.317,1
TXN-02664,CUST-6103,36904.13,temporary_bank_decline,10,1,45720.42,3,162,152,upi,0.392,1
TXN-02665,CUST-8518,39951.0,network_error,5,2,84214.97,4,161,89,wallet,0.409,0
TXN-02666,CUST-4690,12264.65,insufficient_balance,7,1,161552.78,2,48,386,card,0.153,1
TXN-02667,CUST-1510,36471.57,temporary_bank_decline,9,1,90792.88,3,158,155,netbanking,0.359,0
TXN-02668,CUST-9469,34912.87,expired_card,10,0,124759.33,2,6,129,upi,0.303,1
TXN-02669,CUST-7366,47266.07,temporary_bank_decline,10,2,73799.3,1,114,505,upi,0.49,1
TXN-02670,CUST-3194,8200.58,insufficient_balance,10,1,54307.21,0,80,33,upi,0.17,0
TXN-02671,CUST-9626,11992.96,temporary_bank_decline,12,0,80411.43,2,52,48,wallet,0.175,1
TXN-02672,CUST-1991,16915.11,temporary_bank_decline,7,1,121394.5,4,68,547,upi,0.294,1
TXN-02673,CUST-5790,18128.4,temporary_bank_decline,12,1,72621.6,4,154,307,upi,0.373,0
TXN-02674,CUST-3305,35388.32,network_error,7,3,103856.92,2,161,58,upi,0.502,1
TXN-02675,CUST-6424,39502.31,network_error,13,0,103819.53,4,4,118,upi,0.409,0
TXN-02676,CUST-1753,44778.99,temporary_bank_decline,4,2,90732.0,0,143,345,upi,0.386,1
TXN-02677,CUST-2597,42613.5,insufficient_balance,5,0,63125.41,3,120,442,card,0.329,0
TXN-02678,CUST-9851,18900.64,network_error,6,0,105241.23,3,134,331,card,0.361,1
TXN-02679,CUST-8439,12541.57,network_error,9,1,27551.31,3,135,40,upi,0.308,0
TXN-02680,CUST-5393,41686.09,expired_card,6,2,143025.51,4,170,317,card,0.541,0
TXN-02681,CUST-4003,3837.41,insufficient_balance,5,1,60630.84,0,13,532,netbanking,0.167,0
TXN-02682,CUST-2073,43117.08,network_error,8,3,42514.74,2,102,426,card,0.481,0
TXN-02683,CUST-5877,28832.67,insufficient_balance,9,1,173769.34,4,85,247,upi,0.424,1
TXN-02684,CUST-9067,17451.58,expired_card,6,0,174323.05,4,113,161,upi,0.348,1
TXN-02685,CUST-9772,2103.27,temporary_bank_decline,7,3,33737.25,3,158,522,upi,0.434,0
TXN-02686,CUST-6512,32180.5,temporary_bank_decline,9,2,93131.39,2,54,463,upi,0.359,1
TXN-02687,CUST-4105,8435.28,insufficient_balance,9,1,169742.35,1,65,159,upi,0.216,1
TXN-02688,CUST-7523,49197.07,temporary_bank_decline,8,2,49690.28,2,107,9,upi,0.514,0
TXN-02689,CUST-9129,8245.49,insufficient_balance,3,3,134094.0,0,13,198,card,0.081,1
TXN-02690,CUST-3752,27388.02,expired_card,10,5,9699.91,3,58,248,netbanking,0.428,0
TXN-02691,CUST-7721,47168.87,expired_card,14,1,133753.03,2,151,523,netbanking,0.479,1
TXN-02692,CUST-8529,11890.41,network_error,18,1,43036.34,3,105,546,card,0.411,0
TXN-02693,CUST-6694,26239.26,authentication_failure,11,1,172405.46,0,97,10,upi,0.257,1
TXN-02694,CUST-1760,18170.86,authentication_failure,10,2,194202.29,4,126,479,upi,0.409,0
TXN-02695,CUST-3224,29994.92,temporary_bank_decline,4,1,71936.99,0,162,209,wallet,0.278,0
TXN-02696,CUST-8088,10250.94,network_error,12,1,67014.58,0,80,399,upi,0.113,1
TXN-02697,CUST-4806,48818.08,expired_card,7,1,181211.64,4,104,326,upi,0.584,0
TXN-02698,CUST-9280,41416.59,authentication_failure,6,1,15371.66,4,131,361,upi,0.505,0
TXN-02699,CUST-8758,42934.58,network_error,6,2,123031.94,3,147,259,netbanking,0.484,0
TXN-02700,CUST-4279,28264.04,temporary_bank_decline,12,2,121142.29,0,176,479,card,0.273,1
TXN-02701,CUST-9861,25963.96,authentication_failure,6,1,159693.92,3,38,258,netbanking,0.297,0
TXN-02702,CUST-6555,9214.27,temporary_bank_decline,12,0,156596.33,4,68,304,netbanking,0.262,1
TXN-02703,CUST-8444,7028.24,authentication_failure,5,2,147594.6,3,56,547,card,0.174,0
TXN-02704,CUST-7055,16581.78,insufficient_balance,11,1,176900.02,1,82,225,card,0.287,1
TXN-02705,CUST-6362,4746.92,insufficient_balance,10,3,168450.73,2,77,392,upi,0.288,1
TXN-02706,CUST-1996,20343.01,network_error,6,1,77648.89,3,74,525,upi,0.335,0
TXN-02707,CUST-2107,26207.73,temporary_bank_decline,10,0,192131.32,2,174,147,card,0.309,1
TXN-02708,CUST-1844,7932.9,authentication_failure,6,1,190048.91,3,135,590,upi,0.361,0
TXN-02709,CUST-2928,24323.05,temporary_bank_decline,6,0,78187.57,0,74,500,upi,0.151,1
TXN-02710,CUST-6266,8112.96,temporary_bank_decline,8,3,44348.51,4,148,394,wallet,0.486,0
TXN-02711,CUST-5457,21612.04,temporary_bank_decline,12,2,76551.99,3,81,89,wallet,0.381,1
TXN-02712,CUST-3702,46293.88,expired_card,9,3,16434.56,4,113,148,upi,0.46,0
TXN-02713,CUST-9484,14388.58,expired_card,8,4,52815.27,0,40,297,upi,0.236,0
TXN-02714,CUST-5746,20039.53,insufficient_balance,8,1,169480.01,0,53,466,netbanking,0.107,1
TXN-02715,CUST-3930,327.38,expired_card,4,2,154806.72,2,163,32,card,0.236,0
TXN-02716,CUST-1458,42902.68,expired_card,10,2,59603.76,2,73,388,card,0.384,0
TXN-02717,CUST-2191,39089.54,network_error,12,2,180696.1,2,87,448,card,0.396,0
TXN-02718,CUST-7996,4305.48,network_error,5,1,184478.22,4,55,223,upi,0.313,0
TXN-02719,CUST-6140,49774.6,insufficient_balance,13,1,103672.61,1,100,406,wallet,0.391,1
TXN-02720,CUST-4702,21369.94,temporary_bank_decline,11,1,157506.93,0,160,244,netbanking,0.291,0
TXN-02721,CUST-5912,15768.45,temporary_bank_decline,7,2,157271.2,2,51,420,netbanking,0.227,0
TXN-02722,CUST-2482,46124.48,temporary_bank_decline,12,2,195850.92,2,30,49,card,0.337,0
TXN-02723,CUST-3692,12567.96,network_error,8,0,93830.94,1,3,449,card,0.032,0
TXN-02724,CUST-2177,32210.7,temporary_bank_decline,6,1,54580.33,2,144,94,upi,0.396,1
TXN-02725,CUST-6151,10790.83,expired_card,10,3,114504.99,3,141,353,upi,0.403,1
TXN-02726,CUST-1405,30935.3,insufficient_balance,8,1,155604.37,0,178,250,upi,0.296,0
TXN-02727,CUST-2650,8464.57,temporary_bank_decline,7,1,31587.91,2,85,309,netbanking,0.184,1
TXN-02728,CUST-2438,46638.68,insufficient_balance,8,3,106745.8,3,114,164,wallet,0.55,0
TXN-02729,CUST-4292,32609.11,network_error,5,2,176887.74,1,149,572,card,0.33,0
TXN-02730,CUST-2409,10712.11,temporary_bank_decline,11,0,196339.23,0,88,120,upi,0.08,1
TXN-02731,CUST-2954,41014.77,temporary_bank_decline,10,2,33349.14,0,46,109,wallet,0.278,1
TXN-02732,CUST-5685,18421.69,insufficient_balance,5,1,90123.36,3,92,586,wallet,0.304,0
TXN-02733,CUST-4075,36593.31,authentication_failure,9,3,166669.48,0,123,366,card,0.372,1
TXN-02734,CUST-3353,18538.6,expired_card,8,1,73615.4,4,67,291,card,0.411,0
TXN-02735,CUST-7581,37895.89,network_error,6,1,100820.53,4,153,412,netbanking,0.571,0
TXN-02736,CUST-9708,28768.81,temporary_bank_decline,8,1,156223.88,4,45,536,upi,0.437,0
TXN-02737,CUST-4411,11601.55,temporary_bank_decline,10,1,76783.49,2,20,7,upi,0.203,1
TXN-02738,CUST-6644,24852.53,network_error,4,3,13658.37,1,71,413,card,0.238,0
TXN-02739,CUST-1120,43197.23,temporary_bank_decline,5,1,54002.85,4,150,177,netbanking,0.581,1
TXN-02740,CUST-2772,38335.93,expired_card,12,1,84530.99,4,113,21,card,0.569,0
TXN-02741,CUST-7732,18537.99,temporary_bank_decline,10,2,189880.0,1,164,173,card,0.377,1
TXN-02742,CUST-8102,46072.73,temporary_bank_decline,6,1,92050.03,2,9,186,netbanking,0.403,1
TXN-02743,CUST-8925,25423.46,insufficient_balance,9,0,184367.7,0,96,261,card,0.221,1
TXN-02744,CUST-2356,12094.29,authentication_failure,7,0,63872.98,3,17,281,upi,0.201,0
TXN-02745,CUST-2812,7795.93,network_error,12,1,52430.5,4,98,478,upi,0.374,0
TXN-02746,CUST-3840,5210.66,temporary_bank_decline,11,1,186671.04,3,32,216,upi,0.276,0
TXN-02747,CUST-5353,37052.65,expired_card,11,0,33745.72,2,130,541,upi,0.308,0
TXN-02748,CUST-9694,21700.24,insufficient_balance,10,3,115519.28,3,147,389,upi,0.481,0
TXN-02749,CUST-4082,15876.01,authentication_failure,7,0,62267.01,2,46,423,card,0.202,1
TXN-02750,CUST-7656,46378.57,temporary_bank_decline,12,1,33923.0,1,29,119,upi,0.281,1
TXN-02751,CUST-1136,4066.06,authentication_failure,11,2,106460.52,0,113,75,upi,0.236,1
TXN-02752,CUST-5168,25282.83,expired_card,7,0,8243.01,1,30,128,netbanking,0.258,0
TXN-02753,CUST-4605,27052.28,expired_card,12,0,9345.02,0,62,74,netbanking,0.239,1
TXN-02754,CUST-4053,16256.75,expired_card,4,0,34831.37,2,69,100,card,0.231,0
TXN-02755,CUST-3769,18231.42,temporary_bank_decline,4,2,122832.28,2,1,563,upi,0.264,1
TXN-02756,CUST-7990,14849.98,temporary_bank_decline,12,2,6572.42,1,16,377,card,0.114,0
TXN-02757,CUST-1910,34889.26,temporary_bank_decline,9,1,37278.33,4,102,57,wallet,0.403,1
TXN-02758,CUST-9024,38118.23,expired_card,10,2,177075.48,4,42,556,upi,0.549,0
TXN-02759,CUST-4866,22702.71,insufficient_balance,6,3,53160.24,0,126,567,upi,0.304,0
TXN-02760,CUST-9512,5543.64,authentication_failure,6,2,56100.55,4,8,442,upi,0.251,0
TXN-02761,CUST-9240,26487.13,temporary_bank_decline,8,4,26338.73,4,105,235,card,0.498,0
TXN-02762,CUST-2875,34546.26,temporary_bank_decline,9,4,145326.31,0,133,278,wallet,0.336,1
TXN-02763,CUST-2671,35098.0,insufficient_balance,9,0,41095.93,0,117,184,card,0.186,0
TXN-02764,CUST-9147,29914.27,insufficient_balance,3,1,53282.72,0,126,32,card,0.257,0
TXN-02765,CUST-9331,16818.96,temporary_bank_decline,7,1,180756.05,1,77,29,netbanking,0.209,0
TXN-02766,CUST-8624,19985.18,network_error,4,3,187059.83,3,2,451,card,0.32,1
TXN-02767,CUST-4272,27237.8,network_error,10,0,120649.84,0,102,297,card,0.225,0
TXN-02768,CUST-6992,24083.96,temporary_bank_decline,8,1,95523.54,1,179,314,card,0.34,1
TXN-02769,CUST-4238,27632.19,authentication_failure,9,1,126708.94,1,126,199,card,0.371,0
TXN-02770,CUST-8712,31664.93,temporary_bank_decline,8,3,65605.73,0,29,99,card,0.241,0
TXN-02771,CUST-2432,36427.45,network_error,7,1,151892.83,3,55,418,netbanking,0.271,1
TXN-02772,CUST-2993,40138.64,temporary_bank_decline,4,3,195684.31,3,122,330,wallet,0.505,0
TXN-02773,CUST-9336,47859.34,temporary_bank_decline,7,2,153410.44,2,85,300,upi,0.453,0
TXN-02774,CUST-2357,4029.64,expired_card,9,3,175074.12,1,29,494,upi,0.263,0
TXN-02775,CUST-2125,13601.08,expired_card,4,0,179011.68,3,20,509,wallet,0.207,1
TXN-02776,CUST-3539,3495.77,temporary_bank_decline,7,0,169597.62,1,1,328,card,0.023,1
TXN-02777,CUST-9134,47481.62,temporary_bank_decline,5,3,13804.53,1,95,354,wallet,0.553,1
TXN-02778,CUST-6541,24501.93,expired_card,6,0,126462.45,3,81,160,card,0.339,0
TXN-02779,CUST-9223,29952.37,temporary_bank_decline,5,2,162038.22,0,86,99,card,0.33,1
TXN-02780,CUST-6880,12549.83,authentication_failure,9,2,4270.14,0,58,322,upi,0.176,0
TXN-02781,CUST-2102,36163.31,temporary_bank_decline,7,2,22111.35,1,16,598,netbanking,0.299,0
TXN-02782,CUST-4367,17450.03,temporary_bank_decline,11,0,141233.87,3,78,497,netbanking,0.247,0
TXN-02783,CUST-7382,14134.77,authentication_failure,10,1,82181.31,4,159,542,wallet,0.289,1
TXN-02784,CUST-3401,44137.22,insufficient_balance,10,2,168465.32,2,155,242,netbanking,0.433,1
TXN-02785,CUST-5319,30678.56,expired_card,6,3,177076.74,0,160,552,upi,0.388,0
TXN-02786,CUST-7305,10393.12,temporary_bank_decline,9,3,68022.47,2,54,13,card,0.223,1
TXN-02787,CUST-2341,37996.86,temporary_bank_decline,9,2,68927.8,3,178,153,upi,0.625,0
TXN-02788,CUST-6265,27281.57,insufficient_balance,10,3,83181.46,4,73,49,card,0.496,0
TXN-02789,CUST-3423,21460.66,temporary_bank_decline,7,0,67396.08,4,104,251,upi,0.377,0
TXN-02790,CUST-3979,18472.79,authentication_failure,7,2,64921.64,1,127,168,wallet,0.348,0
TXN-02791,CUST-8741,20199.29,insufficient_balance,6,2,91951.67,1,106,286,netbanking,0.297,1
TXN-02792,CUST-9787,24327.42,expired_card,17,2,122740.87,1,125,498,card,0.393,0
TXN-02793,CUST-2058,5125.01,expired_card,5,0,171754.81,4,99,494,upi,0.342,0
TXN-02794,CUST-1557,36477.33,insufficient_balance,8,4,172729.3,2,123,454,upi,0.455,0
TXN-02795,CUST-9981,24679.36,temporary_bank_decline,12,2,22338.7,1,146,513,upi,0.352,0
TXN-02796,CUST-7461,29364.9,temporary_bank_decline,9,2,36813.33,2,71,72,wallet,0.291,1
TXN-02797,CUST-6693,25960.03,authentication_failure,8,1,196158.11,3,131,141,upi,0.517,1
TXN-02798,CUST-1057,4100.43,authentication_failure,6,3,45845.76,2,24,230,card,0.263,0
TXN-02799,CUST-7897,16121.51,insufficient_balance,4,2,165403.56,4,156,295,upi,0.294,0
TXN-02800,CUST-3506,47952.78,authentication_failure,4,2,147455.51,0,151,300,card,0.418,1
TXN-02801,CUST-4563,15720.13,network_error,6,1,109648.25,2,65,356,card,0.267,0
TXN-02802,CUST-4839,35792.84,expired_card,4,1,179218.15,1,134,314,netbanking,0.426,0
TXN-02803,CUST-7533,29962.22,authentication_failure,7,5,178900.89,2,103,354,card,0.405,0
TXN-02804,CUST-2121,46021.42,temporary_bank_decline,8,5,124597.07,2,48,396,upi,0.535,0
TXN-02805,CUST-4155,14102.36,authentication_failure,8,0,103138.85,4,172,436,upi,0.442,0
TXN-02806,CUST-7072,44672.3,network_error,9,1,148982.92,0,37,426,card,0.178,1
TXN-02807,CUST-3852,14537.65,expired_card,8,5,31793.17,3,23,16,card,0.402,0
TXN-02808,CUST-4385,26124.91,insufficient_balance,7,3,66391.94,0,4,136,card,0.257,1
TXN-02809,CUST-2915,4805.87,temporary_bank_decline,4,0,3044.72,1,76,598,upi,0.103,1
TXN-02810,CUST-7801,6635.53,network_error,3,0,182718.07,1,104,187,wallet,0.063,0
TXN-02811,CUST-5097,28402.01,temporary_bank_decline,6,3,70427.01,1,29,125,card,0.284,0
TXN-02812,CUST-1143,28922.03,temporary_bank_decline,7,0,163278.82,0,128,547,netbanking,0.27,1
TXN-02813,CUST-6808,44965.87,temporary_bank_decline,5,1,116331.57,1,88,193,wallet,0.301,0
TXN-02814,CUST-7849,44509.47,temporary_bank_decline,4,1,84484.13,3,122,241,netbanking,0.422,1
TXN-02815,CUST-8744,4496.47,expired_card,3,2,148071.09,3,80,510,card,0.244,0
TXN-02816,CUST-6702,19966.0,authentication_failure,7,1,61779.69,4,32,270,upi,0.355,0
TXN-02817,CUST-1266,34717.57,authentication_failure,9,2,48967.71,1,88,124,upi,0.329,0
TXN-02818,CUST-3226,42602.41,expired_card,12,1,90786.49,1,59,358,upi,0.278,0
TXN-02819,CUST-7331,8111.32,authentication_failure,6,2,114516.15,4,91,495,card,0.4,0
TXN-02820,CUST-9447,1814.22,expired_card,8,0,54278.8,3,168,132,netbanking,0.282,0
TXN-02821,CUST-4537,33937.75,insufficient_balance,9,4,146261.8,4,50,309,upi,0.518,0
TXN-02822,CUST-6590,19282.81,insufficient_balance,6,6,107105.29,3,114,231,card,0.515,0
TXN-02823,CUST-3970,5144.85,temporary_bank_decline,8,0,180571.69,3,117,45,wallet,0.335,0
TXN-02824,CUST-5686,2379.83,temporary_bank_decline,9,4,12512.18,4,69,156,netbanking,0.373,0
TXN-02825,CUST-3601,26606.65,insufficient_balance,3,3,113259.34,4,66,183,wallet,0.557,0
TXN-02826,CUST-2635,37031.49,temporary_bank_decline,9,2,175231.36,1,100,520,netbanking,0.346,0
TXN-02827,CUST-3753,7120.21,network_error,6,4,81558.42,1,6,368,card,0.248,1
TXN-02828,CUST-5883,26927.17,insufficient_balance,6,0,51377.96,0,50,557,netbanking,0.138,1
TXN-02829,CUST-2524,36013.13,insufficient_balance,3,3,12164.44,2,20,488,upi,0.313,0
TXN-02830,CUST-6080,31883.16,insufficient_balance,9,2,87335.13,2,29,191,card,0.378,0
TXN-02831,CUST-9848,730.22,temporary_bank_decline,5,3,93734.93,0,78,31,card,0.112,1
TXN-02832,CUST-9658,17400.68,authentication_failure,9,2,161859.85,0,154,373,wallet,0.24,1
TXN-02833,CUST-7992,31999.0,insufficient_balance,10,2,53994.78,2,92,354,netbanking,0.343,0
TXN-02834,CUST-1204,19668.63,temporary_bank_decline,3,0,30201.05,3,176,443,card,0.373,1
TXN-02835,CUST-7210,47523.18,insufficient_balance,10,1,171415.24,4,141,7,upi,0.502,0
TXN-02836,CUST-6633,19375.98,insufficient_balance,7,2,109595.23,1,175,320,card,0.302,0
TXN-02837,CUST-7381,7877.7,temporary_bank_decline,10,3,27005.96,4,97,401,card,0.423,1
TXN-02838,CUST-1843,47158.18,insufficient_balance,11,3,53431.1,2,106,489,card,0.483,1
TXN-02839,CUST-8922,4230.66,temporary_bank_decline,10,2,104238.82,1,134,217,netbanking,0.242,0
TXN-02840,CUST-5924,26621.71,network_error,13,1,58646.0,3,5,27,upi,0.13,0
TXN-02841,CUST-4883,16006.64,network_error,7,1,150212.19,2,93,99,upi,0.248,1
TXN-02842,CUST-6933,11483.3,temporary_bank_decline,7,1,72013.76,1,119,578,card,0.163,1
TXN-02843,CUST-2858,23277.7,insufficient_balance,13,0,135559.33,4,4,174,upi,0.27,0
TXN-02844,CUST-2039,22471.46,insufficient_balance,12,1,198159.47,4,61,248,netbanking,0.424,0
TXN-02845,CUST-1061,39875.86,temporary_bank_decline,6,2,108473.91,1,60,15,upi,0.34,0
TXN-02846,CUST-4238,49329.32,temporary_bank_decline,5,1,194497.12,3,131,201,netbanking,0.374,0
TXN-02847,CUST-8118,40345.57,temporary_bank_decline,12,0,32077.66,3,96,60,wallet,0.439,0
TXN-02848,CUST-9435,33778.93,expired_card,6,0,178270.16,1,149,120,upi,0.374,0
TXN-02849,CUST-1571,17155.8,insufficient_balance,9,2,177765.16,0,28,124,card,0.138,0
TXN-02850,CUST-2195,8673.52,temporary_bank_decline,6,1,59894.08,1,24,598,card,0.145,1
TXN-02851,CUST-5787,3622.92,authentication_failure,7,3,102433.66,0,6,128,card,0.139,1
TXN-02852,CUST-9699,12471.94,expired_card,9,0,38507.56,3,46,170,card,0.266,1
TXN-02853,CUST-8904,28193.15,temporary_bank_decline,7,3,93186.31,2,40,457,upi,0.414,0
TXN-02854,CUST-9348,40267.23,temporary_bank_decline,4,0,66053.63,0,148,366,upi,0.257,1
TXN-02855,CUST-4984,37436.46,network_error,9,3,36652.98,4,79,91,card,0.455,0
TXN-02856,CUST-1091,2179.77,authentication_failure,14,2,66841.03,0,38,261,wallet,0.087,0
TXN-02857,CUST-7641,16483.16,authentication_failure,9,2,175901.77,4,151,303,wallet,0.432,0
TXN-02858,CUST-8132,21380.46,network_error,7,2,189099.33,3,1,178,upi,0.349,0
TXN-02859,CUST-8632,2155.96,network_error,11,0,92294.48,2,13,595,upi,0.126,1
TXN-02860,CUST-1309,19247.95,insufficient_balance,9,3,140507.83,1,90,357,upi,0.403,0
TXN-02861,CUST-7165,14407.93,network_error,9,3,91748.02,3,123,59,wallet,0.457,0
TXN-02862,CUST-7475,43279.26,expired_card,12,5,173830.02,3,145,228,card,0.649,0
TXN-02863,CUST-8081,26690.73,temporary_bank_decline,5,1,4114.48,0,99,570,upi,0.177,1
TXN-02864,CUST-2691,45578.17,authentication_failure,9,0,132887.01,0,81,586,wallet,0.301,1
TXN-02865,CUST-1409,8744.37,temporary_bank_decline,6,0,55246.93,4,6,391,upi,0.11,1
TXN-02866,CUST-8962,30964.53,temporary_bank_decline,8,3,110586.91,0,131,438,netbanking,0.298,0
TXN-02867,CUST-9563,12810.26,expired_card,10,0,97903.38,4,33,333,card,0.34,0
TXN-02868,CUST-7626,13459.11,authentication_failure,7,2,123438.82,0,51,77,upi,0.256,0
TXN-02869,CUST-4508,28784.54,network_error,10,0,126815.12,4,170,19,upi,0.432,0
TXN-02870,CUST-1507,8361.43,temporary_bank_decline,4,3,168826.76,4,154,69,card,0.393,0
TXN-02871,CUST-1881,1773.7,temporary_bank_decline,10,0,18814.27,3,59,132,upi,0.25,1
TXN-02872,CUST-5893,16070.9,expired_card,10,1,118532.16,4,9,193,upi,0.306,1
TXN-02873,CUST-7490,14681.6,temporary_bank_decline,8,0,130176.32,3,30,309,upi,0.199,1
TXN-02874,CUST-7722,9488.25,expired_card,9,4,99921.16,3,89,594,wallet,0.502,0
TXN-02875,CUST-4858,36982.76,temporary_bank_decline,9,0,11429.71,3,156,565,netbanking,0.447,0
TXN-02876,CUST-4856,41751.88,temporary_bank_decline,15,1,17372.55,2,139,499,card,0.501,0
TXN-02877,CUST-4956,454.06,expired_card,5,1,41930.12,3,121,547,netbanking,0.238,0
TXN-02878,CUST-2158,42621.83,temporary_bank_decline,10,2,53336.86,1,43,111,upi,0.276,0
TXN-02879,CUST-1726,25151.46,temporary_bank_decline,9,2,162502.92,1,9,481,card,0.261,1
TXN-02880,CUST-6217,48749.82,temporary_bank_decline,7,1,119927.44,0,146,328,card,0.295,1
TXN-02881,CUST-5375,14197.4,expired_card,6,0,49049.95,1,138,248,wallet,0.186,1
TXN-02882,CUST-4673,8410.92,network_error,7,3,90501.59,1,169,177,upi,0.395,0
TXN-02883,CUST-3894,14042.34,network_error,6,1,25461.04,3,19,375,card,0.204,1
TXN-02884,CUST-8018,14450.38,insufficient_balance,7,1,182449.33,0,168,303,card,0.291,1
TXN-02885,CUST-8512,37889.5,expired_card,3,6,176816.3,4,38,422,card,0.568,0
TXN-02886,CUST-6349,19134.55,temporary_bank_decline,4,1,78960.3,4,101,422,card,0.443,0
TXN-02887,CUST-3068,1484.98,insufficient_balance,8,4,131217.11,1,44,509,netbanking,0.2,1
TXN-02888,CUST-5970,34810.22,temporary_bank_decline,9,4,182882.49,3,51,324,upi,0.456,0
TXN-02889,CUST-5478,48487.6,insufficient_balance,9,0,173216.67,2,144,577,netbanking,0.306,0
TXN-02890,CUST-4198,22314.62,expired_card,10,3,38393.39,2,128,389,card,0.353,1
TXN-02891,CUST-9874,21459.44,network_error,5,0,66479.26,4,80,543,upi,0.328,0
TXN-02892,CUST-8475,1591.72,temporary_bank_decline,12,1,24581.86,2,74,171,card,0.203,1
TXN-02893,CUST-2163,12835.81,temporary_bank_decline,9,5,174445.05,1,121,273,upi,0.312,1
TXN-02894,CUST-9401,30944.2,authentication_failure,11,2,56818.96,1,50,396,card,0.281,0
TXN-02895,CUST-4145,46616.58,expired_card,9,0,87953.51,1,149,256,netbanking,0.361,0
TXN-02896,CUST-1662,25940.16,temporary_bank_decline,9,0,164201.61,1,12,373,upi,0.124,1
TXN-02897,CUST-9941,36500.66,expired_card,10,1,42889.76,2,19,69,netbanking,0.225,0
TXN-02898,CUST-4007,7932.46,temporary_bank_decline,8,1,124159.42,2,115,582,card,0.227,0
TXN-02899,CUST-3756,29435.26,expired_card,6,1,111187.84,2,118,278,netbanking,0.371,1
TXN-02900,CUST-9346,22926.2,temporary_bank_decline,8,3,48461.27,0,27,155,upi,0.218,0
TXN-02901,CUST-2896,34570.61,expired_card,10,0,179793.99,0,177,230,upi,0.301,1
TXN-02902,CUST-2816,36783.49,network_error,8,2,124080.7,4,96,323,upi,0.485,0
TXN-02903,CUST-1619,9279.28,temporary_bank_decline,7,2,21647.83,4,20,263,upi,0.257,0
TXN-02904,CUST-3467,37447.91,temporary_bank_decline,12,2,30004.9,1,140,7,card,0.373,0
TXN-02905,CUST-8015,41866.08,expired_card,10,0,86984.86,0,145,164,card,0.341,1
TXN-02906,CUST-7922,41016.27,insufficient_balance,6,2,167123.06,0,27,169,upi,0.221,1
TXN-02907,CUST-8385,39826.43,temporary_bank_decline,5,2,8561.81,0,19,74,upi,0.197,0
TXN-02908,CUST-5735,10188.47,insufficient_balance,6,0,119199.17,0,84,550,card,0.105,1
TXN-02909,CUST-2425,11268.15,temporary_bank_decline,8,1,180041.52,2,77,7,card,0.242,0
TXN-02910,CUST-5055,20006.73,insufficient_balance,8,3,67263.4,1,122,444,wallet,0.357,0
TXN-02911,CUST-8886,35543.66,temporary_bank_decline,13,2,91421.21,1,173,317,netbanking,0.396,0
TXN-02912,CUST-4872,2839.41,insufficient_balance,8,2,49527.78,0,65,538,upi,0.111,1
TXN-02913,CUST-1686,12785.23,network_error,8,4,99017.61,4,109,417,card,0.449,0
TXN-02914,CUST-6986,47858.87,authentication_failure,5,2,190176.08,4,153,481,card,0.564,0
TXN-02915,CUST-4250,10224.09,temporary_bank_decline,6,2,28687.94,2,69,49,upi,0.169,1
TXN-02916,CUST-8376,24289.54,temporary_bank_decline,9,2,194635.84,2,139,143,netbanking,0.386,1
TXN-02917,CUST-7453,12495.59,expired_card,13,0,185215.57,1,99,469,upi,0.159,1
TXN-02918,CUST-4641,40598.27,expired_card,3,0,24630.64,4,113,383,card,0.377,0
TXN-02919,CUST-3312,10592.16,temporary_bank_decline,8,1,131002.18,2,164,210,upi,0.301,1
TXN-02920,CUST-3378,27737.94,insufficient_balance,6,0,63840.19,4,178,111,upi,0.519,0
TXN-02921,CUST-9748,19004.84,temporary_bank_decline,13,3,15988.95,1,73,32,card,0.346,0
TXN-02922,CUST-1162,18630.28,temporary_bank_decline,8,2,20667.89,2,27,386,card,0.225,0
TXN-02923,CUST-3854,5109.62,insufficient_balance,10,2,111717.81,1,4,553,card,0.144,1
TXN-02924,CUST-9780,5826.85,temporary_bank_decline,1,0,131794.85,2,75,89,upi,0.212,1
TXN-02925,CUST-4198,9841.65,authentication_failure,9,2,153043.39,2,86,536,card,0.271,0
TXN-02926,CUST-8017,17766.09,temporary_bank_decline,3,0,199294.41,0,138,426,netbanking,0.246,0
TXN-02927,CUST-6764,30388.2,network_error,7,1,45249.09,1,144,170,card,0.413,0
TXN-02928,CUST-3158,43132.13,temporary_bank_decline,8,2,13228.73,2,151,44,card,0.504,0
TXN-02929,CUST-8023,32962.29,insufficient_balance,11,0,190488.46,3,103,408,card,0.439,1
TXN-02930,CUST-5368,6568.07,expired_card,7,2,49783.02,3,12,497,wallet,0.261,0
TXN-02931,CUST-6177,30447.4,temporary_bank_decline,5,0,109415.26,0,146,441,card,0.3,1
TXN-02932,CUST-6647,25043.88,expired_card,8,2,152410.32,4,82,528,upi,0.422,1
TXN-02933,CUST-7659,2977.26,temporary_bank_decline,3,1,10072.32,2,171,305,upi,0.291,1
TXN-02934,CUST-6344,965.45,temporary_bank_decline,8,3,143037.82,1,123,35,upi,0.283,1
TXN-02935,CUST-9831,36218.08,temporary_bank_decline,15,0,154472.18,4,152,67,card,0.524,0
TXN-02936,CUST-5976,16345.03,temporary_bank_decline,4,0,160009.76,4,174,110,upi,0.356,0
TXN-02937,CUST-5466,8470.92,expired_card,16,0,162294.32,0,31,294,card,0.0,1
TXN-02938,CUST-4819,30758.93,network_error,7,3,133055.72,1,17,486,netbanking,0.269,0
TXN-02939,CUST-1473,5268.43,temporary_bank_decline,6,3,82816.96,0,16,486,upi,0.084,0
TXN-02940,CUST-4173,17059.52,network_error,7,2,136831.07,4,115,398,card,0.447,1
TXN-02941,CUST-7651,35638.46,expired_card,6,0,89639.29,3,118,133,card,0.412,0
TXN-02942,CUST-7130,24317.28,authentication_failure,8,0,52839.32,1,157,189,wallet,0.308,0
TXN-02943,CUST-3237,46730.85,expired_card,10,3,69916.69,1,31,193,wallet,0.339,1
TXN-02944,CUST-5783,41404.22,temporary_bank_decline,5,3,192254.13,3,155,11,wallet,0.521,0
TXN-02945,CUST-9386,5733.74,network_error,10,1,196213.95,2,56,168,card,0.152,1
TXN-02946,CUST-4707,17009.07,network_error,12,1,115949.42,0,35,413,netbanking,0.146,0
TXN-02947,CUST-4837,10791.03,expired_card,12,0,134616.1,3,47,498,wallet,0.187,0
TXN-02948,CUST-8330,42518.63,authentication_failure,7,3,169313.32,4,83,290,wallet,0.511,0
TXN-02949,CUST-3792,6129.23,insufficient_balance,6,2,197205.91,2,57,169,wallet,0.305,0
TXN-02950,CUST-5864,44660.9,network_error,7,0,59656.58,4,113,372,card,0.507,0
TXN-02951,CUST-4113,3808.3,temporary_bank_decline,5,1,13566.04,4,91,254,upi,0.311,0
TXN-02952,CUST-5002,41385.49,insufficient_balance,7,1,122275.79,2,38,129,netbanking,0.304,1
TXN-02953,CUST-2005,27215.66,temporary_bank_decline,9,0,141096.95,4,18,366,upi,0.277,1
TXN-02954,CUST-1444,47529.54,authentication_failure,13,2,32785.69,4,151,483,card,0.594,1
TXN-02955,CUST-2902,41062.26,authentication_failure,9,4,113131.02,1,136,220,card,0.435,0
TXN-02956,CUST-4675,49981.02,expired_card,8,1,140213.34,4,6,47,card,0.477,0
TXN-02957,CUST-3865,5888.82,temporary_bank_decline,6,3,57696.93,2,158,429,netbanking,0.335,1
TXN-02958,CUST-4462,27640.79,temporary_bank_decline,8,0,63576.67,3,128,409,upi,0.349,0
TXN-02959,CUST-9154,45620.84,insufficient_balance,9,1,91616.16,2,25,56,upi,0.331,0
TXN-02960,CUST-1613,40941.32,network_error,14,3,162081.51,2,168,534,upi,0.488,1
TXN-02961,CUST-9068,45181.91,temporary_bank_decline,6,2,49636.56,0,106,225,card,0.383,0
TXN-02962,CUST-1683,6664.28,network_error,7,2,28915.04,4,77,187,upi,0.328,1
TXN-02963,CUST-9008,16402.0,insufficient_balance,6,2,109846.27,0,108,280,upi,0.222,0
TXN-02964,CUST-4020,1872.53,temporary_bank_decline,8,1,169188.81,2,150,318,upi,0.311,0
TXN-02965,CUST-1067,40638.01,expired_card,7,2,85644.13,4,52,516,card,0.459,0
TXN-02966,CUST-1793,41570.79,temporary_bank_decline,8,0,91705.3,2,104,328,upi,0.316,1
TXN-02967,CUST-9414,14409.12,authentication_failure,5,1,21155.15,0,115,438,wallet,0.298,1
TXN-02968,CUST-6826,1534.96,insufficient_balance,5,1,115673.56,2,74,503,upi,0.265,0
TXN-02969,CUST-8564,16696.3,expired_card,12,2,169551.44,1,8,201,upi,0.131,1
TXN-02970,CUST-7193,22894.08,insufficient_balance,15,2,161516.79,3,130,416,card,0.308,0
TXN-02971,CUST-6136,26913.13,insufficient_balance,9,1,171029.65,3,138,272,card,0.393,0
TXN-02972,CUST-3378,15107.54,temporary_bank_decline,4,2,28028.71,3,122,356,card,0.376,0
TXN-02973,CUST-3092,556.28,insufficient_balance,3,1,157056.34,0,141,47,wallet,0.111,1
TXN-02974,CUST-3420,35476.97,insufficient_balance,8,2,128811.42,3,109,176,card,0.413,0
TXN-02975,CUST-9240,18979.95,expired_card,6,1,87366.41,3,90,318,card,0.297,0
TXN-02976,CUST-5957,5507.61,temporary_bank_decline,16,2,179161.0,1,50,359,upi,0.155,1
TXN-02977,CUST-3498,30999.43,temporary_bank_decline,10,3,99718.28,1,150,197,netbanking,0.378,1
TXN-02978,CUST-8804,2882.47,expired_card,9,1,96213.02,0,50,263,netbanking,0.159,0
TXN-02979,CUST-9793,2477.97,expired_card,4,0,195734.93,3,174,377,upi,0.453,0
TXN-02980,CUST-1921,25814.09,authentication_failure,9,0,154936.79,2,151,124,card,0.271,0
TXN-02981,CUST-5201,42836.9,authentication_failure,9,1,135293.02,1,42,146,card,0.341,1
TXN-02982,CUST-1793,43536.7,insufficient_balance,7,2,109512.17,1,135,595,wallet,0.394,0
TXN-02983,CUST-2691,45516.47,authentication_failure,10,1,88314.41,2,83,531,card,0.388,0
TXN-02984,CUST-9977,31897.48,temporary_bank_decline,14,3,81028.61,2,165,163,card,0.481,0
TXN-02985,CUST-3111,21993.29,network_error,5,0,148211.62,2,169,138,upi,0.38,1
TXN-02986,CUST-1946,43828.85,expired_card,5,0,43748.02,0,82,542,upi,0.146,1
TXN-02987,CUST-4629,11041.62,expired_card,6,0,63838.55,2,89,61,upi,0.228,0
TXN-02988,CUST-1461,12803.32,temporary_bank_decline,8,2,4585.26,0,94,395,wallet,0.203,1
TXN-02989,CUST-5909,20821.87,authentication_failure,8,2,35113.01,3,125,227,card,0.293,0
TXN-02990,CUST-8425,40813.87,insufficient_balance,6,2,147269.0,3,147,163,upi,0.542,0
TXN-02991,CUST-2627,15590.72,expired_card,9,2,133022.4,4,113,572,upi,0.503,0
TXN-02992,CUST-5463,10239.01,insufficient_balance,9,1,169473.05,2,138,80,upi,0.282,0
TXN-02993,CUST-1545,10714.11,network_error,12,1,138523.98,1,11,211,upi,0.171,1
TXN-02994,CUST-6642,17015.83,expired_card,8,0,77867.54,1,68,461,card,0.16,1
TXN-02995,CUST-4029,3707.4,authentication_failure,8,2,182183.48,4,140,220,upi,0.337,0
TXN-02996,CUST-8043,6118.83,temporary_bank_decline,6,1,186374.34,1,96,580,card,0.139,1
TXN-02997,CUST-1722,37183.27,temporary_bank_decline,8,2,88427.82,4,122,265,wallet,0.434,0
TXN-02998,CUST-6528,48965.21,expired_card,9,0,139692.98,0,73,363,netbanking,0.278,1
TXN-02999,CUST-2064,21624.43,insufficient_balance,11,1,29675.87,4,168,599,upi,0.449,0
TXN-03000,CUST-7645,37630.62,authentication_failure,3,2,168083.19,4,115,68,card,0.519,0
TXN-03001,CUST-6732,16842.01,temporary_bank_decline,9,1,196160.76,2,78,356,upi,0.312,0
TXN-03002,CUST-4862,21412.88,temporary_bank_decline,6,0,97457.74,0,19,134,netbanking,0.124,1
TXN-03003,CUST-2290,48787.87,network_error,8,2,161924.38,3,163,539,upi,0.607,0
TXN-03004,CUST-8282,27964.03,insufficient_balance,6,3,36593.81,4,92,531,upi,0.518,1
TXN-03005,CUST-8881,9780.36,authentication_failure,8,2,89759.17,4,111,399,netbanking,0.383,0
TXN-03006,CUST-2204,10339.37,network_error,9,4,144208.84,2,45,479,upi,0.308,1
TXN-03007,CUST-9880,37018.73,expired_card,6,3,58159.13,2,65,387,card,0.48,0
TXN-03008,CUST-6461,20619.08,insufficient_balance,4,1,178242.7,4,9,339,upi,0.297,0
TXN-03009,CUST-4547,12142.17,insufficient_balance,2,3,33354.66,4,2,377,netbanking,0.342,0
TXN-03010,CUST-5208,46903.57,temporary_bank_decline,10,1,118530.74,0,121,390,upi,0.374,0
TXN-03011,CUST-6034,43979.04,authentication_failure,3,0,11349.5,4,100,181,upi,0.541,0
TXN-03012,CUST-9217,32424.66,network_error,5,1,149956.68,1,58,357,netbanking,0.259,1
TXN-03013,CUST-4003,4057.92,authentication_failure,10,3,184979.19,3,5,557,wallet,0.198,0
TXN-03014,CUST-5463,19579.34,expired_card,10,0,2069.9,0,172,52,upi,0.245,1
TXN-03015,CUST-5914,49170.62,network_error,3,2,136016.96,2,27,541,card,0.308,0
TXN-03016,CUST-2669,14691.53,expired_card,15,1,179177.62,4,56,325,card,0.338,0
TXN-03017,CUST-8200,34593.51,temporary_bank_decline,7,0,143738.43,0,88,263,card,0.173,1
TXN-03018,CUST-8537,45352.78,temporary_bank_decline,7,2,128023.25,3,9,515,card,0.346,0
TXN-03019,CUST-1433,30366.48,authentication_failure,9,1,179693.08,4,147,447,upi,0.532,1
TXN-03020,CUST-1268,31531.36,authentication_failure,8,4,10219.6,3,102,277,card,0.453,1
TXN-03021,CUST-6075,49682.36,authentication_failure,11,2,190178.5,4,140,110,card,0.561,0
TXN-03022,CUST-5650,16338.02,temporary_bank_decline,9,0,2178.69,4,65,311,card,0.339,0
TXN-03023,CUST-8469,12546.74,network_error,7,3,148840.65,4,75,151,card,0.373,0
TXN-03024,CUST-9638,42113.0,temporary_bank_decline,5,2,104542.64,2,130,162,upi,0.437,1
TXN-03025,CUST-7583,40548.37,expired_card,8,0,7923.91,4,163,380,upi,0.554,1
TXN-03026,CUST-3202,19280.25,temporary_bank_decline,8,1,122293.4,0,134,215,card,0.264,1
TXN-03027,CUST-8517,40438.22,network_error,8,0,12566.92,4,130,327,netbanking,0.495,1
TXN-03028,CUST-7699,7388.23,expired_card,9,1,49865.92,4,57,50,card,0.355,0
TXN-03029,CUST-2739,15938.32,authentication_failure,9,1,108963.41,2,90,448,card,0.257,0
TXN-03030,CUST-5647,30122.7,temporary_bank_decline,8,1,2820.12,1,63,269,upi,0.284,1
TXN-03031,CUST-3202,27008.17,expired_card,5,5,114766.4,2,58,331,card,0.342,0
TXN-03032,CUST-3147,16511.01,network_error,8,2,180400.02,2,67,410,wallet,0.205,1
TXN-03033,CUST-8976,16766.58,authentication_failure,8,1,50072.22,0,170,279,upi,0.234,1
TXN-03034,CUST-7779,39782.96,insufficient_balance,11,0,104369.1,3,131,580,card,0.386,0
TXN-03035,CUST-4685,29771.9,expired_card,7,2,92528.39,2,80,409,netbanking,0.421,0
TXN-03036,CUST-9428,3325.14,expired_card,10,1,32594.84,4,155,432,wallet,0.376,0
TXN-03037,CUST-3793,9910.2,temporary_bank_decline,9,0,95806.41,4,86,163,upi,0.253,1
TXN-03038,CUST-4178,34998.38,temporary_bank_decline,12,3,9423.13,1,2,575,upi,0.235,0
TXN-03039,CUST-9679,34034.31,expired_card,5,1,197719.15,4,85,339,upi,0.476,0
TXN-03040,CUST-8178,15428.09,network_error,4,4,119456.91,4,114,78,upi,0.418,0
TXN-03041,CUST-8479,42217.28,network_error,9,0,31793.89,3,160,218,card,0.448,0
TXN-03042,CUST-7125,14909.35,temporary_bank_decline,12,1,18601.88,3,105,51,upi,0.3,1
TXN-03043,CUST-2238,1241.56,temporary_bank_decline,8,2,132655.59,3,1,150,card,0.221,0
TXN-03044,CUST-9776,36892.93,temporary_bank_decline,8,0,51554.06,1,60,155,netbanking,0.256,0
TXN-03045,CUST-3342,20070.85,insufficient_balance,17,2,154553.67,3,147,578,netbanking,0.453,1
TXN-03046,CUST-7526,36145.55,temporary_bank_decline,8,1,177711.18,0,36,412,upi,0.152,1
TXN-03047,CUST-6612,16786.37,authentication_failure,7,1,87738.58,1,109,466,card,0.296,0
TXN-03048,CUST-7569,35075.76,expired_card,4,1,40631.55,0,179,485,card,0.317,1
TXN-03049,CUST-1303,37984.07,network_error,6,3,117162.14,4,148,323,wallet,0.552,0
TXN-03050,CUST-4971,33291.93,insufficient_balance,12,0,19510.74,3,61,592,netbanking,0.31,0
TXN-03051,CUST-7355,7911.31,insufficient_balance,6,4,162160.12,1,20,197,card,0.288,1
TXN-03052,CUST-6243,41904.76,expired_card,11,0,182375.02,4,72,149,wallet,0.296,1
TXN-03053,CUST-3052,17989.28,expired_card,3,0,131540.49,0,99,161,upi,0.139,1
TXN-03054,CUST-1986,2083.65,insufficient_balance,8,2,196727.21,4,114,272,upi,0.393,0
TXN-03055,CUST-3627,42526.17,expired_card,11,2,125147.07,3,93,591,upi,0.434,1
TXN-03056,CUST-6296,26083.0,authentication_failure,8,0,188380.36,0,26,82,card,0.212,1
TXN-03057,CUST-9705,13897.28,expired_card,6,4,123426.96,2,14,315,upi,0.264,1
TXN-03058,CUST-7067,37103.74,insufficient_balance,8,0,150677.23,1,19,278,netbanking,0.247,0
TXN-03059,CUST-1205,8973.39,network_error,5,2,17865.52,2,151,534,netbanking,0.395,0
TXN-03060,CUST-8177,7534.43,network_error,13,0,26107.4,2,153,113,upi,0.181,0
TXN-03061,CUST-2885,29154.17,temporary_bank_decline,9,2,29712.55,4,159,139,card,0.51,0
TXN-03062,CUST-2914,7347.8,temporary_bank_decline,14,1,8342.68,4,123,334,card,0.348,0
TXN-03063,CUST-9251,33546.78,expired_card,9,2,192633.79,1,130,481,card,0.418,0
TXN-03064,CUST-2608,34922.76,expired_card,9,1,174701.27,3,163,361,card,0.469,0
TXN-03065,CUST-6142,11331.21,network_error,4,2,15044.9,2,4,55,upi,0.235,0
TXN-03066,CUST-2663,13182.35,network_error,7,1,176799.38,4,81,277,upi,0.413,0
TXN-03067,CUST-8730,498.09,temporary_bank_decline,4,1,167733.94,2,130,255,card,0.277,0
TXN-03068,CUST-4245,8762.57,temporary_bank_decline,10,1,28106.48,2,68,45,netbanking,0.227,0
TXN-03069,CUST-7195,9379.99,insufficient_balance,11,3,80142.36,4,133,170,wallet,0.399,0
TXN-03070,CUST-7148,40118.82,network_error,5,3,141836.05,1,60,570,card,0.444,1
TXN-03071,CUST-7153,1579.46,expired_card,6,1,82278.09,1,68,323,upi,0.176,1
TXN-03072,CUST-5670,26955.71,insufficient_balance,12,1,132845.15,2,107,243,card,0.291,0
TXN-03073,CUST-1273,28278.68,temporary_bank_decline,7,0,124851.22,4,92,53,card,0.469,1
TXN-03074,CUST-2823,42055.41,network_error,6,1,106956.53,0,28,240,card,0.141,0
TXN-03075,CUST-9239,7162.7,insufficient_balance,8,1,27167.71,1,154,536,upi,0.247,0
TXN-03076,CUST-2288,36430.23,network_error,6,2,115135.76,3,36,153,card,0.384,1
TXN-03077,CUST-7386,1692.61,temporary_bank_decline,9,1,192166.23,4,147,287,card,0.398,0
TXN-03078,CUST-6002,10554.17,network_error,8,3,49680.6,0,175,149,wallet,0.307,1
TXN-03079,CUST-2259,25735.88,temporary_bank_decline,2,4,108470.73,2,5,266,upi,0.253,0
TXN-03080,CUST-9321,10254.51,temporary_bank_decline,5,2,109720.42,2,96,199,netbanking,0.368,0
TXN-03081,CUST-4957,7549.93,temporary_bank_decline,8,1,122109.86,1,120,341,card,0.259,1
TXN-03082,CUST-5747,16836.07,expired_card,5,1,51206.57,3,64,499,wallet,0.362,0
TXN-03083,CUST-9361,2063.09,temporary_bank_decline,12,1,177217.31,3,25,258,card,0.126,0
TXN-03084,CUST-7631,34935.9,temporary_bank_decline,9,3,174332.7,0,151,513,card,0.307,1
TXN-03085,CUST-1595,35008.48,insufficient_balance,5,1,67239.66,0,4,392,upi,0.163,1
TXN-03086,CUST-8649,33117.57,temporary_bank_decline,12,3,154098.32,0,16,26,card,0.231,1
TXN-03087,CUST-1951,18999.14,expired_card,6,3,83600.02,0,66,249,card,0.269,0
TXN-03088,CUST-3880,24944.59,network_error,10,1,92544.61,4,39,295,upi,0.43,0
TXN-03089,CUST-6793,32439.65,network_error,9,0,154925.05,1,86,251,upi,0.248,1
TXN-03090,CUST-3695,38756.83,authentication_failure,12,0,178197.9,1,124,524,card,0.309,0
TXN-03091,CUST-2027,32364.56,authentication_failure,17,0,44126.92,2,75,135,netbanking,0.281,1
TXN-03092,CUST-8269,7537.75,expired_card,7,1,159107.67,3,12,233,upi,0.257,0
TXN-03093,CUST-4051,5691.09,network_error,15,0,9309.46,2,137,308,card,0.21,1
TXN-03094,CUST-3598,20000.32,network_error,5,1,91720.5,3,48,249,upi,0.33,0
TXN-03095,CUST-1513,4538.02,network_error,8,2,94608.24,1,82,342,card,0.224,0
TXN-03096,CUST-3114,39558.34,insufficient_balance,5,1,80885.3,0,146,99,upi,0.33,0
TXN-03097,CUST-4931,47803.41,expired_card,3,1,42584.91,1,176,532,wallet,0.435,0
TXN-03098,CUST-6634,7130.98,temporary_bank_decline,8,2,71714.05,3,119,301,card,0.369,0
TXN-03099,CUST-8692,3958.39,authentication_failure,8,2,168411.43,2,132,29,upi,0.363,1
TXN-03100,CUST-3638,35352.48,authentication_failure,5,1,19404.89,3,104,581,card,0.427,0
TXN-03101,CUST-4553,19517.32,expired_card,7,1,135956.75,4,47,379,netbanking,0.394,0
TXN-03102,CUST-1392,44035.51,insufficient_balance,8,4,139185.66,2,140,448,card,0.532,1
TXN-03103,CUST-4409,35735.17,temporary_bank_decline,6,1,1341.54,3,115,576,upi,0.39,0
TXN-03104,CUST-6071,22092.25,expired_card,10,4,118748.38,0,141,484,upi,0.385,1
TXN-03105,CUST-4067,25737.16,temporary_bank_decline,11,1,144130.58,0,51,125,upi,0.184,1
TXN-03106,CUST-7615,8740.95,authentication_failure,7,2,43608.1,3,122,196,upi,0.346,0
TXN-03107,CUST-7733,21458.57,authentication_failure,10,2,114781.1,4,146,142,upi,0.5,0
TXN-03108,CUST-7906,15136.68,authentication_failure,5,0,120304.39,2,100,105,upi,0.33,0
TXN-03109,CUST-6279,28601.55,network_error,7,4,20584.05,2,73,427,upi,0.415,1
TXN-03110,CUST-6267,2703.57,temporary_bank_decline,9,2,76675.93,0,53,6,card,0.116,1
TXN-03111,CUST-5442,14930.56,temporary_bank_decline,11,1,99942.96,0,90,504,netbanking,0.158,1
TXN-03112,CUST-3764,23257.06,temporary_bank_decline,7,0,165872.42,4,54,486,netbanking,0.339,1
TXN-03113,CUST-3946,41453.5,temporary_bank_decline,4,1,33558.55,3,26,548,card,0.328,0
TXN-03114,CUST-8004,49794.23,temporary_bank_decline,7,0,99045.25,3,4,123,upi,0.349,1
TXN-03115,CUST-3095,25270.06,insufficient_balance,10,2,194423.25,2,55,305,upi,0.366,1
TXN-03116,CUST-3317,2613.87,temporary_bank_decline,7,2,132261.36,0,63,423,card,0.177,1
TXN-03117,CUST-3478,17486.37,expired_card,7,1,163481.4,2,58,244,card,0.188,0
TXN-03118,CUST-5183,43041.73,authentication_failure,4,0,90122.24,0,47,34,card,0.195,0
TXN-03119,CUST-1870,21052.04,insufficient_balance,9,0,155988.88,4,25,429,card,0.277,1
TXN-03120,CUST-1762,41533.43,temporary_bank_decline,6,0,197565.11,1,27,32,card,0.324,0
TXN-03121,CUST-9556,19152.63,authentication_failure,4,5,34360.43,2,8,476,card,0.408,0
TXN-03122,CUST-6835,22591.5,temporary_bank_decline,12,2,176808.16,1,153,179,wallet,0.342,0
TXN-03123,CUST-1937,19059.75,expired_card,6,3,126021.42,3,144,384,upi,0.434,0
TXN-03124,CUST-5087,30489.59,insufficient_balance,7,0,153780.15,3,89,72,card,0.345,0
TXN-03125,CUST-3380,48611.25,temporary_bank_decline,6,1,182469.54,4,37,119,card,0.526,0
TXN-03126,CUST-7715,38677.06,insufficient_balance,5,2,104199.34,3,82,460,upi,0.43,0
TXN-03127,CUST-3988,3823.79,insufficient_balance,10,1,105990.07,2,133,198,netbanking,0.246,0
TXN-03128,CUST-7568,19209.05,authentication_failure,5,2,68064.51,4,52,371,netbanking,0.441,0
TXN-03129,CUST-7321,41549.36,temporary_bank_decline,5,0,85186.43,0,45,56,upi,0.247,0
TXN-03130,CUST-3376,15996.36,network_error,6,1,90756.91,1,102,316,wallet,0.173,1
TXN-03131,CUST-1904,43341.83,temporary_bank_decline,8,3,108279.95,3,79,540,upi,0.448,0
TXN-03132,CUST-1967,45717.18,expired_card,6,5,197475.71,0,103,251,netbanking,0.409,0
TXN-03133,CUST-7563,9412.57,insufficient_balance,12,1,71140.49,3,20,376,netbanking,0.215,0
TXN-03134,CUST-4779,449.08,authentication_failure,7,1,91317.2,3,68,309,card,0.219,1
TXN-03135,CUST-3650,40122.88,temporary_bank_decline,3,1,156383.79,4,13,229,wallet,0.373,0
TXN-03136,CUST-4494,19835.84,insufficient_balance,8,1,90137.68,4,51,89,upi,0.337,0
TXN-03137,CUST-2744,19542.8,temporary_bank_decline,4,0,65665.54,1,141,248,upi,0.208,1
TXN-03138,CUST-2746,579.84,temporary_bank_decline,4,2,159869.97,0,80,341,card,0.208,1
TXN-03139,CUST-2197,19411.94,network_error,15,2,33678.59,0,13,340,card,0.188,1
TXN-03140,CUST-2789,356.78,authentication_failure,8,3,185272.04,2,67,48,upi,0.299,0
TXN-03141,CUST-6015,11505.52,authentication_failure,12,4,163279.71,0,62,329,card,0.283,0
TXN-03142,CUST-1920,42387.94,temporary_bank_decline,15,0,177786.13,3,55,528,netbanking,0.442,1
TXN-03143,CUST-3565,18482.7,insufficient_balance,9,0,188272.12,0,176,39,upi,0.193,1
TXN-03144,CUST-1624,20273.62,temporary_bank_decline,11,1,142670.43,3,14,188,card,0.301,1
TXN-03145,CUST-6121,4518.34,expired_card,14,1,83306.35,0,121,85,upi,0.216,0
TXN-03146,CUST-2976,46450.68,temporary_bank_decline,6,2,144782.38,0,1,251,card,0.2,1
TXN-03147,CUST-7426,6661.18,authentication_failure,7,2,170611.68,0,128,282,card,0.191,0
TXN-03148,CUST-5666,12385.68,authentication_failure,6,1,18273.14,0,22,281,wallet,0.048,0
TXN-03149,CUST-9649,39403.28,authentication_failure,5,1,54955.41,4,1,408,wallet,0.332,0
TXN-03150,CUST-2328,15998.91,expired_card,8,0,165189.04,2,150,47,card,0.326,0
TXN-03151,CUST-8916,32860.7,temporary_bank_decline,6,2,24796.06,0,160,366,card,0.331,1
TXN-03152,CUST-5433,23177.05,temporary_bank_decline,6,2,30198.36,1,140,6,upi,0.346,1
TXN-03153,CUST-4944,9615.7,authentication_failure,6,0,196939.42,4,69,236,card,0.292,0
TXN-03154,CUST-6774,12031.38,insufficient_balance,4,2,198968.69,1,9,592,upi,0.181,1
TXN-03155,CUST-4848,12133.47,network_error,7,2,11159.16,2,14,573,upi,0.175,1
TXN-03156,CUST-4673,41194.74,insufficient_balance,12,2,188850.71,2,18,73,card,0.322,0
TXN-03157,CUST-8992,3357.67,expired_card,11,3,23633.93,0,16,461,upi,0.053,1
TXN-03158,CUST-9977,40707.01,expired_card,10,1,100860.38,0,1,13,wallet,0.173,0
TXN-03159,CUST-1123,17494.22,expired_card,6,2,24293.0,2,138,40,card,0.365,0
TXN-03160,CUST-8200,9112.08,insufficient_balance,5,1,42937.83,4,106,510,card,0.346,0
TXN-03161,CUST-2707,33357.87,temporary_bank_decline,13,1,56178.65,1,24,311,upi,0.202,1
TXN-03162,CUST-9083,7883.47,temporary_bank_decline,9,2,61315.46,0,5,119,upi,0.106,0
TXN-03163,CUST-9294,44191.86,temporary_bank_decline,14,0,168464.36,0,164,82,upi,0.263,1
TXN-03164,CUST-3679,18125.3,network_error,6,2,109138.3,1,36,396,card,0.133,0
TXN-03165,CUST-1109,20384.9,temporary_bank_decline,8,2,48646.92,2,65,41,upi,0.323,1
TXN-03166,CUST-8195,32137.95,insufficient_balance,7,0,78188.08,1,118,77,card,0.277,0
TXN-03167,CUST-7546,12107.63,insufficient_balance,5,5,102457.13,2,2,272,upi,0.321,1
TXN-03168,CUST-8551,44367.84,insufficient_balance,10,2,112130.41,1,173,103,card,0.448,0
TXN-03169,CUST-5431,29435.03,authentication_failure,14,0,97344.35,2,74,237,upi,0.319,1
TXN-03170,CUST-8456,31732.38,network_error,7,4,1683.95,0,106,252,wallet,0.227,1
TXN-03171,CUST-3060,12517.76,insufficient_balance,7,3,127847.17,1,18,267,netbanking,0.166,0
TXN-03172,CUST-3416,32284.83,authentication_failure,9,3,120561.1,2,30,139,card,0.36,1
TXN-03173,CUST-7243,29597.37,insufficient_balance,5,2,168258.88,0,152,19,netbanking,0.255,1
TXN-03174,CUST-3677,2157.76,insufficient_balance,10,0,167923.69,0,158,264,upi,0.08,1
TXN-03175,CUST-9995,32396.44,authentication_failure,4,1,96984.54,0,41,87,wallet,0.247,0
TXN-03176,CUST-3431,22544.16,expired_card,4,2,81698.18,3,114,221,upi,0.397,0
TXN-03177,CUST-9925,18283.61,network_error,6,1,162148.02,1,111,38,upi,0.276,1
TXN-03178,CUST-8930,24282.04,insufficient_balance,10,2,50965.63,1,40,509,upi,0.235,0
TXN-03179,CUST-8448,2242.87,temporary_bank_decline,9,0,77964.71,2,150,306,card,0.206,0
TXN-03180,CUST-1076,6251.13,authentication_failure,14,3,132596.24,1,104,310,card,0.19,1
TXN-03181,CUST-6943,9289.24,temporary_bank_decline,6,2,172908.53,0,40,258,wallet,0.135,1
TXN-03182,CUST-3877,28937.5,expired_card,1,0,16232.7,2,158,534,netbanking,0.295,1
TXN-03183,CUST-4346,2722.12,expired_card,8,1,41125.96,3,75,269,card,0.241,0
TXN-03184,CUST-4610,17570.75,expired_card,3,1,11014.54,3,55,31,netbanking,0.273,1
TXN-03185,CUST-7368,32060.13,insufficient_balance,13,0,174985.58,4,148,547,card,0.422,1
TXN-03186,CUST-9111,42298.08,network_error,8,3,144187.53,3,33,370,wallet,0.404,0
TXN-03187,CUST-4999,8447.83,temporary_bank_decline,10,2,15820.57,1,174,270,card,0.262,1
TXN-03188,CUST-8738,35549.53,network_error,8,1,37627.17,4,48,103,netbanking,0.36,0
TXN-03189,CUST-2534,36979.0,expired_card,5,1,199065.84,3,156,109,netbanking,0.494,0
TXN-03190,CUST-6688,41469.92,authentication_failure,16,2,189462.89,1,81,467,upi,0.391,0
TXN-03191,CUST-4568,16983.84,insufficient_balance,9,0,51152.52,0,125,475,upi,0.202,0
TXN-03192,CUST-1924,45428.25,temporary_bank_decline,9,4,144637.49,3,30,388,upi,0.44,0
TXN-03193,CUST-7420,1940.26,temporary_bank_decline,11,2,129208.65,0,18,420,card,0.149,1
TXN-03194,CUST-7101,23533.89,authentication_failure,7,3,96952.77,4,26,432,upi,0.33,0
TXN-03195,CUST-6274,638.5,temporary_bank_decline,7,3,159437.88,1,139,489,card,0.257,0
TXN-03196,CUST-2603,35909.49,insufficient_balance,8,1,9626.99,0,136,242,upi,0.24,0
TXN-03197,CUST-5785,34166.19,authentication_failure,6,1,104118.19,2,167,338,card,0.318,1
TXN-03198,CUST-5978,29203.77,temporary_bank_decline,6,1,115720.32,3,3,123,card,0.282,0
TXN-03199,CUST-3452,30218.31,network_error,10,2,127090.49,2,65,366,card,0.287,0
TXN-03200,CUST-7076,49125.12,temporary_bank_decline,13,3,55111.96,2,72,337,upi,0.352,1
TXN-03201,CUST-4304,33933.72,temporary_bank_decline,1,1,45461.43,4,145,345,upi,0.378,0
TXN-03202,CUST-3360,27289.22,authentication_failure,6,2,113522.15,0,156,403,wallet,0.312,0
TXN-03203,CUST-7145,13301.64,temporary_bank_decline,15,1,53578.94,4,137,81,card,0.454,0
TXN-03204,CUST-3651,19074.42,temporary_bank_decline,7,0,1310.9,3,41,103,card,0.23,1
TXN-03205,CUST-1756,22514.26,insufficient_balance,11,0,46600.89,4,169,403,card,0.387,0
TXN-03206,CUST-6004,47040.04,insufficient_balance,6,1,140290.2,4,71,246,upi,0.426,0
TXN-03207,CUST-1158,16156.08,insufficient_balance,6,2,168743.5,0,25,503,upi,0.169,0
TXN-03208,CUST-6986,24988.49,insufficient_balance,6,3,144368.16,2,138,547,upi,0.469,1
TXN-03209,CUST-2291,10515.33,temporary_bank_decline,8,1,69634.73,0,105,221,card,0.165,1
TXN-03210,CUST-8023,22254.73,expired_card,13,2,47138.88,1,156,197,card,0.392,0
TXN-03211,CUST-6640,45725.29,network_error,8,0,166419.74,2,139,519,netbanking,0.504,0
TXN-03212,CUST-5785,48668.99,temporary_bank_decline,5,3,69945.41,2,63,220,wallet,0.435,0
TXN-03213,CUST-4334,49931.38,insufficient_balance,8,2,25772.82,3,145,347,upi,0.553,0
TXN-03214,CUST-8972,18549.49,authentication_failure,8,1,64696.43,3,46,573,upi,0.373,0
TXN-03215,CUST-5606,2845.95,insufficient_balance,10,0,15825.55,1,135,145,netbanking,0.139,1
TXN-03216,CUST-6324,39467.67,insufficient_balance,8,2,48597.28,1,92,199,upi,0.375,1
TXN-03217,CUST-8485,16170.57,authentication_failure,10,1,84708.17,4,132,331,card,0.421,1
TXN-03218,CUST-1675,24215.37,temporary_bank_decline,7,1,113986.96,4,167,306,netbanking,0.405,1
TXN-03219,CUST-4366,19130.1,temporary_bank_decline,3,0,50235.43,2,37,108,card,0.181,0
TXN-03220,CUST-3297,8443.9,expired_card,12,1,164806.61,2,79,401,upi,0.262,0
TXN-03221,CUST-4075,15796.1,authentication_failure,10,2,128374.35,4,38,220,upi,0.369,0
TXN-03222,CUST-5625,15386.64,authentication_failure,2,1,159930.16,2,2,509,wallet,0.246,0
TXN-03223,CUST-3445,16712.46,expired_card,10,3,22091.23,1,93,553,upi,0.298,1
TXN-03224,CUST-6967,28538.5,network_error,8,3,156888.83,3,136,110,card,0.519,0
TXN-03225,CUST-9484,21748.0,expired_card,4,0,105701.67,2,68,190,netbanking,0.237,1
TXN-03226,CUST-5123,48278.1,insufficient_balance,2,3,86061.19,2,126,403,upi,0.457,0
TXN-03227,CUST-6205,27769.83,insufficient_balance,8,2,88857.4,0,50,238,upi,0.14,1
TXN-03228,CUST-3789,6018.55,insufficient_balance,5,3,122921.22,3,15,203,upi,0.18,0
TXN-03229,CUST-1767,17153.29,temporary_bank_decline,7,1,45778.03,0,14,394,netbanking,0.089,1
TXN-03230,CUST-9804,45229.17,temporary_bank_decline,6,0,84761.91,2,62,408,wallet,0.417,1
TXN-03231,CUST-6202,7034.63,authentication_failure,8,3,125892.91,3,35,202,card,0.236,0
TXN-03232,CUST-1730,38407.03,temporary_bank_decline,14,2,198432.2,3,110,34,upi,0.462,0
TXN-03233,CUST-6005,33458.73,expired_card,5,0,59306.66,0,37,125,upi,0.185,1
TXN-03234,CUST-8284,452.57,authentication_failure,8,0,147959.78,2,26,357,netbanking,0.136,1
TXN-03235,CUST-6710,22971.96,insufficient_balance,10,0,123556.35,0,110,70,upi,0.2,1
TXN-03236,CUST-9653,7007.86,insufficient_balance,7,2,4761.38,4,46,162,upi,0.401,0
TXN-03237,CUST-1916,37198.16,temporary_bank_decline,7,1,97661.78,2,57,329,card,0.347,1
TXN-03238,CUST-1885,8408.42,network_error,8,0,61546.43,4,165,369,netbanking,0.29,1
TXN-03239,CUST-9704,12791.09,expired_card,11,0,108249.64,0,166,364,upi,0.199,0
TXN-03240,CUST-1607,39678.44,temporary_bank_decline,5,1,189762.93,2,42,558,upi,0.347,0
TXN-03241,CUST-8213,5877.5,insufficient_balance,15,0,153715.39,0,23,191,card,0.024,0
TXN-03242,CUST-5970,18902.69,temporary_bank_decline,8,1,30221.87,1,156,415,wallet,0.335,0
TXN-03243,CUST-4328,30027.45,expired_card,12,3,136833.1,2,120,252,card,0.391,0
TXN-03244,CUST-4839,42170.78,expired_card,3,3,186549.93,1,81,158,upi,0.36,0
TXN-03245,CUST-7648,14427.06,authentication_failure,6,2,135555.78,2,36,484,upi,0.253,1
TXN-03246,CUST-3080,18793.33,authentication_failure,5,2,176839.87,4,118,444,card,0.393,1
TXN-03247,CUST-6847,35556.69,authentication_failure,12,1,179095.85,2,16,131,upi,0.273,1
TXN-03248,CUST-2319,24734.24,temporary_bank_decline,7,0,156242.18,1,24,229,upi,0.124,1
TXN-03249,CUST-8724,22404.52,expired_card,9,1,57736.2,1,122,8,card,0.28,1
TXN-03250,CUST-4816,10734.29,expired_card,5,1,24909.75,2,68,518,upi,0.113,0
TXN-03251,CUST-3789,24369.37,authentication_failure,8,1,86404.02,1,56,444,wallet,0.264,1
TXN-03252,CUST-2699,46769.33,expired_card,9,2,166558.93,1,61,386,card,0.27,1
TXN-03253,CUST-6056,17373.42,insufficient_balance,9,4,118518.21,0,35,243,upi,0.212,1
TXN-03254,CUST-6510,46153.27,temporary_bank_decline,14,2,181894.48,2,49,485,netbanking,0.367,1
TXN-03255,CUST-8157,33647.89,network_error,9,2,3402.09,4,98,296,upi,0.427,0
TXN-03256,CUST-7927,27371.5,insufficient_balance,6,3,87692.73,3,16,509,netbanking,0.367,0
TXN-03257,CUST-8514,44265.28,authentication_failure,7,0,79056.97,3,19,326,card,0.241,0
TXN-03258,CUST-6038,5490.87,temporary_bank_decline,10,0,180779.85,2,45,161,upi,0.07,1
TXN-03259,CUST-7520,2701.9,network_error,5,1,16252.92,2,175,490,upi,0.246,1
TXN-03260,CUST-2128,35854.12,network_error,4,2,82110.11,4,119,552,netbanking,0.53,0
TXN-03261,CUST-8038,45664.06,insufficient_balance,11,2,196897.96,0,131,169,upi,0.241,0
TXN-03262,CUST-5849,24128.05,temporary_bank_decline,10,1,72986.78,3,115,77,upi,0.333,1
TXN-03263,CUST-1518,25281.03,authentication_failure,7,1,100264.16,0,128,83,upi,0.26,0
TXN-03264,CUST-3282,39392.76,temporary_bank_decline,10,2,192148.19,3,28,463,upi,0.319,0
TXN-03265,CUST-9928,45126.41,authentication_failure,10,1,10770.22,2,107,389,card,0.477,0
TXN-03266,CUST-9099,32248.96,insufficient_balance,12,0,190392.27,4,76,163,netbanking,0.405,0
TXN-03267,CUST-2780,38706.09,insufficient_balance,7,3,125891.95,1,3,274,upi,0.359,1
TXN-03268,CUST-8094,26654.54,expired_card,8,0,59961.29,2,153,434,card,0.335,0
TXN-03269,CUST-6280,40179.56,expired_card,7,2,186762.24,2,90,553,upi,0.348,0
TXN-03270,CUST-8348,20421.9,insufficient_balance,15,1,23068.72,1,5,36,upi,0.193,0
TXN-03271,CUST-7635,3846.89,expired_card,10,1,52627.48,4,102,338,card,0.33,0
TXN-03272,CUST-3284,3013.71,network_error,8,2,50810.66,4,105,400,netbanking,0.437,0
TXN-03273,CUST-3134,33570.2,expired_card,5,0,180823.59,0,52,570,upi,0.154,0
TXN-03274,CUST-2800,23025.6,temporary_bank_decline,6,0,125471.32,3,162,125,card,0.395,0
TXN-03275,CUST-7990,751.3,temporary_bank_decline,6,1,67035.92,0,35,306,netbanking,0.069,1
TXN-03276,CUST-9782,9677.11,network_error,9,0,3590.74,0,123,433,card,0.149,1
TXN-03277,CUST-6065,23777.07,temporary_bank_decline,12,1,138395.89,2,71,315,card,0.284,1
TXN-03278,CUST-1162,23922.67,temporary_bank_decline,5,2,88636.2,2,87,133,card,0.357,1
TXN-03279,CUST-1339,9436.03,temporary_bank_decline,8,1,185774.41,0,113,370,upi,0.224,1
TXN-03280,CUST-6546,34214.84,temporary_bank_decline,8,1,41773.38,4,147,124,upi,0.479,1
TXN-03281,CUST-4077,19115.77,insufficient_balance,5,0,93656.37,0,138,590,netbanking,0.208,1
TXN-03282,CUST-5380,5710.52,insufficient_balance,6,2,63395.51,2,167,375,upi,0.434,1
TXN-03283,CUST-5001,31143.79,expired_card,4,0,104670.74,4,72,275,card,0.337,0
TXN-03284,CUST-6540,30867.06,insufficient_balance,12,1,194757.62,2,76,206,card,0.342,1
TXN-03285,CUST-9196,1785.0,network_error,9,1,108615.31,1,10,232,card,0.184,1
TXN-03286,CUST-8616,17446.48,expired_card,8,2,27915.79,1,32,71,netbanking,0.117,0
TXN-03287,CUST-1428,39298.91,insufficient_balance,4,3,14838.45,2,167,400,netbanking,0.49,0
TXN-03288,CUST-8129,45075.91,temporary_bank_decline,7,3,149709.0,4,21,442,upi,0.462,1
TXN-03289,CUST-2243,30781.09,insufficient_balance,5,1,78048.46,0,123,382,upi,0.239,0
TXN-03290,CUST-8722,45651.01,authentication_failure,8,1,56190.77,0,129,59,upi,0.321,0
TXN-03291,CUST-1305,22994.57,temporary_bank_decline,10,1,52996.14,2,172,194,upi,0.485,1
TXN-03292,CUST-9291,6289.94,insufficient_balance,9,3,65853.75,4,166,358,card,0.459,0
TXN-03293,CUST-1348,25105.91,authentication_failure,5,1,190931.65,0,15,314,card,0.196,1
TXN-03294,CUST-4106,19453.48,expired_card,10,1,158790.84,0,72,258,upi,0.176,1
TXN-03295,CUST-8888,37629.09,authentication_failure,4,3,76352.39,1,76,131,upi,0.416,0
TXN-03296,CUST-4112,22918.66,expired_card,9,1,154065.91,3,74,504,card,0.356,0
TXN-03297,CUST-9029,32633.94,insufficient_balance,4,1,117257.13,2,144,245,card,0.392,0
TXN-03298,CUST-1924,26543.62,insufficient_balance,8,1,8443.63,4,117,77,upi,0.511,0
TXN-03299,CUST-2993,30277.77,authentication_failure,4,1,92810.9,1,106,544,card,0.346,1
TXN-03300,CUST-1834,38629.26,expired_card,11,2,97868.06,1,105,395,upi,0.322,1
TXN-03301,CUST-9559,23295.08,expired_card,9,1,133788.07,3,137,582,wallet,0.38,0
TXN-03302,CUST-7272,9744.05,network_error,10,4,112074.64,0,113,133,card,0.267,0
TXN-03303,CUST-5134,7089.46,insufficient_balance,8,1,36241.26,3,123,414,card,0.289,0
TXN-03304,CUST-1432,29806.49,expired_card,13,2,110687.95,0,151,400,card,0.314,0
TXN-03305,CUST-3137,6652.5,network_error,8,1,146029.9,1,67,166,upi,0.126,0
TXN-03306,CUST-3800,45244.21,temporary_bank_decline,6,0,155757.74,0,103,343,netbanking,0.347,1
TXN-03307,CUST-7323,29364.66,insufficient_balance,10,0,52299.9,2,165,344,card,0.407,0
TXN-03308,CUST-1574,22980.32,insufficient_balance,10,0,5111.39,1,163,51,upi,0.321,1
TXN-03309,CUST-6044,45539.72,expired_card,9,2,66921.5,0,166,81,card,0.43,1
TXN-03310,CUST-3970,22253.97,insufficient_balance,9,2,179115.13,4,75,252,netbanking,0.513,0
TXN-03311,CUST-6378,11064.58,insufficient_balance,8,2,132263.83,3,70,472,card,0.334,0
TXN-03312,CUST-2134,36103.4,network_error,6,4,123819.22,4,135,159,wallet,0.637,0
TXN-03313,CUST-1104,18699.03,expired_card,7,2,177290.1,0,15,188,card,0.179,0
TXN-03314,CUST-7737,5023.04,expired_card,9,2,166141.07,1,124,239,card,0.256,0
TXN-03315,CUST-1071,20968.63,insufficient_balance,4,1,46896.12,1,89,163,netbanking,0.231,1
TXN-03316,CUST-9667,35167.55,expired_card,9,0,116080.41,2,82,149,card,0.279,0
TXN-03317,CUST-7212,16744.3,insufficient_balance,10,1,111137.62,3,90,200,card,0.278,0
TXN-03318,CUST-5966,21020.79,temporary_bank_decline,6,2,67189.46,1,174,221,upi,0.328,1
TXN-03319,CUST-9692,22001.8,insufficient_balance,10,2,99494.91,1,49,430,netbanking,0.226,0
TXN-03320,CUST-8486,24238.21,authentication_failure,5,2,37375.25,3,20,27,upi,0.237,1
TXN-03321,CUST-2241,32417.69,temporary_bank_decline,7,1,64997.09,4,167,232,upi,0.447,0
TXN-03322,CUST-2458,13659.0,insufficient_balance,6,1,153148.78,3,125,486,upi,0.315,0
TXN-03323,CUST-8727,16322.77,temporary_bank_decline,12,3,7147.97,1,160,47,upi,0.296,1
TXN-03324,CUST-6764,8111.98,network_error,13,2,70227.24,0,120,566,upi,0.163,1
TXN-03325,CUST-8683,17206.84,temporary_bank_decline,11,2,114295.69,4,87,411,netbanking,0.346,1
TXN-03326,CUST-7943,43781.0,network_error,12,0,12216.93,1,26,114,upi,0.187,1
TXN-03327,CUST-5842,45696.67,temporary_bank_decline,7,0,95888.1,3,74,577,upi,0.43,1
TXN-03328,CUST-9031,19531.24,temporary_bank_decline,8,1,75252.98,0,178,464,upi,0.244,1
TXN-03329,CUST-5711,49266.63,temporary_bank_decline,7,1,9488.92,4,77,288,netbanking,0.441,0
TXN-03330,CUST-4178,6067.99,authentication_failure,8,2,61125.78,0,153,594,netbanking,0.24,1
TXN-03331,CUST-9038,8053.09,temporary_bank_decline,11,0,56980.45,3,120,400,card,0.269,0
TXN-03332,CUST-9017,39329.26,network_error,4,2,154720.91,0,87,283,upi,0.338,0
TXN-03333,CUST-3917,9853.02,temporary_bank_decline,5,4,55626.47,0,49,18,upi,0.297,0
TXN-03334,CUST-1184,7553.18,authentication_failure,11,1,165796.15,0,89,266,upi,0.068,1
TXN-03335,CUST-1384,40255.4,insufficient_balance,8,4,128672.81,4,97,515,card,0.521,0
TXN-03336,CUST-4547,3426.13,temporary_bank_decline,9,1,157254.09,2,133,298,netbanking,0.18,0
TXN-03337,CUST-3772,2129.86,insufficient_balance,7,4,152068.32,1,101,222,card,0.307,1
TXN-03338,CUST-1957,31909.45,authentication_failure,3,4,88690.0,0,66,172,upi,0.274,0
TXN-03339,CUST-7312,9257.1,temporary_bank_decline,11,4,134896.44,2,114,490,card,0.362,0
TXN-03340,CUST-3002,16815.21,authentication_failure,7,2,84096.13,0,98,330,upi,0.195,1
TXN-03341,CUST-1987,26399.98,expired_card,4,2,32857.54,1,152,115,card,0.415,0
TXN-03342,CUST-6807,13414.67,insufficient_balance,6,2,85066.69,1,147,275,card,0.382,0
TXN-03343,CUST-7422,7623.74,insufficient_balance,6,1,185296.8,0,121,110,netbanking,0.161,0
TXN-03344,CUST-7596,18658.17,temporary_bank_decline,10,0,57743.61,1,168,193,card,0.227,1
TXN-03345,CUST-6902,33697.4,network_error,6,0,29907.78,0,98,565,netbanking,0.117,1
TXN-03346,CUST-6091,12761.45,authentication_failure,8,2,132454.07,3,96,452,upi,0.302,1
TXN-03347,CUST-1221,6090.97,temporary_bank_decline,10,3,25293.51,3,59,308,upi,0.249,1
TXN-03348,CUST-9493,31148.61,authentication_failure,6,0,148633.89,3,159,266,card,0.494,0
TXN-03349,CUST-5211,19493.82,network_error,6,3,133826.37,1,171,497,card,0.239,1
TXN-03350,CUST-6804,1328.21,insufficient_balance,8,1,78858.86,3,174,282,upi,0.271,0
TXN-03351,CUST-6722,29688.78,temporary_bank_decline,2,0,197245.58,1,51,176,upi,0.196,1
TXN-03352,CUST-2672,3917.58,network_error,11,3,79045.97,0,81,540,card,0.187,1
TXN-03353,CUST-3596,21614.76,temporary_bank_decline,5,2,140836.11,1,79,593,card,0.261,0
TXN-03354,CUST-9216,10830.27,network_error,7,0,199037.69,3,7,163,card,0.233,0
TXN-03355,CUST-5889,8996.81,temporary_bank_decline,7,1,127664.59,2,5,479,netbanking,0.206,1
TXN-03356,CUST-7871,35012.9,temporary_bank_decline,7,1,68283.17,2,152,188,card,0.426,0
TXN-03357,CUST-5480,5119.12,network_error,7,0,82616.28,3,28,380,upi,0.207,1
TXN-03358,CUST-6093,12215.23,temporary_bank_decline,9,1,107007.91,4,84,231,netbanking,0.382,0
TXN-03359,CUST-1922,29052.18,temporary_bank_decline,5,2,182518.81,0,140,444,netbanking,0.24,1
TXN-03360,CUST-3996,14710.02,authentication_failure,11,3,49535.9,2,9,198,upi,0.202,0
TXN-03361,CUST-7196,25083.15,network_error,6,1,92649.38,2,77,380,wallet,0.351,1
TXN-03362,CUST-3165,18130.88,expired_card,8,4,67456.06,0,125,495,card,0.307,1
TXN-03363,CUST-9126,9493.95,network_error,7,0,184638.73,1,38,131,upi,0.068,0
TXN-03364,CUST-8469,2766.58,temporary_bank_decline,6,0,69419.27,0,116,454,upi,0.163,1
TXN-03365,CUST-6640,419.6,authentication_failure,8,2,179220.81,0,12,501,upi,0.066,1
TXN-03366,CUST-3325,3711.8,authentication_failure,13,4,126744.34,4,158,497,card,0.449,0
TXN-03367,CUST-3036,281.72,expired_card,7,3,47356.84,0,21,501,upi,0.178,0
TXN-03368,CUST-3811,37523.15,authentication_failure,11,1,12149.48,1,148,61,upi,0.343,1
TXN-03369,CUST-1027,20155.16,authentication_failure,12,2,197305.98,1,110,55,upi,0.286,1
TXN-03370,CUST-9022,37422.2,network_error,9,1,195058.52,2,69,339,upi,0.424,0
TXN-03371,CUST-9315,13285.79,temporary_bank_decline,5,3,158753.64,0,38,181,netbanking,0.168,1
TXN-03372,CUST-9912,3743.38,insufficient_balance,5,4,21862.32,2,147,502,card,0.427,1
TXN-03373,CUST-1858,18474.76,expired_card,8,2,51681.45,4,127,237,card,0.497,0
TXN-03374,CUST-1585,48161.27,network_error,8,1,144275.99,1,68,101,upi,0.336,1
TXN-03375,CUST-7888,43041.56,authentication_failure,9,1,12109.37,3,35,238,card,0.485,0
TXN-03376,CUST-6821,2867.53,network_error,9,2,99067.67,0,133,410,upi,0.168,1
TXN-03377,CUST-7694,42939.43,temporary_bank_decline,5,2,107841.66,2,29,483,upi,0.404,0
TXN-03378,CUST-8232,20656.96,expired_card,3,1,106717.26,2,69,567,upi,0.202,0
TXN-03379,CUST-7601,4467.62,temporary_bank_decline,8,3,186172.22,4,116,16,card,0.396,0
TXN-03380,CUST-9160,36003.21,insufficient_balance,5,0,64116.48,1,102,23,card,0.256,0
TXN-03381,CUST-1757,12760.18,insufficient_balance,6,0,4867.44,1,113,142,wallet,0.104,0
TXN-03382,CUST-1384,22715.97,authentication_failure,5,1,92015.4,0,61,243,upi,0.181,0
TXN-03383,CUST-8473,35983.69,expired_card,7,1,140549.07,2,144,445,netbanking,0.391,1
TXN-03384,CUST-3396,29322.14,expired_card,16,2,138135.18,1,86,461,upi,0.284,1
TXN-03385,CUST-4346,38838.84,temporary_bank_decline,8,2,105834.53,1,40,242,card,0.291,0
TXN-03386,CUST-9953,49786.73,insufficient_balance,6,1,22628.95,2,46,386,card,0.347,0
TXN-03387,CUST-1150,40677.15,temporary_bank_decline,6,2,42475.31,4,81,244,card,0.464,0
TXN-03388,CUST-1451,41191.45,network_error,5,4,49417.58,2,69,199,upi,0.418,0
TXN-03389,CUST-5529,29712.13,network_error,17,0,8027.07,4,4,433,upi,0.308,0
TXN-03390,CUST-3187,44185.52,authentication_failure,9,3,178962.94,4,174,478,upi,0.571,0
TXN-03391,CUST-7962,40659.06,expired_card,10,1,140815.7,4,80,472,card,0.509,0
TXN-03392,CUST-9521,42709.56,insufficient_balance,4,1,108233.24,4,57,51,upi,0.488,0
TXN-03393,CUST-1929,12024.51,insufficient_balance,6,2,142709.13,0,63,40,card,0.212,0
TXN-03394,CUST-2836,46726.48,network_error,5,0,145697.6,1,161,541,wallet,0.294,1
TXN-03395,CUST-5695,35928.25,temporary_bank_decline,8,2,59200.97,0,30,127,upi,0.263,1
TXN-03396,CUST-7373,7724.7,temporary_bank_decline,6,1,52737.1,3,40,213,card,0.278,1
TXN-03397,CUST-6353,11307.78,network_error,7,2,68071.05,1,173,297,upi,0.368,1
TXN-03398,CUST-4311,13981.14,temporary_bank_decline,7,1,86188.2,1,111,188,upi,0.2,0
TXN-03399,CUST-1853,12151.5,authentication_failure,7,2,197514.73,1,69,117,netbanking,0.244,1
TXN-03400,CUST-3293,12851.3,expired_card,8,1,5189.7,1,174,45,upi,0.228,1
TXN-03401,CUST-8383,12677.85,temporary_bank_decline,7,0,129782.65,0,18,28,wallet,0.155,1
TXN-03402,CUST-5524,41170.7,authentication_failure,5,0,101930.21,4,48,115,wallet,0.372,0
TXN-03403,CUST-6204,31752.75,authentication_failure,7,3,196851.28,3,86,267,netbanking,0.441,0
TXN-03404,CUST-8208,14056.5,temporary_bank_decline,9,1,138533.16,1,15,124,netbanking,0.241,0
TXN-03405,CUST-2446,21125.95,expired_card,3,1,59729.57,1,140,9,upi,0.275,0
TXN-03406,CUST-5943,49395.93,temporary_bank_decline,8,0,110627.21,4,22,146,upi,0.575,1
TXN-03407,CUST-4444,11682.82,temporary_bank_decline,4,1,16525.53,2,105,105,upi,0.256,0
TXN-03408,CUST-4777,24410.8,insufficient_balance,2,1,30044.33,2,18,295,upi,0.248,0
TXN-03409,CUST-6248,49959.36,authentication_failure,8,2,130810.19,3,70,382,card,0.427,0
TXN-03410,CUST-5441,20430.8,authentication_failure,4,1,143390.55,2,110,22,wallet,0.247,0
TXN-03411,CUST-5997,47877.93,insufficient_balance,7,2,62700.35,2,54,567,card,0.453,0
TXN-03412,CUST-7099,17102.09,network_error,10,2,165078.6,3,71,320,wallet,0.337,1
TXN-03413,CUST-3407,243.49,network_error,11,2,114928.55,2,109,306,upi,0.376,1
TXN-03414,CUST-8738,38786.8,temporary_bank_decline,7,0,127656.85,3,35,129,netbanking,0.287,0
TXN-03415,CUST-2627,37331.61,authentication_failure,10,0,16071.32,2,34,271,upi,0.235,1
TXN-03416,CUST-5757,37944.27,authentication_failure,6,2,88817.78,3,128,403,netbanking,0.502,0
TXN-03417,CUST-3373,32050.9,network_error,10,1,63167.58,4,144,374,upi,0.459,1
TXN-03418,CUST-7583,11420.17,authentication_failure,9,1,172511.82,1,14,482,upi,0.083,1
TXN-03419,CUST-6316,14500.88,temporary_bank_decline,7,2,166570.91,1,20,125,upi,0.085,1
TXN-03420,CUST-3171,28670.3,temporary_bank_decline,8,1,153213.78,2,109,257,card,0.431,1
TXN-03421,CUST-7101,46509.81,network_error,5,0,50098.23,4,163,288,wallet,0.512,0
TXN-03422,CUST-2550,8633.79,network_error,7,2,160485.27,2,104,529,upi,0.363,0
TXN-03423,CUST-9325,29223.45,expired_card,8,1,166873.4,0,14,121,upi,0.207,1
TXN-03424,CUST-2849,11501.14,network_error,8,1,31534.11,2,22,42,upi,0.093,0
TXN-03425,CUST-7825,38581.9,expired_card,11,1,145677.17,0,56,509,wallet,0.316,0
TXN-03426,CUST-8361,25949.92,temporary_bank_decline,9,3,39633.49,4,71,247,upi,0.488,1
TXN-03427,CUST-9040,44455.51,temporary_bank_decline,8,0,161940.76,3,56,592,upi,0.36,0
TXN-03428,CUST-6425,42769.22,temporary_bank_decline,12,2,18606.94,3,37,154,card,0.451,0
TXN-03429,CUST-9689,42369.64,temporary_bank_decline,5,0,91165.53,1,77,43,upi,0.351,1
TXN-03430,CUST-3315,27856.36,temporary_bank_decline,10,3,14726.72,1,40,210,upi,0.309,0
TXN-03431,CUST-8340,46601.39,expired_card,9,3,35338.33,1,82,46,card,0.438,1
TXN-03432,CUST-4265,36265.63,authentication_failure,6,1,34954.48,4,169,447,netbanking,0.58,0
TXN-03433,CUST-6864,39977.56,network_error,4,0,170651.11,3,6,530,upi,0.344,0
TXN-03434,CUST-6293,29407.74,expired_card,6,2,158346.28,2,58,142,upi,0.387,0
TXN-03435,CUST-4879,32849.68,authentication_failure,15,1,78566.45,2,4,77,card,0.304,0
TXN-03436,CUST-3799,42549.64,network_error,6,0,113398.8,1,18,332,card,0.227,0
TXN-03437,CUST-9500,27563.12,expired_card,9,0,104607.73,4,9,285,upi,0.323,0
TXN-03438,CUST-2438,47242.9,temporary_bank_decline,12,1,124542.76,4,5,589,card,0.477,0
TXN-03439,CUST-8939,13234.78,temporary_bank_decline,9,1,15979.11,4,172,348,upi,0.314,0
TXN-03440,CUST-4187,2135.5,expired_card,9,1,52342.77,1,117,487,upi,0.226,1
TXN-03441,CUST-8542,17478.09,network_error,11,3,45390.61,3,71,156,netbanking,0.376,1
TXN-03442,CUST-4284,42965.59,insufficient_balance,6,1,148580.73,2,11,271,card,0.323,1
TXN-03443,CUST-5899,28475.28,insufficient_balance,16,1,26297.5,1,89,504,upi,0.246,1
TXN-03444,CUST-4824,27066.75,expired_card,18,1,172981.68,1,3,478,wallet,0.217,0
TXN-03445,CUST-1918,23768.01,temporary_bank_decline,10,2,104073.83,4,166,556,wallet,0.55,0
TXN-03446,CUST-1915,35939.68,authentication_failure,11,0,143274.42,1,28,205,card,0.215,1
TXN-03447,CUST-5791,2857.45,expired_card,6,3,156798.37,4,33,327,upi,0.369,0
TXN-03448,CUST-8143,9674.09,authentication_failure,8,2,194987.57,3,135,117,upi,0.303,0
TXN-03449,CUST-4635,24592.2,authentication_failure,9,2,157325.26,1,94,566,upi,0.24,0
TXN-03450,CUST-7119,49522.9,insufficient_balance,9,2,49940.3,0,141,153,card,0.419,1
TXN-03451,CUST-4098,49585.09,network_error,5,2,34941.52,1,175,201,upi,0.412,0
TXN-03452,CUST-8794,1360.61,temporary_bank_decline,9,2,14863.69,3,145,293,upi,0.365,1
TXN-03453,CUST-5604,29990.72,authentication_failure,2,2,101469.51,3,89,585,upi,0.406,1
TXN-03454,CUST-7525,6924.66,temporary_bank_decline,6,2,37603.51,2,140,519,card,0.266,0
TXN-03455,CUST-1389,41154.32,expired_card,9,1,155107.08,2,58,352,card,0.314,1
TXN-03456,CUST-9253,42485.36,temporary_bank_decline,5,0,85992.64,1,51,455,netbanking,0.217,0
TXN-03457,CUST-6255,14280.49,insufficient_balance,7,1,87383.84,4,179,523,card,0.403,1
TXN-03458,CUST-4671,17253.09,network_error,10,0,172409.29,4,62,596,upi,0.305,1
TXN-03459,CUST-5307,36313.95,temporary_bank_decline,8,1,181552.67,1,12,95,upi,0.265,1
TXN-03460,CUST-6396,35083.73,network_error,12,2,25661.29,4,115,505,upi,0.514,1
TXN-03461,CUST-2615,31401.27,network_error,9,1,143484.14,1,133,519,upi,0.354,1
TXN-03462,CUST-3163,45976.81,network_error,11,2,100513.9,0,104,599,card,0.359,0
TXN-03463,CUST-5905,17488.71,temporary_bank_decline,11,1,90829.97,0,31,404,card,0.037,1
TXN-03464,CUST-4387,14665.18,expired_card,6,5,50734.43,3,152,363,upi,0.513,0
TXN-03465,CUST-7567,14695.09,temporary_bank_decline,5,0,165063.84,3,78,379,netbanking,0.247,0
TXN-03466,CUST-6585,31753.13,expired_card,13,1,7254.74,0,38,356,upi,0.187,0
TXN-03467,CUST-6921,25466.43,authentication_failure,8,2,47627.41,3,112,263,netbanking,0.466,0
TXN-03468,CUST-6398,30790.8,network_error,7,2,47205.58,3,20,486,card,0.291,0
TXN-03469,CUST-9530,40557.45,authentication_failure,8,2,162526.36,2,73,482,wallet,0.38,0
TXN-03470,CUST-9723,36265.16,insufficient_balance,10,0,150324.63,3,12,62,upi,0.338,0
TXN-03471,CUST-2918,8497.92,authentication_failure,10,2,180835.22,4,80,116,card,0.408,0
TXN-03472,CUST-3732,6634.15,authentication_failure,5,3,174984.81,2,51,371,card,0.268,1
TXN-03473,CUST-7331,16817.67,insufficient_balance,7,2,8441.62,1,80,133,card,0.239,0
TXN-03474,CUST-7902,39145.71,expired_card,9,0,169978.08,3,32,63,upi,0.35,0
TXN-03475,CUST-6998,24218.59,authentication_failure,7,2,95806.07,4,17,172,upi,0.417,0
TXN-03476,CUST-3247,31846.45,insufficient_balance,10,2,127425.45,3,152,323,upi,0.477,1
TXN-03477,CUST-1853,15362.99,authentication_failure,9,1,161233.52,1,14,501,netbanking,0.149,1
TXN-03478,CUST-4751,3477.29,network_error,6,1,150213.75,2,93,395,card,0.247,0
TXN-03479,CUST-3365,22924.58,temporary_bank_decline,11,0,156382.69,4,68,323,upi,0.268,1
TXN-03480,CUST-4949,35660.1,expired_card,5,2,113853.18,1,63,236,card,0.261,0
TXN-03481,CUST-1486,32034.91,temporary_bank_decline,5,2,176839.58,2,80,366,upi,0.433,0
TXN-03482,CUST-4754,38964.94,insufficient_balance,5,1,35993.07,1,123,158,upi,0.284,0
TXN-03483,CUST-4992,29035.44,authentication_failure,7,1,102869.2,3,30,99,card,0.372,0
TXN-03484,CUST-3156,12423.99,insufficient_balance,9,1,1828.45,2,135,396,upi,0.235,1
TXN-03485,CUST-3134,33345.96,temporary_bank_decline,7,1,13701.85,4,89,374,netbanking,0.484,0
TXN-03486,CUST-6931,18360.71,expired_card,8,2,50905.79,0,10,111,upi,0.053,1
TXN-03487,CUST-1532,428.03,network_error,11,1,94738.83,1,88,445,netbanking,0.254,1
TXN-03488,CUST-2677,23187.03,insufficient_balance,8,1,189320.08,2,68,401,upi,0.245,0
TXN-03489,CUST-8835,14719.88,authentication_failure,8,0,174639.1,0,179,59,card,0.219,0
TXN-03490,CUST-9728,32407.34,temporary_bank_decline,12,3,145755.69,3,100,240,upi,0.471,0
TXN-03491,CUST-4058,2397.49,insufficient_balance,9,0,190782.92,3,30,209,upi,0.182,1
TXN-03492,CUST-2985,35838.51,temporary_bank_decline,7,0,176240.73,0,10,559,upi,0.166,1
TXN-03493,CUST-3692,10975.5,insufficient_balance,4,0,7266.44,3,37,351,wallet,0.25,0
TXN-03494,CUST-7084,8048.85,insufficient_balance,6,0,120192.32,2,94,351,card,0.215,1
TXN-03495,CUST-4880,14459.25,network_error,10,1,77587.02,4,173,90,card,0.488,0
TXN-03496,CUST-7670,28994.38,expired_card,11,4,141333.56,2,117,448,netbanking,0.384,0
TXN-03497,CUST-4104,32314.83,insufficient_balance,4,3,140651.2,0,59,301,upi,0.295,0
TXN-03498,CUST-9715,15097.41,temporary_bank_decline,12,1,187306.94,0,40,131,upi,0.106,1
TXN-03499,CUST-3965,13723.88,insufficient_balance,11,3,43576.16,3,13,169,netbanking,0.329,0
TXN-03500,CUST-8410,11967.04,temporary_bank_decline,10,4,93927.58,1,123,430,upi,0.345,1
TXN-03501,CUST-2365,28257.47,network_error,5,0,57432.49,1,137,415,upi,0.295,1
TXN-03502,CUST-1230,18564.81,network_error,10,2,160605.33,2,73,319,card,0.261,1
TXN-03503,CUST-7504,45260.71,expired_card,6,3,161050.08,4,24,407,netbanking,0.56,0
TXN-03504,CUST-4875,34283.68,authentication_failure,9,2,103457.62,1,28,20,upi,0.278,0
TXN-03505,CUST-8569,42619.38,expired_card,9,0,141101.9,2,86,422,upi,0.322,1
TXN-03506,CUST-6093,42215.32,insufficient_balance,10,3,38229.28,0,176,463,card,0.378,1
TXN-03507,CUST-1579,28249.7,temporary_bank_decline,7,2,185982.11,3,161,131,card,0.464,1
TXN-03508,CUST-5707,13439.51,network_error,7,0,84299.66,0,62,121,card,0.114,0
TXN-03509,CUST-8020,41181.77,insufficient_balance,15,2,155785.74,4,91,253,card,0.479,0
TXN-03510,CUST-6790,34528.69,authentication_failure,7,0,34965.06,4,105,471,upi,0.462,0
TXN-03511,CUST-3664,4767.36,network_error,13,2,55954.82,4,14,208,netbanking,0.323,1
TXN-03512,CUST-2851,31201.07,authentication_failure,7,4,3961.7,2,66,155,upi,0.35,1
TXN-03513,CUST-1627,23292.81,temporary_bank_decline,12,0,15930.66,4,102,268,card,0.404,0
TXN-03514,CUST-7039,13617.07,temporary_bank_decline,8,0,72845.74,1,95,94,card,0.088,0
TXN-03515,CUST-2318,30375.97,temporary_bank_decline,12,0,151017.47,0,28,502,card,0.053,0
TXN-03516,CUST-1494,42811.19,authentication_failure,10,2,41530.35,4,13,283,card,0.426,0
TXN-03517,CUST-3239,41451.14,temporary_bank_decline,7,0,150258.39,0,113,381,card,0.222,0
TXN-03518,CUST-7599,1794.43,authentication_failure,8,0,43264.72,4,74,579,card,0.227,0
TXN-03519,CUST-2595,44995.22,expired_card,3,2,41106.69,0,161,197,card,0.365,0
TXN-03520,CUST-2065,38167.66,expired_card,12,1,169942.98,0,126,484,netbanking,0.213,1
TXN-03521,CUST-4317,35177.61,expired_card,7,3,22334.72,0,52,151,upi,0.198,1
TXN-03522,CUST-6734,4011.42,insufficient_balance,8,4,69937.44,2,11,55,card,0.203,0
TXN-03523,CUST-9589,31366.67,temporary_bank_decline,18,0,63849.4,2,115,147,card,0.37,1
TXN-03524,CUST-8771,13441.38,network_error,9,2,133736.99,0,57,536,upi,0.124,0
TXN-03525,CUST-1038,35811.34,network_error,9,2,31024.59,1,160,20,upi,0.353,0
TXN-03526,CUST-1090,7870.3,expired_card,7,1,196333.09,2,124,333,wallet,0.259,0
TXN-03527,CUST-6308,44637.19,insufficient_balance,8,2,29737.71,3,8,381,upi,0.364,0
TXN-03528,CUST-4670,35677.39,authentication_failure,6,4,196194.33,1,136,522,upi,0.362,0
TXN-03529,CUST-7158,22839.36,authentication_failure,7,1,119988.08,2,151,50,netbanking,0.338,0
TXN-03530,CUST-4705,33041.13,expired_card,12,3,56967.05,0,10,533,card,0.209,0
TXN-03531,CUST-7435,18955.12,temporary_bank_decline,9,0,168423.48,0,12,316,card,0.057,1
TXN-03532,CUST-3952,852.12,network_error,9,1,193279.57,0,146,185,card,0.13,1
TXN-03533,CUST-1021,49823.22,expired_card,6,0,40115.4,0,12,317,upi,0.206,1
TXN-03534,CUST-8831,21306.96,temporary_bank_decline,13,1,155589.71,2,68,72,card,0.343,0
TXN-03535,CUST-9015,48883.81,temporary_bank_decline,6,2,175858.64,0,97,232,wallet,0.335,1
TXN-03536,CUST-4884,14208.68,authentication_failure,6,1,31458.09,3,17,427,card,0.213,0
TXN-03537,CUST-2404,5138.89,temporary_bank_decline,18,3,20063.05,4,95,81,card,0.351,0
TXN-03538,CUST-9641,19765.19,network_error,8,1,70584.92,4,70,26,netbanking,0.292,1
TXN-03539,CUST-7892,26514.43,authentication_failure,2,1,40528.6,3,169,362,card,0.482,0
TXN-03540,CUST-1408,36571.18,temporary_bank_decline,9,2,190146.03,3,4,33,upi,0.264,0
TXN-03541,CUST-9740,34142.79,temporary_bank_decline,3,1,195723.28,4,116,431,upi,0.499,0
TXN-03542,CUST-9346,44187.65,expired_card,3,2,123702.26,0,144,361,upi,0.432,0
TXN-03543,CUST-3343,473.44,temporary_bank_decline,6,1,1913.7,2,148,431,wallet,0.263,0
TXN-03544,CUST-3352,41449.93,expired_card,9,3,6861.79,4,127,97,upi,0.571,0
TXN-03545,CUST-2140,14857.27,temporary_bank_decline,7,2,72167.08,2,112,344,netbanking,0.364,1
TXN-03546,CUST-9425,9864.02,insufficient_balance,9,2,161816.15,2,119,410,netbanking,0.349,0
TXN-03547,CUST-1374,18676.89,expired_card,12,0,14439.43,4,34,372,card,0.304,1
TXN-03548,CUST-9100,25918.65,temporary_bank_decline,11,0,72960.15,1,67,140,upi,0.258,1
TXN-03549,CUST-8184,28016.37,insufficient_balance,6,1,132500.52,0,133,489,upi,0.227,1
TXN-03550,CUST-5591,34332.87,expired_card,9,0,110077.1,0,102,563,wallet,0.225,0
TXN-03551,CUST-6244,36779.86,authentication_failure,4,0,45985.25,3,37,400,card,0.377,1
TXN-03552,CUST-5216,48498.35,network_error,13,1,125211.78,0,143,219,card,0.4,1
TXN-03553,CUST-4692,46933.71,insufficient_balance,6,1,116161.05,3,168,423,card,0.493,0
TXN-03554,CUST-8399,7326.46,temporary_bank_decline,6,1,107784.13,3,79,354,card,0.234,1
TXN-03555,CUST-1988,23936.48,expired_card,6,2,147792.34,2,164,583,wallet,0.335,0
TXN-03556,CUST-7025,24791.44,expired_card,12,1,169236.65,1,138,188,upi,0.347,1
TXN-03557,CUST-4190,25072.47,authentication_failure,8,1,29172.45,4,145,294,netbanking,0.446,0
TXN-03558,CUST-1275,14214.03,authentication_failure,9,2,77414.37,2,174,82,upi,0.331,1
TXN-03559,CUST-1764,15236.63,network_error,7,1,29374.1,3,49,275,netbanking,0.3,1
TXN-03560,CUST-2475,21536.32,expired_card,11,1,139256.68,4,57,76,card,0.464,0
TXN-03561,CUST-9206,16579.08,insufficient_balance,9,2,125317.93,3,95,449,netbanking,0.371,0
TXN-03562,CUST-3319,29008.37,temporary_bank_decline,8,1,130390.58,3,59,369,netbanking,0.325,1
TXN-03563,CUST-1331,47171.4,expired_card,4,1,159634.7,1,35,76,netbanking,0.324,0
TXN-03564,CUST-4606,27286.14,insufficient_balance,7,0,132260.83,3,11,178,card,0.267,0
TXN-03565,CUST-9145,28794.58,insufficient_balance,8,2,149012.05,3,29,84,card,0.421,0
TXN-03566,CUST-5860,23664.9,authentication_failure,13,1,98900.29,4,70,497,upi,0.331,0
TXN-03567,CUST-1280,1120.46,expired_card,8,1,93292.19,2,58,501,netbanking,0.138,0
TXN-03568,CUST-1612,49473.77,expired_card,9,1,163682.06,1,61,71,upi,0.349,0
TXN-03569,CUST-7058,21835.61,temporary_bank_decline,7,0,39608.1,1,153,57,card,0.311,1
TXN-03570,CUST-5918,43591.32,temporary_bank_decline,15,0,137315.13,1,96,305,wallet,0.291,1
TXN-03571,CUST-9445,43287.91,insufficient_balance,5,2,64105.41,3,7,400,upi,0.399,0
TXN-03572,CUST-5310,25569.83,insufficient_balance,7,2,38157.84,1,125,110,card,0.362,0
TXN-03573,CUST-5570,10194.37,authentication_failure,6,2,154421.14,3,41,478,upi,0.271,1
TXN-03574,CUST-8413,11536.48,expired_card,11,1,157462.66,2,175,377,card,0.349,1
TXN-03575,CUST-5650,16708.71,temporary_bank_decline,5,2,177482.03,2,175,88,card,0.25,0
TXN-03576,CUST-2480,47019.5,temporary_bank_decline,8,1,120347.46,0,39,397,upi,0.189,1
TXN-03577,CUST-6672,23918.51,network_error,7,3,88184.19,4,14,141,card,0.397,0
TXN-03578,CUST-4721,43612.12,expired_card,2,2,97380.63,3,9,380,upi,0.404,1
TXN-03579,CUST-4152,38979.71,temporary_bank_decline,3,0,56433.83,3,176,267,upi,0.421,1
TXN-03580,CUST-1833,19699.46,authentication_failure,3,2,71869.62,3,6,428,netbanking,0.306,1
TXN-03581,CUST-8058,12059.49,insufficient_balance,7,3,28694.89,3,116,557,card,0.428,0
TXN-03582,CUST-7081,30631.36,insufficient_balance,7,0,34557.7,3,21,41,upi,0.26,1
TXN-03583,CUST-1568,27114.97,network_error,6,2,98842.98,4,14,364,upi,0.332,0
TXN-03584,CUST-1352,10719.05,expired_card,10,2,171279.93,0,110,210,upi,0.272,0
TXN-03585,CUST-6664,43926.47,temporary_bank_decline,12,0,103419.71,1,96,85,card,0.328,0
TXN-03586,CUST-8938,29953.17,expired_card,7,3,139073.27,2,72,584,netbanking,0.246,1
TXN-03587,CUST-4240,33795.88,expired_card,4,2,122796.88,0,34,575,card,0.212,1
TXN-03588,CUST-5490,24727.52,temporary_bank_decline,2,2,90511.3,4,15,517,netbanking,0.322,0
TXN-03589,CUST-4835,14648.66,expired_card,7,1,190238.37,2,172,491,card,0.379,1
TXN-03590,CUST-2385,10136.21,network_error,12,0,144640.63,1,28,142,card,0.122,1
TXN-03591,CUST-4934,28301.59,authentication_failure,8,2,132096.71,0,147,292,upi,0.3,0
TXN-03592,CUST-4586,27412.2,network_error,4,3,37592.5,4,14,559,card,0.483,0
TXN-03593,CUST-6775,42578.99,temporary_bank_decline,9,0,179019.4,3,112,304,upi,0.415,0
TXN-03594,CUST-3061,14203.85,temporary_bank_decline,14,2,141331.88,3,21,372,card,0.327,1
TXN-03595,CUST-6371,19406.25,temporary_bank_decline,12,3,65780.85,1,52,168,upi,0.349,0
TXN-03596,CUST-8026,24342.5,insufficient_balance,3,1,161240.86,2,76,36,wallet,0.331,0
TXN-03597,CUST-4228,3854.68,insufficient_balance,12,0,44226.59,2,48,214,upi,0.112,0
TXN-03598,CUST-7371,735.06,network_error,9,3,173824.18,1,23,492,upi,0.115,1
TXN-03599,CUST-1438,15246.26,expired_card,7,2,120774.03,2,47,194,wallet,0.336,0
TXN-03600,CUST-3790,42788.2,expired_card,11,1,172021.28,2,150,166,netbanking,0.408,0
TXN-03601,CUST-2406,34183.16,insufficient_balance,7,2,197977.82,2,164,44,card,0.456,0
TXN-03602,CUST-7303,14932.17,temporary_bank_decline,8,1,189757.38,4,111,126,netbanking,0.418,0
TXN-03603,CUST-8709,20921.23,expired_card,8,2,83234.39,4,92,28,upi,0.457,0
TXN-03604,CUST-1435,10064.17,temporary_bank_decline,3,2,171702.38,1,144,80,card,0.254,0
TXN-03605,CUST-3126,37064.62,insufficient_balance,4,1,179057.19,2,39,237,upi,0.302,0
TXN-03606,CUST-3251,46536.19,temporary_bank_decline,9,3,29296.5,4,157,205,upi,0.499,0
TXN-03607,CUST-8690,39533.39,temporary_bank_decline,9,1,123478.93,4,111,332,upi,0.573,1
TXN-03608,CUST-7754,17495.91,temporary_bank_decline,12,3,152399.36,4,172,199,upi,0.54,0
TXN-03609,CUST-6289,33849.94,network_error,5,2,10656.06,1,142,299,netbanking,0.401,1
TXN-03610,CUST-1069,44511.5,authentication_failure,6,1,38685.71,3,112,223,upi,0.499,0
TXN-03611,CUST-6443,7703.16,insufficient_balance,7,1,193780.59,2,137,296,wallet,0.266,0
TXN-03612,CUST-9073,9219.5,expired_card,8,1,173227.09,3,143,246,wallet,0.295,0
TXN-03613,CUST-8823,29794.76,expired_card,6,1,116692.32,2,76,539,card,0.307,1
TXN-03614,CUST-9106,8760.52,temporary_bank_decline,10,3,130183.46,4,71,108,upi,0.382,0
TXN-03615,CUST-3595,10913.46,network_error,7,2,163168.77,2,155,365,upi,0.323,0
TXN-03616,CUST-6361,18157.35,authentication_failure,10,3,193284.9,4,11,439,upi,0.461,0
TXN-03617,CUST-8464,33812.0,insufficient_balance,10,1,72525.3,4,174,35,netbanking,0.495,0
TXN-03618,CUST-9757,34716.68,authentication_failure,11,1,88762.27,1,1,254,netbanking,0.125,0
TXN-03619,CUST-6402,8354.14,temporary_bank_decline,15,1,168099.99,0,100,194,card,0.197,0
TXN-03620,CUST-6111,45318.29,temporary_bank_decline,9,2,139123.24,0,9,384,netbanking,0.258,1
TXN-03621,CUST-1287,43096.29,authentication_failure,12,3,199564.03,4,113,376,card,0.485,0
TXN-03622,CUST-6149,36709.05,temporary_bank_decline,7,1,125966.93,4,52,166,upi,0.397,1
TXN-03623,CUST-8554,39214.66,temporary_bank_decline,6,1,102821.68,2,55,558,card,0.337,1
TXN-03624,CUST-5029,29344.7,temporary_bank_decline,9,1,43070.61,1,5,590,card,0.305,0
TXN-03625,CUST-8932,35190.39,expired_card,9,1,86263.15,1,174,293,card,0.367,0
TXN-03626,CUST-1070,1412.68,insufficient_balance,5,3,157821.16,0,79,324,upi,0.126,1
TXN-03627,CUST-2033,5591.72,temporary_bank_decline,6,2,52740.38,4,146,425,upi,0.397,0
TXN-03628,CUST-4677,29762.79,network_error,6,1,177261.99,2,160,598,upi,0.335,1
TXN-03629,CUST-5347,7378.06,expired_card,7,0,36446.65,2,172,487,card,0.254,1
TXN-03630,CUST-7578,5412.98,temporary_bank_decline,13,1,65898.44,2,151,518,upi,0.375,1
TXN-03631,CUST-2395,20997.14,insufficient_balance,7,3,61394.29,4,87,80,wallet,0.444,1
TXN-03632,CUST-5054,45516.94,expired_card,14,1,178112.31,3,166,372,netbanking,0.518,0
TXN-03633,CUST-4691,37797.0,expired_card,5,2,157551.09,3,30,463,card,0.422,0
TXN-03634,CUST-9596,22799.49,temporary_bank_decline,12,0,131095.35,1,151,251,upi,0.188,0
TXN-03635,CUST-4051,48008.55,insufficient_balance,11,3,79042.02,0,12,261,upi,0.272,0
TXN-03636,CUST-6265,40788.54,temporary_bank_decline,4,2,177779.67,0,57,12,upi,0.194,1
TXN-03637,CUST-8956,46767.44,insufficient_balance,12,3,130717.79,4,79,578,upi,0.558,0
TXN-03638,CUST-2893,40514.85,insufficient_balance,14,1,160705.04,2,21,463,wallet,0.287,0
TXN-03639,CUST-5161,27649.13,temporary_bank_decline,4,0,31742.05,2,127,386,wallet,0.294,1
TXN-03640,CUST-6665,17346.6,authentication_failure,7,2,130449.93,2,130,93,upi,0.297,0
TXN-03641,CUST-4117,38657.9,authentication_failure,5,0,193085.37,1,94,146,upi,0.281,1
TXN-03642,CUST-7267,28208.17,authentication_failure,14,0,93913.94,4,76,238,netbanking,0.427,0
TXN-03643,CUST-5266,3459.64,temporary_bank_decline,5,0,167080.58,4,92,181,upi,0.313,1
TXN-03644,CUST-2074,36398.19,authentication_failure,13,1,48469.95,2,126,587,netbanking,0.398,0
TXN-03645,CUST-5896,41736.3,temporary_bank_decline,5,4,160894.82,4,155,434,wallet,0.634,0
TXN-03646,CUST-4790,18114.52,insufficient_balance,9,3,170911.29,4,38,469,card,0.375,0
TXN-03647,CUST-7112,23109.28,temporary_bank_decline,6,2,45118.19,0,130,209,upi,0.286,0
TXN-03648,CUST-5707,36841.12,network_error,6,2,116795.45,3,114,357,upi,0.518,0
TXN-03649,CUST-8440,24600.27,insufficient_balance,8,0,61096.99,4,64,399,upi,0.306,0
TXN-03650,CUST-8462,1895.74,expired_card,12,2,121369.79,0,64,279,wallet,0.11,0
TXN-03651,CUST-2953,38749.33,temporary_bank_decline,8,1,121502.07,1,47,208,card,0.35,0
TXN-03652,CUST-3667,222.09,authentication_failure,7,1,100695.22,1,7,547,card,0.116,0
TXN-03653,CUST-8512,10786.91,authentication_failure,8,1,80017.53,3,108,323,netbanking,0.349,0
TXN-03654,CUST-2892,22307.93,insufficient_balance,6,0,29069.35,4,80,91,card,0.353,0
TXN-03655,CUST-4250,8972.15,temporary_bank_decline,3,7,151270.32,1,76,195,upi,0.381,0
TXN-03656,CUST-4791,35997.97,insufficient_balance,10,1,160210.85,4,40,76,wallet,0.365,0
TXN-03657,CUST-4354,44681.83,insufficient_balance,7,3,141237.42,3,128,187,card,0.53,0
TXN-03658,CUST-8162,28563.81,network_error,5,3,37728.51,2,3,465,wallet,0.284,1
TXN-03659,CUST-6610,15986.39,temporary_bank_decline,3,2,17275.46,3,136,255,card,0.439,0
TXN-03660,CUST-2981,26949.17,temporary_bank_decline,6,0,70582.66,2,68,67,netbanking,0.273,1
TXN-03661,CUST-4159,36490.09,temporary_bank_decline,6,2,103551.52,1,83,515,upi,0.248,0
TXN-03662,CUST-9869,6299.76,temporary_bank_decline,7,0,192411.82,1,39,320,wallet,0.146,1
TXN-03663,CUST-5237,40275.94,insufficient_balance,6,0,46712.61,1,144,482,netbanking,0.278,1
TXN-03664,CUST-2713,35451.96,authentication_failure,6,0,23725.89,0,50,340,upi,0.232,1
TXN-03665,CUST-5915,36946.21,insufficient_balance,10,2,153904.92,3,91,289,card,0.384,1
TXN-03666,CUST-8592,6592.1,temporary_bank_decline,5,1,42186.54,3,133,391,netbanking,0.36,1
TXN-03667,CUST-4707,47983.08,insufficient_balance,13,2,79658.37,3,105,74,upi,0.508,1
TXN-03668,CUST-6221,17182.64,network_error,9,1,91616.8,1,107,112,wallet,0.234,0
TXN-03669,CUST-3747,25081.18,network_error,5,1,55676.98,0,157,220,card,0.184,1
TXN-03670,CUST-2138,32082.1,insufficient_balance,4,4,7851.94,2,169,57,wallet,0.559,0
TXN-03671,CUST-6465,44848.33,insufficient_balance,11,2,14353.47,2,162,82,card,0.515,0
TXN-03672,CUST-9116,24767.32,authentication_failure,9,3,117370.21,1,83,94,card,0.334,0
TXN-03673,CUST-2547,41338.13,temporary_bank_decline,12,2,87356.8,1,148,574,upi,0.347,0
TXN-03674,CUST-3901,19675.78,temporary_bank_decline,7,0,199391.54,3,157,282,card,0.405,1
TXN-03675,CUST-9306,2481.53,temporary_bank_decline,8,2,187577.41,4,90,325,upi,0.437,1
TXN-03676,CUST-7185,37764.83,temporary_bank_decline,7,0,67491.28,1,132,254,netbanking,0.215,1
TXN-03677,CUST-5598,40685.94,insufficient_balance,8,2,184206.95,3,44,483,upi,0.376,0
TXN-03678,CUST-4985,49707.18,temporary_bank_decline,9,0,89416.75,4,33,299,wallet,0.401,1
TXN-03679,CUST-7643,4369.19,authentication_failure,13,4,14228.2,2,64,133,card,0.224,0
TXN-03680,CUST-4409,12653.39,authentication_failure,8,0,163068.62,2,55,97,card,0.258,0
TXN-03681,CUST-4750,10700.09,authentication_failure,5,3,52099.46,4,1,294,card,0.353,1
TXN-03682,CUST-7251,48721.89,network_error,7,2,134784.71,4,60,505,wallet,0.379,0
TXN-03683,CUST-8851,6992.47,insufficient_balance,9,2,188361.5,3,65,188,card,0.26,1
TXN-03684,CUST-5430,30690.83,authentication_failure,5,1,49971.36,4,174,43,upi,0.459,0
TXN-03685,CUST-4452,651.12,authentication_failure,7,1,152624.82,2,93,428,upi,0.314,1
TXN-03686,CUST-8429,5318.31,temporary_bank_decline,5,2,65394.05,4,41,521,wallet,0.313,0
TXN-03687,CUST-4041,30021.85,temporary_bank_decline,10,0,169467.49,0,87,262,netbanking,0.219,1
TXN-03688,CUST-9751,38775.84,expired_card,6,1,24246.05,4,60,258,card,0.468,0
TXN-03689,CUST-8825,8083.88,expired_card,8,2,62403.02,0,96,131,upi,0.173,0
TXN-03690,CUST-3044,40673.02,network_error,9,0,171061.67,1,123,22,netbanking,0.345,0
TXN-03691,CUST-9045,25758.74,expired_card,9,4,34532.17,4,54,394,upi,0.484,0
TXN-03692,CUST-7150,40411.76,expired_card,12,1,175712.84,0,160,585,upi,0.347,0
TXN-03693,CUST-7834,25783.42,temporary_bank_decline,7,1,197328.48,3,37,70,card,0.257,1
TXN-03694,CUST-2638,17973.15,authentication_failure,11,2,136030.01,3,72,304,upi,0.351,1
TXN-03695,CUST-1415,17850.3,expired_card,6,1,136414.57,4,137,291,upi,0.34,0
TXN-03696,CUST-5820,4388.98,authentication_failure,11,0,18568.62,4,140,339,netbanking,0.412,0
TXN-03697,CUST-4328,2308.29,authentication_failure,6,0,193781.75,1,93,90,card,0.09,1
TXN-03698,CUST-3026,39643.47,temporary_bank_decline,11,1,124184.07,1,114,487,card,0.343,1
TXN-03699,CUST-8435,28927.72,temporary_bank_decline,8,3,113562.65,0,130,555,card,0.288,1
TXN-03700,CUST-4110,15691.95,temporary_bank_decline,10,3,97637.11,0,73,265,upi,0.29,1
TXN-03701,CUST-5644,4385.96,insufficient_balance,9,2,37448.95,1,77,138,upi,0.215,1
TXN-03702,CUST-2031,30514.26,network_error,13,2,166071.16,0,143,337,card,0.271,1
TXN-03703,CUST-2017,38220.39,network_error,9,1,116400.43,0,57,330,upi,0.173,1
TXN-03704,CUST-6499,9253.06,network_error,5,4,114108.75,2,45,196,card,0.296,0
TXN-03705,CUST-9900,47472.59,expired_card,11,0,76471.31,0,138,414,upi,0.279,1
TXN-03706,CUST-7766,45353.49,insufficient_balance,7,0,133199.64,3,68,187,card,0.319,0
TXN-03707,CUST-9711,23591.28,network_error,12,0,94421.33,3,91,323,card,0.239,1
TXN-03708,CUST-8413,23382.18,temporary_bank_decline,8,1,104716.14,4,14,239,netbanking,0.34,0
TXN-03709,CUST-7413,9584.04,temporary_bank_decline,10,2,50330.29,2,161,468,card,0.358,1
TXN-03710,CUST-6497,35801.65,authentication_failure,9,2,62840.05,4,90,69,upi,0.497,0
TXN-03711,CUST-8773,35288.41,insufficient_balance,8,1,110233.76,4,31,189,upi,0.297,1
TXN-03712,CUST-5273,1275.28,temporary_bank_decline,11,2,163228.68,0,78,35,netbanking,0.234,0
TXN-03713,CUST-2800,15034.19,expired_card,5,1,16402.91,4,97,373,upi,0.37,0
TXN-03714,CUST-6166,32210.28,insufficient_balance,3,3,177546.39,2,106,419,netbanking,0.333,0
TXN-03715,CUST-2078,33518.7,temporary_bank_decline,9,3,175087.68,3,22,409,netbanking,0.441,0
TXN-03716,CUST-5034,13051.59,expired_card,10,4,6954.35,2,120,170,wallet,0.272,1
TXN-03717,CUST-3364,3629.98,temporary_bank_decline,6,1,196733.63,0,14,386,netbanking,0.03,1
TXN-03718,CUST-5113,34282.3,insufficient_balance,15,2,179002.76,1,31,94,upi,0.267,0
TXN-03719,CUST-7744,1343.23,expired_card,12,2,195962.84,3,131,291,card,0.31,0
TXN-03720,CUST-2289,5087.96,insufficient_balance,7,1,65044.09,2,28,470,upi,0.156,0
TXN-03721,CUST-8674,10651.65,insufficient_balance,13,2,30523.81,3,95,384,upi,0.336,1
TXN-03722,CUST-6852,30437.57,expired_card,5,1,12297.81,3,149,52,card,0.447,1
TXN-03723,CUST-8411,2779.31,temporary_bank_decline,3,1,59244.44,4,149,181,card,0.264,0
TXN-03724,CUST-8335,26949.24,expired_card,9,1,182175.86,4,125,205,card,0.476,0
TXN-03725,CUST-9917,44811.33,expired_card,3,0,126058.51,4,107,471,upi,0.484,0
TXN-03726,CUST-3530,25059.9,network_error,7,2,1471.37,3,71,495,card,0.368,0
TXN-03727,CUST-2500,32648.3,temporary_bank_decline,13,1,72660.14,2,47,384,card,0.221,1
TXN-03728,CUST-3173,36826.91,authentication_failure,4,1,57327.81,4,6,556,upi,0.334,0
TXN-03729,CUST-7590,31587.6,network_error,10,0,159108.24,1,48,305,upi,0.267,1
TXN-03730,CUST-4585,25739.18,expired_card,8,1,51554.26,4,67,191,card,0.313,1
TXN-03731,CUST-7772,8831.57,temporary_bank_decline,11,0,96011.46,2,16,164,card,0.176,1
TXN-03732,CUST-2711,39758.83,expired_card,7,2,14629.29,4,28,131,wallet,0.542,0
TXN-03733,CUST-8555,34296.1,temporary_bank_decline,7,1,92851.19,2,173,108,card,0.32,1
TXN-03734,CUST-5408,19553.39,network_error,12,1,126157.36,1,115,308,card,0.222,0
TXN-03735,CUST-6629,21391.9,temporary_bank_decline,8,1,57256.99,3,121,599,upi,0.344,0
TXN-03736,CUST-2268,39576.58,expired_card,8,3,45918.53,3,11,226,card,0.373,0
TXN-03737,CUST-6728,32188.66,insufficient_balance,9,1,161464.79,1,63,518,upi,0.191,1
TXN-03738,CUST-6014,37219.3,expired_card,1,1,56161.71,3,175,390,netbanking,0.505,0
TXN-03739,CUST-2685,13597.32,network_error,8,3,32577.23,2,44,346,card,0.321,0
TXN-03740,CUST-3910,2701.54,temporary_bank_decline,5,1,82300.69,4,67,557,card,0.349,0
TXN-03741,CUST-5152,21301.42,authentication_failure,9,3,99648.46,4,113,326,wallet,0.472,0
TXN-03742,CUST-2152,34932.79,expired_card,6,0,182864.58,0,46,15,upi,0.251,0
TXN-03743,CUST-5850,13191.54,authentication_failure,11,0,83078.64,2,173,204,upi,0.251,0
TXN-03744,CUST-9929,40249.57,expired_card,8,2,180649.7,1,146,102,card,0.396,0
TXN-03745,CUST-2612,39222.08,temporary_bank_decline,12,2,152369.69,0,33,332,card,0.297,0
TXN-03746,CUST-6335,30741.46,network_error,7,1,154551.84,4,26,43,card,0.353,0
TXN-03747,CUST-2562,7158.92,authentication_failure,10,1,142841.52,4,109,339,wallet,0.353,1
TXN-03748,CUST-3834,20341.58,insufficient_balance,11,0,113993.0,0,91,382,card,0.156,0
TXN-03749,CUST-4386,29638.01,insufficient_balance,9,1,109751.01,2,67,22,upi,0.305,0
TXN-03750,CUST-2742,9558.14,network_error,6,2,171235.51,0,130,289,netbanking,0.181,0
TXN-03751,CUST-3155,14135.95,network_error,8,5,143683.59,4,21,301,card,0.377,0
TXN-03752,CUST-9299,44602.21,temporary_bank_decline,8,2,42699.67,4,165,592,upi,0.494,0
TXN-03753,CUST-2155,36500.28,insufficient_balance,9,0,51919.49,2,106,124,upi,0.37,1
TXN-03754,CUST-1360,6736.4,expired_card,9,4,170806.7,1,8,69,upi,0.255,1
TXN-03755,CUST-2427,19580.12,authentication_failure,7,2,62824.68,3,142,158,card,0.364,0
TXN-03756,CUST-7734,48976.74,network_error,8,3,66642.12,2,108,470,card,0.527,0
TXN-03757,CUST-1944,28309.24,temporary_bank_decline,7,1,8508.56,0,57,234,card,0.188,0
TXN-03758,CUST-6784,9688.95,insufficient_balance,9,1,99849.41,4,19,98,card,0.431,0
TXN-03759,CUST-1340,17337.88,network_error,11,1,196545.51,1,38,524,netbanking,0.043,1
TXN-03760,CUST-3227,28670.85,network_error,8,2,155313.42,4,47,298,upi,0.435,1
TXN-03761,CUST-5769,45135.01,temporary_bank_decline,6,2,129880.86,0,144,453,wallet,0.316,1
TXN-03762,CUST-1866,9544.79,insufficient_balance,10,0,195657.14,4,86,303,upi,0.286,0
TXN-03763,CUST-8412,13122.09,temporary_bank_decline,3,1,12280.93,3,61,411,netbanking,0.232,0
TXN-03764,CUST-5123,41122.94,temporary_bank_decline,7,2,75312.66,0,176,106,upi,0.309,1
TXN-03765,CUST-1821,38007.86,network_error,10,4,181980.6,1,33,557,wallet,0.351,0
TXN-03766,CUST-6430,48346.98,temporary_bank_decline,12,2,126690.0,4,55,422,upi,0.55,0
TXN-03767,CUST-8715,33061.93,expired_card,9,0,88216.96,1,132,60,upi,0.281,0
TXN-03768,CUST-3877,32287.27,authentication_failure,11,1,76439.26,3,20,114,upi,0.338,0
TXN-03769,CUST-6113,40180.38,authentication_failure,6,3,103382.68,3,20,365,card,0.362,0
TXN-03770,CUST-2192,33391.7,insufficient_balance,5,0,120822.73,4,151,81,upi,0.387,0
TXN-03771,CUST-1234,985.95,network_error,10,3,19834.04,4,174,342,upi,0.498,1
TXN-03772,CUST-1855,31295.84,temporary_bank_decline,12,1,101038.83,4,8,305,card,0.292,1
TXN-03773,CUST-1294,20227.29,expired_card,10,1,146722.67,2,174,402,upi,0.325,0
TXN-03774,CUST-6603,41032.02,temporary_bank_decline,10,0,69799.26,0,12,588,wallet,0.203,1
TXN-03775,CUST-8855,887.88,network_error,6,3,150065.91,0,39,36,card,0.096,1
TXN-03776,CUST-1117,36551.91,expired_card,13,2,113387.43,2,37,153,card,0.274,0
TXN-03777,CUST-3227,28947.68,authentication_failure,7,1,155507.0,4,76,55,card,0.485,0
TXN-03778,CUST-8072,29764.32,authentication_failure,5,3,133693.07,2,1,497,netbanking,0.261,0
TXN-03779,CUST-5217,49701.65,insufficient_balance,7,0,137131.65,2,68,169,netbanking,0.298,1
TXN-03780,CUST-4087,30146.11,temporary_bank_decline,10,0,76979.31,2,54,27,card,0.227,1
TXN-03781,CUST-9602,17902.38,temporary_bank_decline,5,1,10868.49,1,9,312,upi,0.073,0
TXN-03782,CUST-6073,26487.82,authentication_failure,9,2,13487.7,0,4,64,card,0.217,1
TXN-03783,CUST-3269,32543.66,expired_card,9,2,94433.1,3,68,436,card,0.398,0
TXN-03784,CUST-4803,14332.8,temporary_bank_decline,7,4,147815.15,2,141,511,upi,0.361,0
TXN-03785,CUST-1912,37675.27,expired_card,7,0,3710.08,2,130,254,upi,0.311,0
TXN-03786,CUST-4047,47820.41,insufficient_balance,6,4,71213.47,4,12,110,card,0.53,0
TXN-03787,CUST-9637,16977.84,temporary_bank_decline,14,1,184000.57,0,134,265,wallet,0.058,1
TXN-03788,CUST-4485,43282.9,expired_card,6,0,199790.81,0,149,485,wallet,0.331,0
TXN-03789,CUST-4712,30363.09,network_error,13,3,115463.62,2,157,64,netbanking,0.422,1
TXN-03790,CUST-8480,34902.85,authentication_failure,3,0,162477.09,2,109,276,card,0.276,0
TXN-03791,CUST-2939,35462.15,expired_card,7,6,18950.14,1,176,31,upi,0.542,0
TXN-03792,CUST-6408,49627.98,temporary_bank_decline,6,2,87550.31,4,99,27,card,0.536,0
TXN-03793,CUST-6441,13940.23,insufficient_balance,6,1,36019.3,4,103,344,upi,0.272,0
TXN-03794,CUST-5523,18854.24,expired_card,12,2,185469.8,0,154,93,card,0.256,0
TXN-03795,CUST-8962,1886.6,temporary_bank_decline,8,3,153707.64,4,73,26,card,0.294,0
TXN-03796,CUST-3994,45195.2,network_error,8,1,45450.23,3,167,213,upi,0.529,0
TXN-03797,CUST-4394,32824.0,temporary_bank_decline,8,2,29697.37,3,9,129,card,0.322,0
TXN-03798,CUST-9405,49896.37,authentication_failure,14,0,124323.95,1,152,23,upi,0.384,1
TXN-03799,CUST-7519,35432.78,temporary_bank_decline,6,2,7849.58,2,16,492,upi,0.28,1
TXN-03800,CUST-3781,40577.81,authentication_failure,12,0,75179.28,1,78,19,netbanking,0.34,1
TXN-03801,CUST-6839,24283.97,temporary_bank_decline,7,1,44291.1,3,161,156,card,0.355,0
TXN-03802,CUST-9467,12434.1,expired_card,8,0,71506.07,1,127,474,card,0.202,0
TXN-03803,CUST-8135,33170.97,expired_card,2,1,10011.45,4,145,291,card,0.399,0
TXN-03804,CUST-6276,13437.17,network_error,10,5,185843.55,2,126,471,upi,0.397,0
TXN-03805,CUST-6806,17232.17,authentication_failure,3,3,74180.55,2,31,464,card,0.255,0
TXN-03806,CUST-4386,16571.54,temporary_bank_decline,5,1,149252.12,1,171,452,wallet,0.347,0
TXN-03807,CUST-1959,16407.1,insufficient_balance,8,3,37741.97,2,97,573,netbanking,0.351,0
TXN-03808,CUST-5004,10324.85,insufficient_balance,4,2,173756.0,0,47,308,netbanking,0.059,1
TXN-03809,CUST-2566,10171.81,temporary_bank_decline,9,3,13777.34,4,30,499,upi,0.365,0
TXN-03810,CUST-8385,1765.31,expired_card,8,2,158858.79,4,105,353,upi,0.342,0
TXN-03811,CUST-8587,13341.12,network_error,8,2,139789.72,3,16,263,upi,0.29,0
TXN-03812,CUST-8612,28148.08,insufficient_balance,7,3,95889.09,1,179,228,upi,0.382,0
TXN-03813,CUST-2157,5397.98,temporary_bank_decline,11,1,196037.51,0,118,309,upi,0.122,1
TXN-03814,CUST-2398,35469.08,expired_card,12,0,109698.78,4,49,172,card,0.435,0
TXN-03815,CUST-4695,25697.8,temporary_bank_decline,10,4,14818.44,2,68,10,card,0.362,0
TXN-03816,CUST-6685,27297.14,temporary_bank_decline,8,3,13462.33,2,96,323,upi,0.365,1
TXN-03817,CUST-8729,10077.86,expired_card,5,1,85345.64,0,104,234,upi,0.159,1
TXN-03818,CUST-8253,25702.3,temporary_bank_decline,7,1,148425.61,0,90,430,upi,0.251,0
TXN-03819,CUST-8165,39938.22,temporary_bank_decline,8,1,190188.86,4,138,244,card,0.535,0
TXN-03820,CUST-7461,49648.8,authentication_failure,5,1,180642.12,3,61,230,upi,0.439,0
TXN-03821,CUST-5099,40230.63,temporary_bank_decline,11,3,168674.92,1,58,113,card,0.415,1
TXN-03822,CUST-7906,12113.68,temporary_bank_decline,2,4,141870.57,2,78,492,upi,0.355,0
TXN-03823,CUST-3331,19928.09,temporary_bank_decline,14,4,112171.71,4,33,139,card,0.456,0
TXN-03824,CUST-7619,6936.19,expired_card,12,0,37448.39,1,124,393,card,0.25,0
TXN-03825,CUST-8662,21143.91,authentication_failure,11,2,140650.8,2,119,565,card,0.363,1
TXN-03826,CUST-2239,17734.27,insufficient_balance,10,0,17813.48,3,68,149,netbanking,0.225,1
TXN-03827,CUST-2826,1418.58,expired_card,9,1,140401.13,3,105,225,card,0.313,0
TXN-03828,CUST-5495,6878.08,temporary_bank_decline,11,2,197765.3,2,18,130,upi,0.193,0
TXN-03829,CUST-7780,26420.89,network_error,10,0,31022.88,2,103,285,wallet,0.374,1
TXN-03830,CUST-7019,45306.16,insufficient_balance,5,3,110068.53,3,81,480,netbanking,0.437,0
TXN-03831,CUST-5932,27762.32,temporary_bank_decline,9,4,114110.24,0,60,267,netbanking,0.267,1
TXN-03832,CUST-1094,7875.41,expired_card,10,0,178711.56,2,177,226,wallet,0.256,0
TXN-03833,CUST-6584,30178.61,temporary_bank_decline,7,1,162060.95,4,35,360,card,0.356,0
TXN-03834,CUST-5594,19093.78,network_error,12,2,103092.45,4,167,486,upi,0.547,0
TXN-03835,CUST-7722,21019.04,temporary_bank_decline,7,2,36404.41,3,8,472,card,0.325,1
TXN-03836,CUST-8768,18324.18,insufficient_balance,10,1,48875.1,0,50,590,upi,0.129,1
TXN-03837,CUST-3306,46205.04,expired_card,9,1,130704.67,0,100,215,wallet,0.266,0
TXN-03838,CUST-6732,36259.69,temporary_bank_decline,10,0,32080.0,4,15,41,wallet,0.306,1
TXN-03839,CUST-4256,39178.84,network_error,5,3,118609.8,0,29,584,upi,0.258,0
TXN-03840,CUST-2639,16792.89,expired_card,7,2,4937.52,1,134,519,upi,0.304,1
TXN-03841,CUST-8589,23551.69,insufficient_balance,4,2,179586.8,4,19,230,wallet,0.406,0
TXN-03842,CUST-4141,39444.33,authentication_failure,5,2,3319.4,4,167,463,card,0.574,0
TXN-03843,CUST-6679,33177.58,insufficient_balance,15,1,38581.39,2,140,60,upi,0.371,0
TXN-03844,CUST-3449,15545.45,temporary_bank_decline,10,2,199865.06,4,49,111,upi,0.355,0
TXN-03845,CUST-4003,10693.85,expired_card,7,1,35896.42,4,126,408,card,0.38,0
TXN-03846,CUST-2402,31598.25,authentication_failure,5,1,13567.65,2,64,287,card,0.264,0
TXN-03847,CUST-8234,13440.71,expired_card,6,3,84573.4,3,121,70,card,0.477,0
TXN-03848,CUST-5252,24483.95,expired_card,10,2,162218.63,4,12,47,wallet,0.394,0
TXN-03849,CUST-2396,28697.76,expired_card,12,0,114940.58,2,99,188,netbanking,0.384,0
TXN-03850,CUST-2649,34400.85,authentication_failure,12,1,126373.13,0,179,290,card,0.336,1
TXN-03851,CUST-3009,44915.89,temporary_bank_decline,9,0,192977.79,0,12,70,upi,0.153,1
TXN-03852,CUST-6422,36901.3,expired_card,8,1,45652.61,3,53,298,wallet,0.395,0
TXN-03853,CUST-4234,28206.05,expired_card,10,3,103187.88,2,145,317,card,0.434,0
TXN-03854,CUST-8908,45846.03,network_error,8,0,185564.87,2,126,364,upi,0.316,1
TXN-03855,CUST-1342,18986.48,expired_card,9,0,58326.76,0,134,507,card,0.184,1
TXN-03856,CUST-5835,12784.29,temporary_bank_decline,6,4,89133.14,3,86,433,upi,0.394,0
TXN-03857,CUST-2294,15488.13,authentication_failure,8,1,159152.6,1,135,585,upi,0.271,0
TXN-03858,CUST-3763,17828.26,network_error,13,0,126009.5,1,152,361,upi,0.228,1
TXN-03859,CUST-4720,28462.28,authentication_failure,11,1,136551.22,0,2,464,card,0.185,0
TXN-03860,CUST-5160,22797.83,authentication_failure,7,0,95117.92,1,167,480,card,0.33,1
TXN-03861,CUST-8401,7438.71,network_error,7,1,131520.9,4,39,241,netbanking,0.342,0
TXN-03862,CUST-6810,45928.14,authentication_failure,8,1,179812.32,4,31,535,netbanking,0.315,0
TXN-03863,CUST-3170,33255.24,authentication_failure,4,0,158267.01,2,123,278,card,0.428,0
TXN-03864,CUST-4001,21729.92,temporary_bank_decline,8,2,40136.84,0,164,398,upi,0.244,0
TXN-03865,CUST-1585,48310.37,expired_card,9,0,154650.49,3,171,488,upi,0.482,0
TXN-03866,CUST-4300,34277.33,network_error,6,2,73030.31,3,91,287,upi,0.449,0
TXN-03867,CUST-4751,12091.69,temporary_bank_decline,12,0,190666.88,4,106,200,upi,0.365,0
TXN-03868,CUST-1723,48995.63,expired_card,13,3,55066.59,4,54,189,wallet,0.476,1
TXN-03869,CUST-4630,17208.77,network_error,5,0,122466.99,1,57,158,card,0.083,1
TXN-03870,CUST-1078,8968.98,temporary_bank_decline,16,3,115748.37,2,144,395,card,0.357,0
TXN-03871,CUST-8950,22877.13,authentication_failure,7,0,133063.38,3,73,165,upi,0.279,0
TXN-03872,CUST-3950,32597.89,authentication_failure,7,1,133938.05,3,120,137,upi,0.468,0
TXN-03873,CUST-1379,31774.26,expired_card,2,1,122927.39,2,176,488,netbanking,0.37,0
TXN-03874,CUST-7913,15774.46,insufficient_balance,5,2,191980.14,1,105,380,upi,0.23,0
TXN-03875,CUST-8696,45477.21,temporary_bank_decline,7,1,65351.71,3,28,64,netbanking,0.504,1
TXN-03876,CUST-5443,6688.96,insufficient_balance,8,3,32278.29,0,9,105,netbanking,0.108,0
TXN-03877,CUST-5615,21576.65,authentication_failure,4,1,154227.08,1,163,156,upi,0.265,1
TXN-03878,CUST-7389,1862.04,authentication_failure,10,0,93028.56,4,45,551,upi,0.266,0
TXN-03879,CUST-4029,32628.38,insufficient_balance,7,0,122024.33,0,146,118,netbanking,0.283,1
TXN-03880,CUST-3088,14254.3,authentication_failure,10,1,70183.87,4,41,197,netbanking,0.333,0
TXN-03881,CUST-8814,11544.8,temporary_bank_decline,8,0,156060.89,3,148,193,upi,0.251,0
TXN-03882,CUST-5685,39334.62,expired_card,6,1,3156.41,3,96,370,card,0.395,0
TXN-03883,CUST-6622,15199.11,insufficient_balance,2,0,96392.99,1,150,62,wallet,0.247,0
TXN-03884,CUST-1413,22784.1,network_error,13,3,45767.36,0,111,540,netbanking,0.287,1
TXN-03885,CUST-8067,35080.94,network_error,1,3,190104.85,1,96,214,card,0.415,0
TXN-03886,CUST-1666,20457.49,authentication_failure,10,1,141964.55,3,131,573,netbanking,0.398,0
TXN-03887,CUST-9341,42561.08,insufficient_balance,10,2,9602.29,3,95,67,card,0.374,0
TXN-03888,CUST-4868,16463.14,expired_card,5,2,38112.88,4,75,266,netbanking,0.351,0
TXN-03889,CUST-2203,1387.09,temporary_bank_decline,3,2,42137.25,0,79,285,upi,0.244,0
TXN-03890,CUST-7106,17066.3,expired_card,9,0,73346.22,2,58,34,upi,0.194,0
TXN-03891,CUST-8466,41666.37,temporary_bank_decline,7,1,109720.97,3,55,589,netbanking,0.393,1
TXN-03892,CUST-2099,45045.31,network_error,9,1,193026.46,0,85,508,upi,0.344,1
TXN-03893,CUST-4518,42570.49,insufficient_balance,5,1,186141.14,4,170,88,card,0.551,0
TXN-03894,CUST-1700,14884.03,insufficient_balance,8,0,150699.09,4,101,500,netbanking,0.343,0
TXN-03895,CUST-2760,2644.04,insufficient_balance,4,3,75160.07,3,23,253,upi,0.252,1
TXN-03896,CUST-4407,44440.9,insufficient_balance,6,0,174035.3,3,38,291,card,0.417,0
TXN-03897,CUST-6602,42154.85,authentication_failure,8,3,102636.42,0,167,390,upi,0.474,1
TXN-03898,CUST-4360,1998.71,insufficient_balance,5,2,169951.43,0,12,174,upi,0.063,1
TXN-03899,CUST-5657,30854.53,temporary_bank_decline,11,0,191012.67,4,96,464,upi,0.32,1
TXN-03900,CUST-3314,28170.25,expired_card,9,1,70242.82,0,67,261,netbanking,0.21,1
TXN-03901,CUST-4495,46787.64,expired_card,8,2,122929.75,3,77,514,card,0.444,0
TXN-03902,CUST-6249,27684.11,temporary_bank_decline,9,2,28912.44,0,163,330,card,0.286,1
TXN-03903,CUST-6093,25407.98,temporary_bank_decline,8,0,153448.94,3,121,363,card,0.281,0
TXN-03904,CUST-3898,11013.01,insufficient_balance,12,0,192559.68,4,34,468,upi,0.226,0
TXN-03905,CUST-9309,34326.12,expired_card,6,1,171821.35,1,166,142,card,0.397,0
TXN-03906,CUST-9363,39307.74,network_error,9,2,27430.21,2,90,135,wallet,0.477,0
TXN-03907,CUST-8334,6414.08,network_error,8,2,132162.4,3,13,586,card,0.312,0
TXN-03908,CUST-6415,28043.78,insufficient_balance,8,1,100660.83,0,166,342,card,0.208,0
TXN-03909,CUST-7205,15803.05,insufficient_balance,9,2,105379.83,0,126,18,upi,0.203,0
TXN-03910,CUST-4914,30895.01,authentication_failure,10,1,138333.54,4,9,138,upi,0.363,0
TXN-03911,CUST-5146,20038.07,temporary_bank_decline,5,3,6753.55,4,18,526,card,0.403,0
TXN-03912,CUST-6325,9055.15,authentication_failure,4,0,173752.16,4,49,485,wallet,0.223,0
TXN-03913,CUST-9244,23243.0,authentication_failure,12,2,85339.74,2,40,364,netbanking,0.287,0
TXN-03914,CUST-3133,15002.05,network_error,7,0,74481.57,0,7,494,netbanking,0.0,1
TXN-03915,CUST-2712,49073.26,temporary_bank_decline,5,3,133066.29,1,115,302,card,0.409,1
TXN-03916,CUST-8726,33721.5,network_error,6,1,35268.12,2,80,282,card,0.295,1
TXN-03917,CUST-7605,31868.67,expired_card,8,1,138325.39,2,63,392,upi,0.215,0
TXN-03918,CUST-8870,41460.09,temporary_bank_decline,6,3,81119.01,4,26,439,upi,0.432,0
TXN-03919,CUST-5712,43495.73,expired_card,9,1,119865.72,2,76,221,card,0.381,0
TXN-03920,CUST-2747,968.64,authentication_failure,5,1,142306.69,3,35,424,upi,0.182,0
TXN-03921,CUST-3370,39759.43,temporary_bank_decline,9,0,193913.95,3,139,118,upi,0.46,1
TXN-03922,CUST-6804,34367.97,authentication_failure,15,0,39509.07,1,11,53,card,0.242,1
TXN-03923,CUST-4664,33163.84,authentication_failure,6,2,185956.0,3,104,54,card,0.458,0
TXN-03924,CUST-4349,27472.43,temporary_bank_decline,9,1,47487.1,0,122,96,wallet,0.351,1
TXN-03925,CUST-3121,15670.58,insufficient_balance,5,0,141389.12,3,95,458,upi,0.281,0
TXN-03926,CUST-8063,29754.58,authentication_failure,6,2,19265.93,4,106,586,card,0.422,0
TXN-03927,CUST-9782,3176.25,network_error,6,2,191700.95,3,178,295,card,0.327,0
TXN-03928,CUST-9718,12371.47,temporary_bank_decline,4,1,176598.0,1,170,175,upi,0.287,1
TXN-03929,CUST-9737,29522.24,temporary_bank_decline,8,1,17583.22,3,14,163,upi,0.344,1
TXN-03930,CUST-3720,12499.2,insufficient_balance,11,3,153949.94,1,83,288,card,0.312,1
TXN-03931,CUST-1597,11226.9,expired_card,9,0,198698.5,0,101,129,upi,0.073,0
TXN-03932,CUST-7153,25894.05,network_error,10,0,173926.93,3,112,582,netbanking,0.341,1
TXN-03933,CUST-4642,1504.45,network_error,13,1,185876.56,4,2,72,card,0.23,0
TXN-03934,CUST-6460,41976.99,temporary_bank_decline,4,0,171681.88,2,74,236,upi,0.287,1
TXN-03935,CUST-3706,19973.55,temporary_bank_decline,8,0,178558.77,4,22,379,upi,0.316,1
TXN-03936,CUST-6382,49867.17,network_error,8,1,145570.74,0,53,227,upi,0.269,1
TXN-03937,CUST-8186,31355.03,expired_card,7,1,113057.55,2,147,262,card,0.371,0
TXN-03938,CUST-4209,448.47,insufficient_balance,4,1,191581.14,3,51,469,upi,0.241,0
TXN-03939,CUST-5246,7826.18,authentication_failure,12,0,52449.16,2,102,338,upi,0.254,1
TXN-03940,CUST-9703,28182.7,insufficient_balance,3,0,60193.8,4,28,192,upi,0.332,0
TXN-03941,CUST-5234,18917.37,expired_card,8,1,181484.49,0,51,444,upi,0.154,0
TXN-03942,CUST-8315,1984.55,temporary_bank_decline,4,0,33907.93,3,150,19,card,0.291,0
TXN-03943,CUST-6946,2777.68,network_error,9,4,12146.02,1,104,489,upi,0.305,1
TXN-03944,CUST-2816,36081.53,temporary_bank_decline,10,0,165202.2,3,163,505,wallet,0.365,1
TXN-03945,CUST-1585,31590.64,temporary_bank_decline,7,3,107037.13,1,4,110,upi,0.267,1
TXN-03946,CUST-7208,42956.32,expired_card,4,2,69977.8,0,27,34,upi,0.258,0
TXN-03947,CUST-3529,18924.17,insufficient_balance,7,0,78009.67,4,109,124,upi,0.298,0
TXN-03948,CUST-6268,13875.68,authentication_failure,8,0,156209.74,3,162,279,upi,0.351,0
TXN-03949,CUST-3994,16793.79,network_error,7,5,175192.12,0,67,514,card,0.294,0
TXN-03950,CUST-3416,48703.98,temporary_bank_decline,9,0,12730.1,4,110,377,netbanking,0.459,0
TXN-03951,CUST-5837,1962.78,network_error,10,2,175869.78,0,37,221,card,0.192,1
TXN-03952,CUST-9925,8855.91,authentication_failure,4,0,94618.43,1,23,368,card,0.086,1
TXN-03953,CUST-9121,9470.75,temporary_bank_decline,8,3,25921.7,1,72,539,upi,0.256,0
TXN-03954,CUST-1485,45954.6,temporary_bank_decline,9,2,157915.52,3,20,127,card,0.403,0
TXN-03955,CUST-2875,9931.17,expired_card,2,2,136270.74,3,7,359,upi,0.257,0
TXN-03956,CUST-1719,45708.48,insufficient_balance,9,2,63990.61,3,33,579,card,0.409,1
TXN-03957,CUST-4597,11980.31,authentication_failure,12,5,112038.16,0,65,75,upi,0.292,0
TXN-03958,CUST-4667,44124.13,authentication_failure,11,1,68343.2,2,57,59,card,0.27,0
TXN-03959,CUST-5089,3935.86,authentication_failure,9,1,2881.31,4,28,331,netbanking,0.329,0
TXN-03960,CUST-2243,21628.79,network_error,6,1,189939.2,3,64,268,card,0.274,0
TXN-03961,CUST-5230,17778.35,temporary_bank_decline,2,2,97944.3,0,84,464,wallet,0.205,1
TXN-03962,CUST-8176,6123.51,temporary_bank_decline,7,1,26218.64,1,125,101,upi,0.104,0
TXN-03963,CUST-2359,46285.08,temporary_bank_decline,8,0,58069.63,1,77,100,card,0.288,1
TXN-03964,CUST-1077,46309.32,network_error,7,1,62162.91,4,48,173,upi,0.434,1
TXN-03965,CUST-7684,26461.88,expired_card,5,2,45129.13,1,169,475,netbanking,0.324,1
TXN-03966,CUST-1334,44077.02,insufficient_balance,2,0,102233.55,4,87,415,netbanking,0.408,0
TXN-03967,CUST-5849,29468.12,authentication_failure,4,1,155090.15,4,89,407,card,0.474,0
TXN-03968,CUST-2479,10189.78,insufficient_balance,7,2,81320.29,3,54,471,card,0.28,0
TXN-03969,CUST-8782,21804.84,authentication_failure,4,3,146559.8,0,102,208,upi,0.256,1
TXN-03970,CUST-8403,44016.42,authentication_failure,7,0,27164.2,4,160,421,upi,0.428,0
TXN-03971,CUST-9902,47496.1,network_error,11,1,65661.16,4,144,47,card,0.48,0
TXN-03972,CUST-6587,40465.69,insufficient_balance,8,1,37606.5,3,141,521,upi,0.492,1
TXN-03973,CUST-3521,22555.78,insufficient_balance,10,2,93654.95,3,111,319,upi,0.458,0
TXN-03974,CUST-5548,8712.7,insufficient_balance,6,2,85168.5,1,145,443,upi,0.283,1
TXN-03975,CUST-6259,20635.28,authentication_failure,9,0,91149.29,1,99,64,card,0.149,1
TXN-03976,CUST-6177,35195.17,temporary_bank_decline,8,0,21231.27,3,102,37,upi,0.312,1
TXN-03977,CUST-3085,40192.69,temporary_bank_decline,5,0,94311.58,4,121,414,upi,0.495,0
TXN-03978,CUST-5443,49230.89,temporary_bank_decline,12,1,62069.05,3,97,177,upi,0.44,0
TXN-03979,CUST-7703,933.78,network_error,6,0,119219.47,2,70,72,upi,0.114,1
TXN-03980,CUST-7025,16048.47,authentication_failure,7,1,150201.48,1,179,147,upi,0.289,1
TXN-03981,CUST-9046,31311.87,network_error,4,1,19765.23,4,165,32,wallet,0.583,0
TXN-03982,CUST-3756,3577.57,temporary_bank_decline,0,3,12685.38,3,147,543,netbanking,0.351,0
TXN-03983,CUST-6356,40907.54,insufficient_balance,10,4,158533.99,1,167,351,card,0.542,0
TXN-03984,CUST-4149,2041.89,network_error,9,0,36435.91,4,8,578,netbanking,0.192,0
TXN-03985,CUST-9237,17435.34,insufficient_balance,8,3,153804.26,0,43,55,upi,0.182,0
TXN-03986,CUST-2445,34245.18,insufficient_balance,6,2,191554.38,0,78,144,upi,0.285,0
TXN-03987,CUST-7512,40144.98,network_error,6,3,113136.83,3,128,226,upi,0.576,0
TXN-03988,CUST-9462,25916.88,temporary_bank_decline,6,2,95570.62,4,84,139,upi,0.45,1
TXN-03989,CUST-7161,41353.44,temporary_bank_decline,9,2,107451.29,2,78,475,netbanking,0.466,1
TXN-03990,CUST-1788,22340.05,temporary_bank_decline,7,1,159692.9,1,45,91,upi,0.211,0
TXN-03991,CUST-5043,33408.2,network_error,10,0,86126.65,2,80,497,card,0.387,0
TXN-03992,CUST-2916,2845.66,temporary_bank_decline,8,2,141890.68,4,84,519,card,0.414,1
TXN-03993,CUST-3687,33189.17,insufficient_balance,6,0,133503.76,2,79,584,card,0.329,1
TXN-03994,CUST-3908,22282.67,insufficient_balance,8,6,192967.3,0,37,115,card,0.286,0
TXN-03995,CUST-3997,37707.18,network_error,9,0,18421.0,3,81,194,upi,0.322,0
TXN-03996,CUST-2199,48061.45,temporary_bank_decline,7,1,194541.26,2,24,313,wallet,0.34,0
TXN-03997,CUST-9098,39905.05,expired_card,9,2,52569.7,4,29,381,upi,0.454,0
TXN-03998,CUST-6624,45823.32,network_error,10,1,70799.57,3,92,291,upi,0.492,1
TXN-03999,CUST-3187,22480.16,temporary_bank_decline,11,1,166899.28,4,127,36,upi,0.534,0
TXN-04000,CUST-4634,47639.67,insufficient_balance,5,1,86479.48,1,125,55,netbanking,0.376,0
TXN-04001,CUST-6698,38761.75,temporary_bank_decline,8,3,160952.95,1,119,172,card,0.436,0
TXN-04002,CUST-8502,529.34,network_error,3,1,187013.1,2,26,213,upi,0.184,1
TXN-04003,CUST-8349,34800.97,network_error,9,1,183238.54,0,19,551,wallet,0.223,0
TXN-04004,CUST-1039,40516.59,network_error,9,2,45379.26,1,1,457,upi,0.274,1
TXN-04005,CUST-8302,45124.83,temporary_bank_decline,9,3,13610.28,4,144,202,wallet,0.697,0
TXN-04006,CUST-7749,26640.61,expired_card,13,1,117688.25,1,111,455,netbanking,0.309,0
TXN-04007,CUST-4825,23460.08,authentication_failure,8,3,69802.11,0,60,37,wallet,0.191,0
TXN-04008,CUST-5509,28984.48,network_error,7,1,106417.14,1,114,422,netbanking,0.379,0
TXN-04009,CUST-9934,31513.07,temporary_bank_decline,5,1,157514.94,2,37,80,card,0.301,0
TXN-04010,CUST-2671,47806.92,expired_card,4,3,74327.05,2,48,511,netbanking,0.462,0
TXN-04011,CUST-8227,27933.72,temporary_bank_decline,10,0,125043.36,4,33,476,netbanking,0.39,0
TXN-04012,CUST-8800,24484.79,authentication_failure,7,0,99702.62,1,102,586,card,0.324,0
TXN-04013,CUST-1806,19948.49,network_error,8,1,3262.39,2,14,280,card,0.129,0
TXN-04014,CUST-5939,4544.27,expired_card,3,1,17862.95,2,61,244,upi,0.177,0
TXN-04015,CUST-6351,21242.03,expired_card,6,3,10632.92,2,107,473,netbanking,0.396,0
TXN-04016,CUST-3627,35625.11,network_error,6,2,158643.11,2,45,379,card,0.232,0
TXN-04017,CUST-9560,17820.84,temporary_bank_decline,7,4,32527.66,0,83,87,card,0.223,1
TXN-04018,CUST-8646,6352.29,expired_card,8,1,75360.58,4,150,296,card,0.317,0
TXN-04019,CUST-7762,1118.83,network_error,9,2,1743.02,0,81,370,card,0.213,1
TXN-04020,CUST-1835,30960.17,insufficient_balance,9,1,29806.52,3,178,190,upi,0.343,0
TXN-04021,CUST-4027,38665.08,authentication_failure,13,2,149695.73,2,51,469,card,0.373,1
TXN-04022,CUST-4953,14306.48,temporary_bank_decline,6,0,86962.56,1,148,528,card,0.274,1
TXN-04023,CUST-5301,49938.27,temporary_bank_decline,8,2,119652.62,0,95,38,card,0.354,1
TXN-04024,CUST-4262,9047.94,network_error,6,3,164427.52,1,68,417,card,0.209,1
TXN-04025,CUST-4376,28199.39,temporary_bank_decline,10,1,51563.19,4,37,179,netbanking,0.352,1
TXN-04026,CUST-5643,7905.69,network_error,7,3,52421.75,4,26,236,card,0.274,0
TXN-04027,CUST-9913,16602.67,expired_card,6,2,68768.77,4,124,319,upi,0.471,0
TXN-04028,CUST-5681,8418.11,expired_card,4,1,29230.6,0,47,111,netbanking,0.087,0
TXN-04029,CUST-6312,47328.56,insufficient_balance,12,0,123540.0,0,54,194,upi,0.299,0
TXN-04030,CUST-7564,13788.38,authentication_failure,16,2,97063.88,0,155,171,upi,0.275,0
TXN-04031,CUST-9851,16250.2,expired_card,12,2,163000.92,1,18,358,upi,0.246,1
TXN-04032,CUST-8998,43535.12,temporary_bank_decline,8,2,83046.31,3,114,231,upi,0.459,0
TXN-04033,CUST-6843,6610.43,network_error,6,2,75857.39,0,48,144,upi,0.062,1
TXN-04034,CUST-9670,32558.63,temporary_bank_decline,13,1,79258.47,0,97,516,card,0.19,0
TXN-04035,CUST-4491,48897.21,temporary_bank_decline,6,2,33767.4,2,142,310,card,0.5,0
TXN-04036,CUST-4792,4535.97,temporary_bank_decline,6,0,54665.67,0,130,332,upi,0.13,0
TXN-04037,CUST-8310,18506.44,temporary_bank_decline,11,3,24199.25,3,94,240,card,0.383,0
TXN-04038,CUST-5521,38667.61,temporary_bank_decline,8,1,149225.62,2,9,251,netbanking,0.294,1
TXN-04039,CUST-5958,31114.61,insufficient_balance,7,2,149930.64,0,163,187,card,0.34,0
TXN-04040,CUST-5856,22606.16,expired_card,5,0,100357.52,2,143,64,netbanking,0.31,1
TXN-04041,CUST-2963,47931.11,expired_card,8,3,117608.45,1,143,20,card,0.4,1
TXN-04042,CUST-9363,28998.5,expired_card,9,0,113471.65,1,63,321,card,0.191,0
TXN-04043,CUST-4865,8344.48,expired_card,6,2,64437.39,2,12,379,netbanking,0.197,0
TXN-04044,CUST-8921,13801.28,authentication_failure,13,0,124037.02,3,156,81,upi,0.328,0
TXN-04045,CUST-1674,38641.51,expired_card,9,1,17119.03,0,175,268,card,0.472,0
TXN-04046,CUST-6590,26431.33,network_error,6,0,2424.55,1,132,550,card,0.266,1
TXN-04047,CUST-8530,12864.48,expired_card,8,3,171475.33,3,121,520,netbanking,0.323,0
TXN-04048,CUST-6727,10494.88,temporary_bank_decline,4,3,44796.11,4,171,179,card,0.556,0
TXN-04049,CUST-2001,28685.12,insufficient_balance,16,3,66024.61,0,169,361,upi,0.299,0
TXN-04050,CUST-9238,32807.04,network_error,8,1,45806.32,4,84,294,card,0.439,0
TXN-04051,CUST-2176,14826.16,network_error,8,1,167892.92,4,171,173,upi,0.443,1
TXN-04052,CUST-1682,19112.24,authentication_failure,6,0,77694.97,1,105,377,card,0.154,0
TXN-04053,CUST-7218,8120.0,expired_card,4,1,50432.56,0,14,578,card,0.083,0
TXN-04054,CUST-4277,40489.34,expired_card,9,0,165060.89,3,3,393,card,0.311,0
TXN-04055,CUST-9008,35076.72,temporary_bank_decline,5,1,191416.53,1,162,409,upi,0.331,1
TXN-04056,CUST-3120,3888.06,insufficient_balance,13,1,74730.34,1,30,324,upi,0.154,0
TXN-04057,CUST-2972,44957.58,authentication_failure,5,1,75492.63,4,8,136,upi,0.436,0
TXN-04058,CUST-8757,4340.15,authentication_failure,4,4,70060.82,1,3,251,netbanking,0.172,0
TXN-04059,CUST-1845,6791.77,temporary_bank_decline,7,2,27298.07,1,60,344,card,0.159,0
TXN-04060,CUST-7185,46006.76,expired_card,9,2,176077.91,2,24,551,upi,0.438,0
TXN-04061,CUST-2459,10900.53,network_error,12,1,64634.9,1,152,354,card,0.287,1
TXN-04062,CUST-8605,3680.49,temporary_bank_decline,8,1,43473.01,3,176,253,upi,0.4,0
TXN-04063,CUST-8123,36813.61,insufficient_balance,8,2,168285.45,1,120,265,upi,0.438,0
TXN-04064,CUST-1793,14209.37,expired_card,8,1,112064.36,0,6,358,upi,0.068,0
TXN-04065,CUST-4503,7437.21,temporary_bank_decline,5,1,119357.92,0,65,420,netbanking,0.065,1
TXN-04066,CUST-8581,45205.24,temporary_bank_decline,11,2,30393.23,2,158,378,upi,0.468,0
TXN-04067,CUST-7616,16314.48,insufficient_balance,5,0,155719.04,2,61,144,card,0.27,0
TXN-04068,CUST-6181,6151.32,expired_card,9,1,85269.77,2,66,386,card,0.246,0
TXN-04069,CUST-6129,35706.66,expired_card,5,3,77392.55,0,56,281,card,0.198,0
TXN-04070,CUST-7587,3963.54,expired_card,8,1,167965.67,2,149,494,upi,0.272,0
TXN-04071,CUST-9176,14293.96,temporary_bank_decline,6,0,81261.99,2,111,423,netbanking,0.209,1
TXN-04072,CUST-9895,10452.1,network_error,5,3,167220.63,1,96,216,upi,0.31,1
TXN-04073,CUST-5492,2963.18,temporary_bank_decline,14,0,191168.3,2,58,593,card,0.155,0
TXN-04074,CUST-2365,16383.84,network_error,5,0,63781.22,0,41,8,netbanking,0.09,0
TXN-04075,CUST-6894,25364.43,authentication_failure,6,2,38959.06,2,28,265,card,0.317,1
TXN-04076,CUST-8067,33134.13,authentication_failure,12,1,191267.16,3,151,388,netbanking,0.426,0
TXN-04077,CUST-4629,5222.85,insufficient_balance,7,0,185736.87,1,5,355,wallet,0.034,1
TXN-04078,CUST-5070,31131.79,temporary_bank_decline,5,2,65320.55,0,45,508,wallet,0.273,1
TXN-04079,CUST-5668,28472.81,network_error,4,2,164370.92,2,72,345,upi,0.288,0
TXN-04080,CUST-2666,22202.85,temporary_bank_decline,9,4,83551.95,0,104,147,upi,0.362,1
TXN-04081,CUST-5524,21408.22,expired_card,4,4,19301.99,4,7,237,netbanking,0.386,0
TXN-04082,CUST-7180,28958.0,temporary_bank_decline,9,3,3980.18,2,169,524,upi,0.42,1
TXN-04083,CUST-7768,41118.01,insufficient_balance,8,1,157215.53,2,82,212,card,0.324,1
TXN-04084,CUST-8701,22293.83,authentication_failure,9,2,46451.31,0,179,258,card,0.371,0
TXN-04085,CUST-8044,30800.22,expired_card,6,2,79064.9,1,27,206,upi,0.322,0
TXN-04086,CUST-6322,29818.05,expired_card,5,2,124453.31,3,50,36,card,0.433,0
TXN-04087,CUST-9704,48791.09,temporary_bank_decline,8,2,90110.32,3,119,55,upi,0.467,1
TXN-04088,CUST-3516,44220.16,insufficient_balance,7,1,49020.11,1,23,469,wallet,0.251,1
TXN-04089,CUST-9789,8276.21,temporary_bank_decline,10,1,176779.2,1,66,181,card,0.195,1
TXN-04090,CUST-1603,40744.67,temporary_bank_decline,6,0,12440.69,1,42,252,upi,0.212,1
TXN-04091,CUST-8865,39160.6,network_error,8,0,152690.95,2,61,107,card,0.311,0
TXN-04092,CUST-6386,26562.88,insufficient_balance,7,1,105926.64,1,41,482,card,0.31,0
TXN-04093,CUST-4262,37040.02,temporary_bank_decline,7,3,108792.04,4,88,256,card,0.55,1
TXN-04094,CUST-7510,18643.56,insufficient_balance,7,4,50980.56,4,122,136,upi,0.498,0
TXN-04095,CUST-5669,32192.72,network_error,7,0,155224.49,0,150,511,card,0.256,1
TXN-04096,CUST-2468,11735.21,temporary_bank_decline,6,3,182902.81,3,67,486,netbanking,0.328,0
TXN-04097,CUST-7790,6968.82,expired_card,7,1,97938.88,2,112,168,upi,0.259,0
TXN-04098,CUST-6488,1888.67,temporary_bank_decline,6,4,149830.31,0,15,336,upi,0.117,1
TXN-04099,CUST-2958,36158.07,temporary_bank_decline,12,2,193185.74,2,152,311,wallet,0.406,0
TXN-04100,CUST-7021,28781.34,expired_card,8,1,165006.64,2,37,19,upi,0.325,0
TXN-04101,CUST-4093,19719.21,network_error,13,2,3905.6,0,47,357,wallet,0.181,1
TXN-04102,CUST-2667,11644.54,authentication_failure,9,1,102667.56,0,38,462,wallet,0.118,1
TXN-04103,CUST-6876,13285.8,network_error,10,0,193123.75,3,139,30,upi,0.398,1
TXN-04104,CUST-6971,33941.37,temporary_bank_decline,8,2,92728.34,1,109,437,upi,0.361,1
TXN-04105,CUST-6218,31920.86,expired_card,3,1,68495.96,4,53,143,upi,0.515,0
TXN-04106,CUST-8900,4190.41,temporary_bank_decline,11,1,124922.62,0,153,349,card,0.235,1
TXN-04107,CUST-3092,1211.65,temporary_bank_decline,6,3,185409.72,1,33,381,upi,0.233,0
TXN-04108,CUST-5815,37070.8,authentication_failure,12,3,9502.08,0,70,381,card,0.272,1
TXN-04109,CUST-4165,28018.1,temporary_bank_decline,6,1,192242.75,0,40,311,card,0.244,1
TXN-04110,CUST-8825,45066.19,temporary_bank_decline,7,1,114064.28,4,48,581,upi,0.468,0
TXN-04111,CUST-4129,5319.32,temporary_bank_decline,11,1,59421.55,4,96,409,netbanking,0.394,0
TXN-04112,CUST-1387,9592.84,temporary_bank_decline,5,1,173702.24,2,82,132,netbanking,0.251,0
TXN-04113,CUST-9025,7458.84,temporary_bank_decline,13,3,74727.51,2,156,546,upi,0.383,1
TXN-04114,CUST-6181,40517.97,authentication_failure,6,0,4659.78,0,50,232,upi,0.269,1
TXN-04115,CUST-1375,29012.83,network_error,7,3,98652.22,3,37,284,upi,0.379,0
TXN-04116,CUST-1654,20916.08,insufficient_balance,9,2,3677.83,2,174,342,upi,0.416,1
TXN-04117,CUST-9077,40112.55,network_error,6,1,195235.07,2,164,455,upi,0.484,0
TXN-04118,CUST-9311,38123.2,insufficient_balance,10,1,51229.25,0,132,537,upi,0.22,1
TXN-04119,CUST-2427,17196.75,authentication_failure,7,0,43811.31,0,81,107,wallet,0.045,0
TXN-04120,CUST-9183,4719.06,insufficient_balance,6,4,77113.86,2,104,297,card,0.269,0
TXN-04121,CUST-4710,25945.28,temporary_bank_decline,7,1,19348.18,0,98,226,card,0.266,1
TXN-04122,CUST-4533,29537.45,insufficient_balance,16,1,103030.89,2,62,496,upi,0.364,0
TXN-04123,CUST-6202,9337.79,temporary_bank_decline,6,2,34327.27,4,55,575,netbanking,0.359,1
TXN-04124,CUST-3733,5011.08,insufficient_balance,9,1,117282.97,0,42,523,upi,0.04,0
TXN-04125,CUST-8361,266.3,network_error,6,0,87205.06,1,155,225,card,0.219,1
TXN-04126,CUST-8049,25964.62,temporary_bank_decline,4,1,121101.77,1,26,144,upi,0.194,1
TXN-04127,CUST-5865,20738.86,temporary_bank_decline,10,1,195209.01,1,22,267,wallet,0.163,1
TXN-04128,CUST-2316,25198.63,authentication_failure,4,1,167610.98,1,123,434,upi,0.308,1
TXN-04129,CUST-3169,17366.45,network_error,7,2,186096.72,4,113,552,upi,0.434,0
TXN-04130,CUST-3508,46244.84,network_error,17,0,128129.11,1,137,386,netbanking,0.363,1
TXN-04131,CUST-6612,39189.13,temporary_bank_decline,11,1,151547.45,0,15,544,card,0.26,1
TXN-04132,CUST-9701,10128.55,temporary_bank_decline,11,2,158089.56,2,136,589,card,0.31,0
TXN-04133,CUST-5280,5814.2,insufficient_balance,11,1,175047.17,3,90,142,card,0.318,0
TXN-04134,CUST-5741,9474.67,expired_card,6,0,22685.06,0,123,307,upi,0.094,0
TXN-04135,CUST-7371,26448.2,network_error,7,2,110799.56,0,150,235,netbanking,0.357,1
TXN-04136,CUST-7083,18954.56,network_error,8,3,1365.43,4,47,455,card,0.406,0
TXN-04137,CUST-9300,699.51,insufficient_balance,13,3,139352.7,2,92,248,netbanking,0.307,1
TXN-04138,CUST-9576,26202.87,authentication_failure,10,0,101772.2,2,31,508,card,0.283,1
TXN-04139,CUST-8960,30435.78,insufficient_balance,6,1,42774.38,1,151,232,netbanking,0.4,0
TXN-04140,CUST-9835,36508.94,expired_card,14,2,45679.14,2,178,329,netbanking,0.405,1
TXN-04141,CUST-4842,7312.65,temporary_bank_decline,9,1,4029.72,4,145,508,upi,0.351,0
TXN-04142,CUST-2678,44659.5,insufficient_balance,9,2,176974.62,2,63,238,upi,0.449,1
TXN-04143,CUST-6001,21713.3,network_error,8,0,89946.86,2,99,172,card,0.293,1
TXN-04144,CUST-9313,34739.79,expired_card,13,3,20646.31,0,2,473,upi,0.246,0
TXN-04145,CUST-6861,34243.22,expired_card,11,1,31660.07,0,176,369,upi,0.336,0
TXN-04146,CUST-3978,17701.28,expired_card,7,2,83436.62,3,57,468,upi,0.391,0
TXN-04147,CUST-6518,39345.72,authentication_failure,5,2,187647.57,1,128,88,upi,0.345,0
TXN-04148,CUST-7608,14167.9,authentication_failure,8,2,6538.87,3,150,282,wallet,0.371,0
TXN-04149,CUST-7302,21659.97,temporary_bank_decline,9,1,188560.4,3,125,331,card,0.378,0
TXN-04150,CUST-8225,5740.74,authentication_failure,7,2,159473.53,4,123,55,upi,0.362,0
TXN-04151,CUST-1240,12404.71,insufficient_balance,10,2,7381.53,0,27,151,upi,0.116,1
TXN-04152,CUST-1872,30083.24,temporary_bank_decline,5,2,135062.37,3,111,550,card,0.34,0
TXN-04153,CUST-9933,11716.11,authentication_failure,6,2,47426.86,1,23,302,card,0.282,0
TXN-04154,CUST-9978,40806.66,authentication_failure,7,2,106222.49,3,30,200,card,0.417,0
TXN-04155,CUST-6982,49657.63,temporary_bank_decline,4,2,112199.09,0,66,160,netbanking,0.302,0
TXN-04156,CUST-5478,24342.35,network_error,9,2,153260.24,4,53,527,card,0.291,0
TXN-04157,CUST-2019,19631.75,temporary_bank_decline,4,1,16346.92,0,67,178,card,0.144,1
TXN-04158,CUST-9053,32787.18,expired_card,6,1,5732.32,2,78,42,upi,0.25,1
TXN-04159,CUST-1500,40139.38,insufficient_balance,7,1,113938.8,2,37,539,netbanking,0.321,0
TXN-04160,CUST-8843,38363.87,authentication_failure,8,3,60398.31,3,83,465,upi,0.452,0
TXN-04161,CUST-7284,2841.27,network_error,6,1,87972.17,1,110,199,wallet,0.225,1
TXN-04162,CUST-3032,13694.76,insufficient_balance,7,2,1485.6,1,46,286,netbanking,0.24,0
TXN-04163,CUST-2241,43736.73,temporary_bank_decline,6,2,153714.7,2,128,463,upi,0.431,0
TXN-04164,CUST-2253,4596.08,temporary_bank_decline,5,1,130650.69,3,111,484,netbanking,0.353,0
TXN-04165,CUST-6924,21970.33,temporary_bank_decline,9,1,101336.73,2,33,515,card,0.191,1
TXN-04166,CUST-8733,29747.16,network_error,7,1,70351.02,1,169,107,card,0.286,1
TXN-04167,CUST-4138,37170.44,temporary_bank_decline,6,3,166119.11,0,66,70,card,0.221,0
TXN-04168,CUST-7661,3193.89,temporary_bank_decline,10,1,180477.66,2,131,145,upi,0.216,0
TXN-04169,CUST-5903,43363.22,insufficient_balance,7,1,26837.49,4,148,270,upi,0.549,1
TXN-04170,CUST-8272,24362.45,expired_card,6,0,159178.26,3,154,293,card,0.415,1
TXN-04171,CUST-1520,24067.33,expired_card,6,2,96653.16,1,53,78,card,0.24,0
TXN-04172,CUST-1256,47645.35,temporary_bank_decline,6,2,155300.19,2,31,379,wallet,0.365,0
TXN-04173,CUST-7806,23564.56,expired_card,6,3,76508.1,4,99,293,netbanking,0.493,0
TXN-04174,CUST-8728,3935.77,temporary_bank_decline,6,1,72625.01,0,61,191,upi,0.048,1
TXN-04175,CUST-5026,8426.1,temporary_bank_decline,5,4,50815.92,2,31,221,upi,0.267,1
TXN-04176,CUST-3812,23082.21,network_error,8,3,65771.58,3,49,434,upi,0.355,1
TXN-04177,CUST-9779,31309.76,expired_card,4,1,133422.82,0,149,184,card,0.279,1
TXN-04178,CUST-8187,47534.83,temporary_bank_decline,11,0,148103.45,0,122,140,card,0.317,1
TXN-04179,CUST-1720,41510.96,authentication_failure,10,1,1119.3,3,112,576,card,0.472,0
TXN-04180,CUST-8423,14111.5,temporary_bank_decline,9,2,19800.64,4,156,171,card,0.381,0
TXN-04181,CUST-5852,35811.94,temporary_bank_decline,8,1,92441.38,2,95,93,card,0.352,0
TXN-04182,CUST-9724,45621.02,expired_card,10,0,66601.55,1,102,286,netbanking,0.297,1
TXN-04183,CUST-5729,46134.05,expired_card,10,1,196238.64,0,155,437,upi,0.332,0
TXN-04184,CUST-6576,17289.06,network_error,11,2,150845.19,2,38,448,netbanking,0.241,0
TXN-04185,CUST-6876,6670.5,authentication_failure,5,1,98273.71,1,99,471,wallet,0.221,0
TXN-04186,CUST-2556,26930.69,temporary_bank_decline,5,3,1640.14,1,3,161,upi,0.174,1
TXN-04187,CUST-6971,22498.55,insufficient_balance,7,1,157990.68,1,135,561,card,0.168,0
TXN-04188,CUST-5320,8853.53,insufficient_balance,13,2,52573.36,0,58,43,upi,0.124,1
TXN-04189,CUST-4588,19581.07,network_error,9,2,108824.15,0,173,324,upi,0.292,1
TXN-04190,CUST-2678,23571.26,temporary_bank_decline,11,3,98438.6,0,69,462,wallet,0.28,1
TXN-04191,CUST-5008,38262.69,temporary_bank_decline,10,2,189182.17,0,35,499,card,0.214,1
TXN-04192,CUST-4655,18222.35,expired_card,7,3,127817.97,2,25,260,wallet,0.262,1
TXN-04193,CUST-9038,21914.45,authentication_failure,5,2,167787.72,1,90,431,wallet,0.226,1
TXN-04194,CUST-2172,33396.91,authentication_failure,5,1,175551.13,2,55,491,upi,0.206,1
TXN-04195,CUST-1647,36788.18,insufficient_balance,9,2,78441.13,3,79,592,card,0.325,1
TXN-04196,CUST-2582,30382.94,expired_card,8,1,82956.82,1,148,585,upi,0.248,1
TXN-04197,CUST-8833,48197.64,temporary_bank_decline,9,4,85720.13,2,120,18,wallet,0.527,0
TXN-04198,CUST-3284,47538.78,authentication_failure,8,2,84787.51,1,36,243,wallet,0.327,0
TXN-04199,CUST-3638,8046.83,temporary_bank_decline,10,2,36464.7,2,32,517,card,0.176,1
TXN-04200,CUST-3358,8732.47,temporary_bank_decline,9,0,4986.71,0,134,590,wallet,0.111,1
TXN-04201,CUST-2096,33250.37,temporary_bank_decline,2,1,43430.5,1,75,598,upi,0.216,0
TXN-04202,CUST-5083,12530.81,insufficient_balance,5,2,92569.01,1,55,15,upi,0.153,0
TXN-04203,CUST-4120,40077.23,temporary_bank_decline,10,1,31775.5,1,130,363,upi,0.378,0
TXN-04204,CUST-7838,14587.73,expired_card,7,1,24989.02,3,55,368,card,0.194,0
TXN-04205,CUST-2218,49612.56,expired_card,8,3,196885.18,4,1,244,card,0.471,0
TXN-04206,CUST-3075,34007.19,expired_card,8,1,93971.89,1,123,151,netbanking,0.267,0
TXN-04207,CUST-5464,29921.04,temporary_bank_decline,8,2,163557.9,3,162,502,netbanking,0.436,0
TXN-04208,CUST-7272,28412.66,insufficient_balance,7,1,171400.2,0,102,196,upi,0.197,1
TXN-04209,CUST-6592,16348.02,temporary_bank_decline,8,1,15896.98,0,1,36,upi,0.079,1
TXN-04210,CUST-6375,31041.76,temporary_bank_decline,6,3,7206.32,1,106,417,card,0.323,0
TXN-04211,CUST-3472,15454.73,insufficient_balance,8,0,154796.89,3,139,389,upi,0.345,0
TXN-04212,CUST-1884,33343.28,authentication_failure,9,1,166194.77,0,76,587,upi,0.21,1
TXN-04213,CUST-6410,25832.69,temporary_bank_decline,10,0,2535.3,4,128,165,wallet,0.391,0
TXN-04214,CUST-1538,39386.46,authentication_failure,6,1,91997.01,1,27,22,card,0.183,1
TXN-04215,CUST-5657,19177.31,authentication_failure,6,2,47579.19,0,148,417,card,0.21,0
TXN-04216,CUST-2444,40685.84,insufficient_balance,8,2,89376.18,2,116,24,upi,0.468,0
TXN-04217,CUST-8995,5421.73,insufficient_balance,8,2,133854.71,2,57,559,card,0.268,1
TXN-04218,CUST-5327,27114.86,insufficient_balance,5,2,137248.83,0,14,230,card,0.167,1
TXN-04219,CUST-7040,553.68,insufficient_balance,13,0,38204.7,0,21,355,wallet,0.003,1
TXN-04220,CUST-3292,38186.59,expired_card,8,0,85890.94,4,78,230,upi,0.392,0
TXN-04221,CUST-2172,18135.57,insufficient_balance,11,0,106995.07,1,61,12,card,0.166,1
TXN-04222,CUST-4178,40484.34,authentication_failure,9,2,87441.27,3,105,246,netbanking,0.473,0
TXN-04223,CUST-9997,388.8,expired_card,11,5,140663.59,3,74,365,upi,0.352,0
TXN-04224,CUST-5728,41266.07,network_error,6,1,58822.34,2,175,188,upi,0.454,1
TXN-04225,CUST-9263,41430.03,insufficient_balance,8,0,37273.44,0,9,522,upi,0.215,1
TXN-04226,CUST-9785,36654.55,temporary_bank_decline,9,1,189569.47,3,131,275,netbanking,0.505,1
TXN-04227,CUST-5392,28769.84,temporary_bank_decline,5,2,83524.72,3,117,348,upi,0.38,0
TXN-04228,CUST-4151,34330.28,network_error,13,1,10559.21,0,135,433,netbanking,0.268,0
TXN-04229,CUST-6953,38784.24,authentication_failure,7,3,197875.33,1,80,264,upi,0.453,0
TXN-04230,CUST-2448,6159.13,temporary_bank_decline,10,2,89545.07,3,138,406,upi,0.411,1
TXN-04231,CUST-8928,7341.28,temporary_bank_decline,5,0,183944.31,2,44,338,wallet,0.186,1
TXN-04232,CUST-8482,14057.62,expired_card,8,2,94457.35,4,101,209,netbanking,0.402,0
TXN-04233,CUST-6464,42883.64,authentication_failure,6,1,6115.85,2,87,524,netbanking,0.371,1
TXN-04234,CUST-1956,1929.53,insufficient_balance,7,0,84395.48,3,94,189,upi,0.258,1
TXN-04235,CUST-3111,43825.45,temporary_bank_decline,7,1,177971.73,2,151,331,upi,0.398,1
TXN-04236,CUST-4085,18452.84,temporary_bank_decline,9,3,114893.91,4,111,554,wallet,0.405,0
TXN-04237,CUST-8594,34733.97,temporary_bank_decline,14,3,112823.32,2,14,154,netbanking,0.407,0
TXN-04238,CUST-5907,44440.85,temporary_bank_decline,14,1,125816.08,0,119,166,card,0.348,1
TXN-04239,CUST-2671,19734.26,temporary_bank_decline,7,2,21837.05,3,26,355,card,0.289,0
TXN-04240,CUST-8965,32855.94,temporary_bank_decline,11,1,120824.88,0,1,385,upi,0.269,1
TXN-04241,CUST-4413,7702.2,expired_card,6,3,100389.87,2,128,223,card,0.346,0
TXN-04242,CUST-9847,10354.0,temporary_bank_decline,7,1,114711.14,0,18,440,card,0.134,1
TXN-04243,CUST-9313,33287.78,authentication_failure,10,0,156247.32,4,19,80,upi,0.305,1
TXN-04244,CUST-9021,5593.15,insufficient_balance,6,3,171415.73,4,120,418,card,0.454,0
TXN-04245,CUST-2866,29748.68,network_error,5,1,1188.08,4,23,302,upi,0.275,0
TXN-04246,CUST-8661,19809.81,temporary_bank_decline,9,1,57943.53,0,15,517,wallet,0.157,0
TXN-04247,CUST-5331,15791.04,authentication_failure,13,3,174939.69,1,85,248,upi,0.282,1
TXN-04248,CUST-5793,20951.6,temporary_bank_decline,13,3,27009.6,4,157,114,netbanking,0.441,1
TXN-04249,CUST-7888,37352.14,network_error,6,1,7700.17,0,90,517,card,0.131,0
TXN-04250,CUST-7725,41156.6,insufficient_balance,7,2,147458.83,0,40,346,upi,0.286,0
TXN-04251,CUST-4363,25544.58,network_error,5,2,183061.67,2,161,90,wallet,0.469,1
TXN-04252,CUST-7960,37653.51,network_error,10,1,89706.01,4,76,56,wallet,0.45,1
TXN-04253,CUST-9583,37000.6,insufficient_balance,4,2,176014.59,3,147,18,upi,0.498,0
TXN-04254,CUST-1724,19247.66,network_error,7,2,71933.73,3,24,183,card,0.324,0
TXN-04255,CUST-6019,5602.07,temporary_bank_decline,5,1,68455.33,4,118,442,netbanking,0.305,0
TXN-04256,CUST-4164,46674.46,insufficient_balance,6,1,72648.5,4,32,494,upi,0.407,0
TXN-04257,CUST-7258,701.37,expired_card,6,2,114095.31,4,64,303,upi,0.321,0
TXN-04258,CUST-7008,20909.62,temporary_bank_decline,9,1,82337.69,2,117,357,upi,0.289,1
TXN-04259,CUST-4139,12403.18,network_error,7,0,190100.39,2,48,469,upi,0.229,0
TXN-04260,CUST-1448,15080.59,expired_card,5,1,52393.19,3,40,11,upi,0.259,0
TXN-04261,CUST-4161,49387.36,expired_card,8,5,34745.18,3,70,570,netbanking,0.532,0
TXN-04262,CUST-4417,41936.67,insufficient_balance,6,0,145218.05,1,35,219,upi,0.28,0
TXN-04263,CUST-1348,10042.92,temporary_bank_decline,15,1,88220.84,0,166,523,netbanking,0.229,1
TXN-04264,CUST-1420,19633.38,temporary_bank_decline,5,2,60927.51,1,75,40,upi,0.3,0
TXN-04265,CUST-8648,6080.96,expired_card,5,1,45920.21,1,79,415,wallet,0.189,0
TXN-04266,CUST-7392,32655.41,network_error,8,2,179076.98,1,80,235,card,0.251,0
TXN-04267,CUST-8236,15206.78,authentication_failure,9,2,23184.37,3,176,105,upi,0.427,0
TXN-04268,CUST-4408,38027.97,temporary_bank_decline,12,1,29454.97,4,20,61,card,0.44,1
TXN-04269,CUST-7789,33327.74,insufficient_balance,4,0,45329.98,1,171,252,card,0.245,0
TXN-04270,CUST-6551,482.5,insufficient_balance,11,1,72752.24,0,15,575,upi,0.034,0
TXN-04271,CUST-5364,31408.97,authentication_failure,5,3,144635.85,0,61,492,upi,0.301,0
TXN-04272,CUST-1623,41697.39,temporary_bank_decline,1,1,152507.48,4,41,381,card,0.411,0
TXN-04273,CUST-2462,21473.21,insufficient_balance,8,2,179952.39,0,49,347,netbanking,0.153,1
TXN-04274,CUST-3842,49429.15,temporary_bank_decline,5,2,174872.73,0,136,545,card,0.293,1
TXN-04275,CUST-4393,2469.51,expired_card,6,1,186927.11,1,96,559,upi,0.151,0
TXN-04276,CUST-6192,3791.95,temporary_bank_decline,6,4,86228.69,1,3,493,upi,0.167,1
TXN-04277,CUST-8154,25256.96,insufficient_balance,8,2,191329.11,2,98,470,upi,0.421,0
TXN-04278,CUST-2491,13943.3,authentication_failure,10,2,6463.72,0,154,74,card,0.265,0
TXN-04279,CUST-9470,29175.38,expired_card,10,2,76455.49,2,49,265,upi,0.271,0
TXN-04280,CUST-7405,26813.9,insufficient_balance,7,1,140410.05,1,154,326,upi,0.341,0
TXN-04281,CUST-7053,5159.35,insufficient_balance,10,0,185316.46,1,155,493,card,0.224,0
TXN-04282,CUST-2141,23799.06,authentication_failure,7,2,42322.47,2,82,308,card,0.31,0
TXN-04283,CUST-1335,27581.02,authentication_failure,6,0,186680.63,2,15,509,card,0.195,1
TXN-04284,CUST-9833,39075.19,temporary_bank_decline,6,2,48379.63,4,5,292,card,0.548,0
TXN-04285,CUST-9656,33471.07,authentication_failure,12,1,170335.43,0,41,315,card,0.215,1
TXN-04286,CUST-3459,17840.46,network_error,14,0,177225.31,0,143,262,card,0.183,1
TXN-04287,CUST-4055,2370.75,expired_card,12,2,25646.17,0,72,318,wallet,0.109,1
TXN-04288,CUST-4136,40104.59,insufficient_balance,6,1,86542.94,0,99,542,upi,0.257,0
TXN-04289,CUST-3701,10461.96,temporary_bank_decline,8,2,37591.13,2,56,66,card,0.182,0
TXN-04290,CUST-8538,46307.7,temporary_bank_decline,9,1,58520.62,3,42,490,upi,0.404,0
TXN-04291,CUST-4666,15800.01,network_error,5,4,30839.41,1,127,261,wallet,0.23,0
TXN-04292,CUST-6565,7971.92,temporary_bank_decline,10,0,150132.63,3,59,264,card,0.197,0
TXN-04293,CUST-5336,48126.51,insufficient_balance,14,2,152189.14,2,140,195,netbanking,0.447,0
TXN-04294,CUST-4169,45231.5,authentication_failure,9,2,116622.37,2,98,304,card,0.437,0
TXN-04295,CUST-6515,6340.14,temporary_bank_decline,8,3,38024.77,0,103,578,upi,0.217,1
TXN-04296,CUST-1211,34873.72,network_error,10,0,58348.36,2,6,354,wallet,0.302,1
TXN-04297,CUST-9580,24308.4,network_error,12,2,142848.52,2,90,373,upi,0.298,1
TXN-04298,CUST-9942,46788.23,network_error,10,2,52081.49,4,100,573,card,0.54,1
TXN-04299,CUST-3246,40464.68,expired_card,7,2,62959.4,0,95,153,upi,0.252,0
TXN-04300,CUST-7482,11083.37,network_error,6,0,192391.1,3,47,516,netbanking,0.286,0
TXN-04301,CUST-8048,44319.58,temporary_bank_decline,7,4,174536.18,0,7,488,card,0.26,0
TXN-04302,CUST-8157,26481.45,temporary_bank_decline,8,1,32318.49,2,87,492,upi,0.306,1
TXN-04303,CUST-4007,47745.28,temporary_bank_decline,13,4,149156.73,3,168,163,card,0.655,0
TXN-04304,CUST-8318,17026.66,insufficient_balance,9,0,68951.63,3,129,552,card,0.297,0
TXN-04305,CUST-3241,12371.98,insufficient_balance,9,1,184057.77,3,26,63,card,0.298,0
TXN-04306,CUST-2099,15943.13,authentication_failure,7,3,183817.01,1,160,186,card,0.336,1
TXN-04307,CUST-2784,5489.73,network_error,9,2,168694.38,1,26,38,netbanking,0.147,0
TXN-04308,CUST-4556,37237.96,temporary_bank_decline,8,0,61767.13,3,23,492,upi,0.408,0
TXN-04309,CUST-9303,37307.82,temporary_bank_decline,4,1,20718.5,2,19,265,upi,0.337,1
TXN-04310,CUST-4275,358.8,expired_card,14,2,92257.2,0,74,175,upi,0.027,1
TXN-04311,CUST-4498,34500.03,network_error,11,4,72719.44,2,161,509,upi,0.535,1
TXN-04312,CUST-9569,48685.27,network_error,10,2,43553.15,1,164,282,upi,0.497,0
TXN-04313,CUST-9782,15880.2,temporary_bank_decline,8,2,158665.72,3,100,592,card,0.242,1
TXN-04314,CUST-2823,19723.68,temporary_bank_decline,12,2,1155.77,1,94,45,card,0.239,0
TXN-04315,CUST-5913,30056.47,expired_card,4,0,73555.65,4,124,140,netbanking,0.415,0
TXN-04316,CUST-6535,40520.98,network_error,10,2,113031.4,0,18,213,upi,0.276,1
TXN-04317,CUST-7562,19276.28,insufficient_balance,7,1,30972.69,0,23,597,upi,0.128,1
TXN-04318,CUST-2309,11964.04,authentication_failure,11,1,132260.58,2,63,523,upi,0.18,1
TXN-04319,CUST-3337,38994.4,temporary_bank_decline,15,4,10023.94,2,58,373,wallet,0.433,1
TXN-04320,CUST-5826,2984.03,expired_card,8,0,141628.72,2,17,127,upi,0.147,0
TXN-04321,CUST-7018,7331.28,expired_card,3,5,31013.56,0,80,486,wallet,0.249,0
TXN-04322,CUST-3850,45870.57,insufficient_balance,10,2,13854.44,1,79,258,upi,0.385,1
TXN-04323,CUST-7624,41557.8,temporary_bank_decline,7,1,37181.03,4,134,529,netbanking,0.571,1
TXN-04324,CUST-5359,25652.29,insufficient_balance,6,0,30761.94,4,3,310,netbanking,0.348,1
TXN-04325,CUST-2417,9712.16,network_error,8,0,108191.72,2,3,324,netbanking,0.108,1
TXN-04326,CUST-6946,47686.63,temporary_bank_decline,5,1,120889.58,0,43,558,upi,0.235,1
TXN-04327,CUST-4979,13207.7,authentication_failure,7,1,157096.9,1,103,402,upi,0.2,0
TXN-04328,CUST-2821,47960.0,insufficient_balance,14,0,31975.75,1,171,269,wallet,0.396,1
TXN-04329,CUST-1596,10669.22,authentication_failure,5,1,1981.63,2,9,17,card,0.118,1
TXN-04330,CUST-9591,14896.69,network_error,9,1,51673.36,3,55,136,upi,0.35,0
TXN-04331,CUST-8531,43072.49,insufficient_balance,5,0,194322.0,2,94,329,upi,0.379,0
TXN-04332,CUST-6547,42667.37,insufficient_balance,10,2,85950.24,3,77,528,upi,0.417,0
TXN-04333,CUST-1625,32351.61,network_error,7,0,108794.85,1,25,39,upi,0.266,0
TXN-04334,CUST-4769,38838.47,expired_card,11,2,36334.19,2,157,569,card,0.406,0
TXN-04335,CUST-8126,23338.88,temporary_bank_decline,8,1,35547.88,1,135,310,card,0.252,1
TXN-04336,CUST-2675,42355.77,insufficient_balance,6,1,99214.44,2,96,152,upi,0.262,0
TXN-04337,CUST-8215,5013.9,temporary_bank_decline,9,2,38843.15,0,6,467,card,0.158,1
TXN-04338,CUST-7544,10509.55,network_error,9,0,157371.24,2,80,24,upi,0.227,0
TXN-04339,CUST-9707,13107.74,insufficient_balance,7,0,46070.95,3,29,584,upi,0.236,0
TXN-04340,CUST-9109,36586.49,authentication_failure,12,2,137774.36,4,37,588,upi,0.415,0
TXN-04341,CUST-5305,37688.72,temporary_bank_decline,8,0,19811.81,2,156,531,card,0.341,0
TXN-04342,CUST-7427,13096.62,network_error,4,0,46132.32,4,41,258,upi,0.255,1
TXN-04343,CUST-3845,40874.29,temporary_bank_decline,12,1,102735.54,0,139,167,card,0.439,1
TXN-04344,CUST-7447,45125.42,network_error,9,0,79046.55,0,75,55,card,0.295,0
TXN-04345,CUST-5738,5075.91,network_error,8,0,21943.36,0,166,123,netbanking,0.118,1
TXN-04346,CUST-3219,17011.62,insufficient_balance,8,0,77145.39,2,113,82,netbanking,0.16,0
TXN-04347,CUST-2436,11436.36,authentication_failure,9,2,138705.26,0,87,310,card,0.168,1
TXN-04348,CUST-6526,13625.45,insufficient_balance,10,3,47556.68,3,21,40,netbanking,0.356,0
TXN-04349,CUST-6235,26006.92,expired_card,5,1,21912.21,2,144,207,upi,0.366,0
TXN-04350,CUST-7373,14600.6,expired_card,9,0,121960.85,3,76,345,card,0.324,1
TXN-04351,CUST-5810,47220.23,insufficient_balance,17,1,192705.01,4,110,437,upi,0.54,0
TXN-04352,CUST-3345,35884.62,temporary_bank_decline,7,1,97496.54,1,11,52,upi,0.161,1
TXN-04353,CUST-8468,36342.4,insufficient_balance,12,3,13662.16,0,110,227,upi,0.294,0
TXN-04354,CUST-5484,42486.09,temporary_bank_decline,3,1,15571.26,1,153,541,card,0.377,0
TXN-04355,CUST-9391,38071.05,insufficient_balance,7,1,152922.97,2,115,21,wallet,0.315,1
TXN-04356,CUST-8549,561.86,expired_card,10,0,138171.41,0,24,255,card,0.038,0
TXN-04357,CUST-8747,38165.02,network_error,8,0,126093.65,3,124,383,card,0.396,1
TXN-04358,CUST-3701,3200.24,network_error,8,4,160608.5,2,100,511,upi,0.319,0
TXN-04359,CUST-5493,5466.99,authentication_failure,9,4,127245.93,1,69,113,card,0.241,0
TXN-04360,CUST-4758,43940.16,temporary_bank_decline,8,0,54789.44,2,126,23,card,0.398,1
TXN-04361,CUST-8852,27576.46,insufficient_balance,8,1,133281.41,3,49,35,card,0.372,0
TXN-04362,CUST-7075,36543.86,network_error,5,1,193419.8,0,79,265,card,0.341,0
TXN-04363,CUST-8726,48703.96,authentication_failure,4,1,123143.09,1,31,295,card,0.269,1
TXN-04364,CUST-5434,21553.43,insufficient_balance,7,1,168070.27,2,66,189,upi,0.203,0
TXN-04365,CUST-6142,39060.19,expired_card,10,0,135757.93,3,75,215,card,0.456,0
TXN-04366,CUST-2765,27914.47,insufficient_balance,9,2,114498.04,4,122,149,card,0.434,1
TXN-04367,CUST-7665,13223.99,temporary_bank_decline,8,4,161547.55,2,64,188,upi,0.256,1
TXN-04368,CUST-9955,48682.38,expired_card,5,1,188374.29,2,83,442,netbanking,0.438,0
TXN-04369,CUST-9995,8820.17,temporary_bank_decline,13,1,177337.47,4,100,306,upi,0.343,1
TXN-04370,CUST-1343,42781.55,expired_card,4,2,25362.53,4,70,468,upi,0.442,0
TXN-04371,CUST-5018,16784.59,temporary_bank_decline,6,0,67685.84,4,69,440,upi,0.269,1
TXN-04372,CUST-7135,34742.07,temporary_bank_decline,14,0,34798.04,4,1,236,wallet,0.387,0
TXN-04373,CUST-1885,30609.69,authentication_failure,7,1,97950.97,0,138,160,upi,0.262,1
TXN-04374,CUST-7275,48281.7,temporary_bank_decline,5,1,30770.19,3,2,464,card,0.308,1
TXN-04375,CUST-1074,20189.63,temporary_bank_decline,8,0,102976.21,4,106,462,upi,0.369,1
TXN-04376,CUST-7404,22199.87,network_error,12,1,8070.38,2,89,194,upi,0.297,0
TXN-04377,CUST-8769,7278.91,insufficient_balance,8,1,83209.34,0,14,209,upi,0.1,1
TXN-04378,CUST-6879,23773.91,insufficient_balance,11,2,163228.94,1,157,324,upi,0.384,1
TXN-04379,CUST-8051,28162.42,authentication_failure,5,0,192164.35,3,2,102,card,0.253,0
TXN-04380,CUST-6139,42013.03,network_error,9,2,47813.98,4,62,23,netbanking,0.554,0
TXN-04381,CUST-3250,2552.14,temporary_bank_decline,4,2,27860.18,4,155,597,card,0.364,1
TXN-04382,CUST-5784,27522.2,network_error,7,1,94203.27,2,33,561,card,0.246,0
TXN-04383,CUST-5751,39843.24,temporary_bank_decline,5,1,12548.75,2,176,199,upi,0.467,0
TXN-04384,CUST-7682,23135.23,authentication_failure,8,1,81894.99,3,57,39,upi,0.324,0
TXN-04385,CUST-9630,47381.89,temporary_bank_decline,7,1,117838.93,3,103,360,upi,0.414,0
TXN-04386,CUST-5459,33028.51,expired_card,10,2,109751.78,4,10,375,upi,0.437,0
TXN-04387,CUST-7834,34611.83,insufficient_balance,10,3,173682.08,0,140,438,upi,0.36,0
TXN-04388,CUST-9751,49187.13,expired_card,8,1,86079.44,4,99,279,card,0.59,0
TXN-04389,CUST-7568,5282.26,expired_card,9,3,49920.05,1,85,17,card,0.33,1
TXN-04390,CUST-9377,297.58,network_error,5,2,56237.24,2,72,567,upi,0.249,0
TXN-04391,CUST-9113,46472.09,expired_card,3,0,169640.19,2,39,369,card,0.241,0
TXN-04392,CUST-6217,34903.94,temporary_bank_decline,4,3,146501.25,1,60,347,card,0.338,1
TXN-04393,CUST-4677,42503.81,authentication_failure,15,0,69636.09,0,88,93,wallet,0.215,0
TXN-04394,CUST-3644,5830.19,temporary_bank_decline,5,0,146823.14,2,12,181,card,0.163,0
TXN-04395,CUST-7326,5389.7,network_error,14,1,62668.09,2,60,311,card,0.254,1
TXN-04396,CUST-2581,47825.28,temporary_bank_decline,11,3,87909.86,1,172,599,card,0.53,0
TXN-04397,CUST-4556,6215.12,temporary_bank_decline,10,0,134953.55,4,20,213,upi,0.221,0
TXN-04398,CUST-6709,35013.73,insufficient_balance,6,0,162801.42,1,80,484,upi,0.268,0
TXN-04399,CUST-1977,31660.01,authentication_failure,5,1,124299.24,0,23,452,upi,0.222,0
TXN-04400,CUST-2352,48486.24,authentication_failure,7,3,44801.56,0,22,397,card,0.316,0
TXN-04401,CUST-4522,15509.43,insufficient_balance,6,1,62267.09,2,101,38,upi,0.3,1
TXN-04402,CUST-8750,33543.15,expired_card,8,2,132414.26,0,113,138,upi,0.275,0
TXN-04403,CUST-6711,35449.37,insufficient_balance,12,1,57120.51,0,122,35,upi,0.24,0
TXN-04404,CUST-1849,39551.01,expired_card,4,2,145510.39,1,24,533,upi,0.296,0
TXN-04405,CUST-8967,49666.83,temporary_bank_decline,7,2,160006.45,1,137,442,upi,0.445,1
TXN-04406,CUST-8717,35974.34,temporary_bank_decline,6,2,106739.14,0,59,393,card,0.237,0
TXN-04407,CUST-5295,23330.55,temporary_bank_decline,15,0,78772.46,4,126,333,card,0.443,0
TXN-04408,CUST-5146,43149.84,temporary_bank_decline,11,2,15632.99,4,86,245,card,0.601,0
TXN-04409,CUST-4634,9673.59,temporary_bank_decline,6,1,86590.63,0,37,453,card,0.031,1
TXN-04410,CUST-9879,41908.28,temporary_bank_decline,8,1,180103.63,2,1,435,card,0.328,1
TXN-04411,CUST-1558,2013.97,authentication_failure,7,3,136372.92,1,104,462,card,0.236,1
TXN-04412,CUST-1720,43209.89,network_error,9,1,115781.06,1,42,473,upi,0.386,0
TXN-04413,CUST-1853,11992.97,expired_card,9,2,162577.27,4,7,317,netbanking,0.261,1
TXN-04414,CUST-7861,4806.26,expired_card,5,1,73945.03,3,162,524,wallet,0.304,0
TXN-04415,CUST-5366,7681.35,expired_card,4,0,110844.87,3,128,310,upi,0.201,0
TXN-04416,CUST-1056,27649.07,temporary_bank_decline,12,0,29624.06,4,58,102,card,0.361,1
TXN-04417,CUST-6715,37561.33,expired_card,8,3,186265.1,4,28,408,card,0.406,0
TXN-04418,CUST-6930,13112.42,network_error,12,0,127738.27,0,49,409,upi,0.036,0
TXN-04419,CUST-2255,46071.19,temporary_bank_decline,6,0,126523.01,3,96,159,upi,0.369,0
TXN-04420,CUST-6404,34570.15,temporary_bank_decline,6,3,26366.41,2,18,525,wallet,0.358,0
TXN-04421,CUST-3636,47368.55,temporary_bank_decline,10,0,120149.09,2,74,202,netbanking,0.298,1
TXN-04422,CUST-1191,18407.8,temporary_bank_decline,11,2,114724.63,0,100,147,upi,0.248,1
TXN-04423,CUST-4218,20952.28,temporary_bank_decline,13,2,38139.18,2,170,325,card,0.341,1
TXN-04424,CUST-5672,40666.19,insufficient_balance,11,2,63532.07,0,140,584,upi,0.329,1
TXN-04425,CUST-8934,29593.99,temporary_bank_decline,13,1,144079.92,0,24,427,upi,0.156,0
TXN-04426,CUST-8891,47777.31,insufficient_balance,8,0,85821.62,3,40,15,card,0.403,0
TXN-04427,CUST-6743,11224.48,authentication_failure,10,2,112080.03,0,42,460,wallet,0.041,1
TXN-04428,CUST-8046,3781.24,network_error,4,0,82534.39,3,120,146,upi,0.302,1
TXN-04429,CUST-2902,31416.58,temporary_bank_decline,4,1,141721.41,2,46,112,upi,0.2,0
TXN-04430,CUST-9866,13968.34,temporary_bank_decline,8,2,72880.51,2,130,305,upi,0.279,1
TXN-04431,CUST-4767,15737.71,insufficient_balance,6,0,193082.95,2,105,178,upi,0.227,0
TXN-04432,CUST-6442,45178.74,authentication_failure,14,0,71544.97,2,122,191,upi,0.397,1
TXN-04433,CUST-7325,30669.24,temporary_bank_decline,3,2,123166.1,0,29,551,wallet,0.244,1
TXN-04434,CUST-1500,38928.76,insufficient_balance,9,1,27733.94,4,7,288,upi,0.437,0
TXN-04435,CUST-7030,30299.51,expired_card,10,1,8978.26,1,32,329,upi,0.189,0
TXN-04436,CUST-6500,4345.82,temporary_bank_decline,8,3,43245.71,2,144,100,upi,0.31,1
TXN-04437,CUST-9652,9820.86,expired_card,13,1,149891.42,3,17,383,upi,0.202,0
TXN-04438,CUST-1229,46518.07,temporary_bank_decline,12,0,132663.86,1,46,472,upi,0.291,1
TXN-04439,CUST-5195,39323.18,authentication_failure,7,3,106546.21,3,137,229,upi,0.535,0
TXN-04440,CUST-6752,47194.57,insufficient_balance,9,1,110533.76,4,127,220,upi,0.561,0
TXN-04441,CUST-4405,14137.08,expired_card,6,2,33142.92,3,31,127,wallet,0.323,1
TXN-04442,CUST-2808,28825.61,network_error,10,1,53579.17,3,85,326,netbanking,0.446,0
TXN-04443,CUST-8690,12908.84,temporary_bank_decline,5,2,115271.56,4,121,19,upi,0.398,0
TXN-04444,CUST-3166,4235.9,insufficient_balance,7,2,5329.52,0,120,375,wallet,0.046,0
TXN-04445,CUST-2835,21436.38,expired_card,6,1,114880.25,4,67,214,card,0.327,1
TXN-04446,CUST-7395,45005.39,insufficient_balance,5,4,38895.88,4,79,379,netbanking,0.528,0
TXN-04447,CUST-6498,20800.3,network_error,12,0,119831.68,1,13,285,card,0.113,1
TXN-04448,CUST-8551,28323.53,network_error,6,1,42097.96,4,29,352,card,0.455,0
TXN-04449,CUST-7105,37760.81,network_error,10,1,107604.37,3,24,8,card,0.419,0
TXN-04450,CUST-9446,16514.18,authentication_failure,11,3,153263.25,2,136,477,upi,0.332,0
TXN-04451,CUST-3860,41616.17,expired_card,9,0,121285.88,3,156,412,card,0.484,1
TXN-04452,CUST-7367,3809.16,expired_card,8,2,159111.44,2,114,568,upi,0.261,0
TXN-04453,CUST-7046,11818.21,temporary_bank_decline,9,1,46067.42,4,31,274,wallet,0.291,0
TXN-04454,CUST-5241,11460.5,authentication_failure,10,2,83296.83,2,28,220,upi,0.195,0
TXN-04455,CUST-1707,287.82,expired_card,5,1,36455.51,2,138,403,card,0.302,0
TXN-04456,CUST-5672,17330.25,temporary_bank_decline,10,2,79169.75,3,22,69,netbanking,0.353,0
TXN-04457,CUST-7092,30705.02,authentication_failure,8,0,67631.89,1,125,86,netbanking,0.257,0
TXN-04458,CUST-2174,3988.65,network_error,9,0,129789.9,0,64,296,wallet,0.11,0
TXN-04459,CUST-2290,8005.32,temporary_bank_decline,6,2,125093.87,4,93,312,card,0.389,0
TXN-04460,CUST-5604,39627.8,temporary_bank_decline,10,2,5564.3,0,44,564,upi,0.211,0
TXN-04461,CUST-9041,5603.58,insufficient_balance,6,1,183990.94,1,4,543,wallet,0.043,0
TXN-04462,CUST-2611,22085.23,expired_card,17,1,85864.77,0,24,67,upi,0.159,0
TXN-04463,CUST-1874,25072.47,expired_card,11,1,88777.21,3,115,508,upi,0.33,0
TXN-04464,CUST-2430,44990.12,expired_card,5,4,19015.93,2,115,599,upi,0.388,0
TXN-04465,CUST-6781,37302.45,temporary_bank_decline,8,1,195128.73,1,122,214,card,0.317,1
TXN-04466,CUST-3497,37217.25,authentication_failure,10,2,61363.08,4,18,584,upi,0.45,0
TXN-04467,CUST-5524,39376.38,expired_card,4,2,139100.1,0,34,228,card,0.229,1
TXN-04468,CUST-8555,36262.18,insufficient_balance,5,0,133839.61,3,68,344,wallet,0.422,1
TXN-04469,CUST-1777,11577.85,temporary_bank_decline,14,0,130863.7,1,20,503,upi,0.007,1
TXN-04470,CUST-2359,39518.91,expired_card,6,2,183224.63,3,129,91,card,0.456,0
TXN-04471,CUST-1878,47571.45,expired_card,7,2,31056.31,0,135,394,upi,0.206,0
TXN-04472,CUST-1093,3735.29,authentication_failure,11,4,96181.12,4,155,147,card,0.338,1
TXN-04473,CUST-9879,31104.76,temporary_bank_decline,6,0,186773.03,4,113,83,card,0.392,1
TXN-04474,CUST-9779,34334.11,expired_card,7,0,132195.83,4,108,452,upi,0.486,0
TXN-04475,CUST-7796,31912.18,network_error,8,2,131235.59,4,81,458,upi,0.468,0
TXN-04476,CUST-4738,32425.64,authentication_failure,7,2,106499.51,2,9,380,upi,0.405,1
TXN-04477,CUST-3769,31147.05,temporary_bank_decline,14,2,159293.29,4,85,256,netbanking,0.369,0
TXN-04478,CUST-4258,43526.46,temporary_bank_decline,9,2,22877.33,1,176,324,wallet,0.466,0
TXN-04479,CUST-3150,43375.04,temporary_bank_decline,9,1,8714.44,4,56,159,card,0.456,0
TXN-04480,CUST-6369,27676.27,authentication_failure,5,2,125554.79,0,160,415,upi,0.278,0
TXN-04481,CUST-5760,16415.71,temporary_bank_decline,9,2,29720.66,3,107,246,upi,0.316,1
TXN-04482,CUST-6883,29076.04,temporary_bank_decline,5,1,154727.4,0,41,40,upi,0.22,1
TXN-04483,CUST-9769,15812.61,temporary_bank_decline,10,2,41148.47,0,142,188,upi,0.264,1
TXN-04484,CUST-5455,30879.65,network_error,8,0,141237.93,3,136,598,upi,0.356,0
TXN-04485,CUST-9536,6883.75,temporary_bank_decline,12,0,66131.77,4,20,259,card,0.186,0
TXN-04486,CUST-4372,45029.91,network_error,8,0,66996.68,0,139,335,upi,0.352,1
TXN-04487,CUST-6898,19887.67,network_error,13,2,32950.04,3,113,418,upi,0.447,0
TXN-04488,CUST-8461,8778.36,network_error,8,0,36732.6,0,135,45,card,0.238,1
TXN-04489,CUST-8296,18060.94,network_error,9,1,159958.33,1,85,327,card,0.205,1
TXN-04490,CUST-7538,39207.57,expired_card,7,1,88506.5,1,18,181,upi,0.212,1
TXN-04491,CUST-2951,5478.02,authentication_failure,7,1,61452.49,0,65,204,card,0.045,0
TXN-04492,CUST-9070,41372.4,network_error,8,1,19662.38,1,33,447,netbanking,0.297,1
TXN-04493,CUST-1640,19973.99,insufficient_balance,14,3,138913.98,0,164,56,card,0.292,0
TXN-04494,CUST-9117,27504.31,temporary_bank_decline,6,3,150487.4,2,109,185,upi,0.456,0
TXN-04495,CUST-8430,8349.93,network_error,7,3,149346.6,3,13,45,wallet,0.254,0
TXN-04496,CUST-2290,34216.99,temporary_bank_decline,6,1,79551.47,4,173,111,upi,0.487,0
TXN-04497,CUST-4812,40857.91,authentication_failure,6,2,26654.79,0,90,566,card,0.268,1
TXN-04498,CUST-7083,44005.25,temporary_bank_decline,7,0,113983.89,2,100,98,upi,0.332,0
TXN-04499,CUST-5377,38571.62,insufficient_balance,6,1,86634.98,3,115,478,netbanking,0.469,0
TXN-04500,CUST-1066,24952.88,temporary_bank_decline,7,2,103765.65,0,77,20,upi,0.252,0
TXN-04501,CUST-9435,18670.71,temporary_bank_decline,7,1,134035.9,3,77,519,upi,0.268,1
TXN-04502,CUST-1925,13982.61,network_error,7,0,191200.94,0,99,261,netbanking,0.088,1
TXN-04503,CUST-3560,5969.88,authentication_failure,10,3,12305.2,2,110,243,card,0.187,1
TXN-04504,CUST-2310,1105.99,authentication_failure,9,1,124526.87,2,56,318,wallet,0.197,0
TXN-04505,CUST-6569,47290.64,expired_card,7,0,151277.63,2,145,503,card,0.319,0
TXN-04506,CUST-3477,14369.25,expired_card,6,1,59591.71,1,40,277,wallet,0.178,0
TXN-04507,CUST-2906,11149.28,network_error,9,0,44565.83,0,75,315,card,0.119,1
TXN-04508,CUST-9478,38466.21,authentication_failure,5,2,47425.03,4,175,494,upi,0.571,0
TXN-04509,CUST-2638,47495.04,temporary_bank_decline,4,1,113194.09,1,140,58,netbanking,0.287,0
TXN-04510,CUST-3700,15112.2,network_error,5,0,93428.93,2,94,377,upi,0.322,0
TXN-04511,CUST-5769,4647.35,temporary_bank_decline,8,3,3352.88,3,6,140,upi,0.164,0
TXN-04512,CUST-5746,42301.15,network_error,9,1,32619.31,2,179,303,card,0.495,1
TXN-04513,CUST-5012,27630.56,temporary_bank_decline,8,1,40647.02,4,12,135,card,0.303,0
TXN-04514,CUST-8915,23550.57,temporary_bank_decline,9,1,91260.8,4,114,282,netbanking,0.431,0
TXN-04515,CUST-5926,22834.4,temporary_bank_decline,6,1,144192.79,4,55,343,netbanking,0.321,1
TXN-04516,CUST-4733,2961.42,expired_card,10,0,17156.15,0,163,491,card,0.178,1
TXN-04517,CUST-8190,14105.98,network_error,8,1,150372.88,1,59,227,netbanking,0.164,0
TXN-04518,CUST-6523,18441.75,network_error,10,2,130048.97,1,76,597,upi,0.276,1
TXN-04519,CUST-7362,22999.58,insufficient_balance,7,2,44284.43,2,159,496,card,0.394,1
TXN-04520,CUST-5164,26451.09,insufficient_balance,5,2,146213.72,3,57,92,upi,0.355,0
TXN-04521,CUST-8390,36356.39,temporary_bank_decline,12,0,53395.24,0,143,55,card,0.338,0
TXN-04522,CUST-2878,20214.34,insufficient_balance,10,1,122499.63,3,47,275,card,0.309,1
TXN-04523,CUST-8182,31825.08,temporary_bank_decline,6,3,76506.5,3,97,177,upi,0.388,1
TXN-04524,CUST-9649,11571.32,temporary_bank_decline,5,5,120695.24,2,83,435,upi,0.407,0
TXN-04525,CUST-7021,29976.05,network_error,7,0,155023.69,4,91,72,upi,0.347,1
TXN-04526,CUST-1142,23523.21,temporary_bank_decline,10,0,176658.54,2,126,54,card,0.298,1
TXN-04527,CUST-2996,39787.9,temporary_bank_decline,4,0,177603.24,0,55,483,wallet,0.303,1
TXN-04528,CUST-2048,42294.63,insufficient_balance,6,1,165425.37,3,15,543,upi,0.423,0
TXN-04529,CUST-1312,16517.49,insufficient_balance,4,1,86006.02,3,69,555,card,0.232,1
TXN-04530,CUST-6965,22905.11,network_error,5,1,86796.77,2,74,557,card,0.228,1
TXN-04531,CUST-5526,14392.46,expired_card,10,1,180827.11,4,67,430,netbanking,0.355,0
TXN-04532,CUST-9550,13071.79,network_error,3,0,176158.7,2,13,413,upi,0.097,0
TXN-04533,CUST-1680,10029.38,insufficient_balance,9,2,82837.62,4,176,500,upi,0.524,1
TXN-04534,CUST-2428,5035.51,temporary_bank_decline,10,0,23574.6,4,91,174,card,0.216,0
TXN-04535,CUST-3875,703.8,authentication_failure,6,4,94811.49,0,16,542,card,0.214,1
TXN-04536,CUST-3186,12003.2,network_error,5,2,4468.13,3,91,112,card,0.361,1
TXN-04537,CUST-6184,42926.72,authentication_failure,6,0,188862.36,1,115,331,wallet,0.408,0
TXN-04538,CUST-6157,16110.68,temporary_bank_decline,11,1,118209.47,0,155,166,upi,0.253,0
TXN-04539,CUST-4671,25034.54,expired_card,8,3,114292.59,0,84,233,upi,0.243,1
TXN-04540,CUST-8474,30784.24,expired_card,2,0,166325.84,1,121,337,card,0.286,0
TXN-04541,CUST-4185,10256.46,network_error,6,0,27872.96,4,117,386,upi,0.394,0
TXN-04542,CUST-3503,14440.12,expired_card,8,0,71776.2,2,46,110,card,0.217,0
TXN-04543,CUST-8241,25955.48,temporary_bank_decline,3,2,129574.59,1,103,8,netbanking,0.252,1
TXN-04544,CUST-5764,37922.62,temporary_bank_decline,6,1,122493.18,3,100,31,card,0.411,0
TXN-04545,CUST-1887,3612.59,temporary_bank_decline,11,2,7306.22,2,109,493,netbanking,0.291,1
TXN-04546,CUST-8747,40266.58,temporary_bank_decline,6,4,77273.79,3,13,138,netbanking,0.451,1
TXN-04547,CUST-8894,14626.26,authentication_failure,9,3,12213.91,3,99,45,card,0.362,0
TXN-04548,CUST-6847,40095.2,network_error,3,2,129310.48,1,82,199,upi,0.219,0
TXN-04549,CUST-9207,49032.61,temporary_bank_decline,10,2,5356.78,2,57,299,card,0.416,1
TXN-04550,CUST-8975,8226.45,insufficient_balance,9,1,173214.55,1,50,582,upi,0.185,0
TXN-04551,CUST-9307,35691.48,authentication_failure,9,0,37203.9,2,174,29,card,0.404,1
TXN-04552,CUST-7613,13817.98,temporary_bank_decline,7,1,18484.55,1,112,291,upi,0.253,1
TXN-04553,CUST-8793,34665.55,temporary_bank_decline,9,4,76343.96,4,38,354,upi,0.405,1
TXN-04554,CUST-8732,49544.98,authentication_failure,5,0,63830.1,4,78,560,wallet,0.443,0
TXN-04555,CUST-9680,40546.25,network_error,10,0,66084.97,4,99,349,upi,0.363,1
TXN-04556,CUST-7124,7759.24,authentication_failure,10,1,71122.29,3,69,190,card,0.292,1
TXN-04557,CUST-7514,36046.82,expired_card,7,0,46752.19,0,89,367,card,0.138,0
TXN-04558,CUST-9749,2788.45,insufficient_balance,12,1,39887.16,4,161,120,upi,0.377,0
TXN-04559,CUST-8394,28135.34,temporary_bank_decline,7,0,180562.15,4,97,39,upi,0.435,0
TXN-04560,CUST-8660,39125.91,insufficient_balance,7,1,64396.99,1,16,252,netbanking,0.256,0
TXN-04561,CUST-3799,38787.19,insufficient_balance,5,0,48931.35,4,139,424,upi,0.406,0
TXN-04562,CUST-5426,23814.41,temporary_bank_decline,6,0,18013.01,2,140,84,wallet,0.366,0
TXN-04563,CUST-6953,12319.62,temporary_bank_decline,11,3,122190.49,4,179,19,card,0.547,1
TXN-04564,CUST-6724,703.71,network_error,11,3,74886.84,4,5,280,upi,0.283,0
TXN-04565,CUST-1951,39861.41,insufficient_balance,7,1,53460.43,4,49,300,netbanking,0.461,0
TXN-04566,CUST-9255,16527.81,insufficient_balance,3,1,181658.62,2,162,204,upi,0.322,0
TXN-04567,CUST-4323,13667.48,temporary_bank_decline,8,2,5386.47,3,70,165,upi,0.307,1
TXN-04568,CUST-2048,2636.94,authentication_failure,14,1,171091.47,1,25,76,card,0.226,1
TXN-04569,CUST-1886,28089.29,authentication_failure,8,0,73641.71,3,48,61,card,0.328,0
TXN-04570,CUST-8875,48447.71,expired_card,5,1,47211.83,1,33,303,upi,0.311,0
TXN-04571,CUST-7489,3684.6,network_error,7,0,2253.25,1,102,595,card,0.173,0
TXN-04572,CUST-8570,13376.44,expired_card,5,1,61710.28,4,27,459,netbanking,0.344,0
TXN-04573,CUST-6457,23214.95,temporary_bank_decline,5,1,77819.15,2,35,564,upi,0.273,0
TXN-04574,CUST-3009,9898.1,authentication_failure,3,1,38900.8,1,9,472,card,0.072,1
TXN-04575,CUST-1537,24880.3,temporary_bank_decline,12,0,72777.74,2,38,123,upi,0.191,1
TXN-04576,CUST-4030,47256.59,authentication_failure,10,0,109542.68,4,6,20,netbanking,0.422,0
TXN-04577,CUST-2588,47766.41,network_error,9,3,113199.13,4,147,114,upi,0.619,1
TXN-04578,CUST-4798,12523.84,temporary_bank_decline,11,4,9264.79,1,71,267,wallet,0.377,1
TXN-04579,CUST-8152,12461.73,insufficient_balance,8,4,184664.77,1,55,6,card,0.235,1
TXN-04580,CUST-2085,13663.76,authentication_failure,4,0,48319.35,3,60,80,upi,0.22,0
TXN-04581,CUST-2967,43310.77,insufficient_balance,5,4,40716.29,1,123,510,card,0.444,0
TXN-04582,CUST-4002,48640.88,temporary_bank_decline,10,3,62477.3,1,96,121,upi,0.357,1
TXN-04583,CUST-3589,28799.32,authentication_failure,3,0,70895.51,2,150,92,card,0.458,0
TXN-04584,CUST-2974,33898.65,temporary_bank_decline,7,3,144129.7,2,72,482,netbanking,0.434,0
TXN-04585,CUST-9688,16074.83,temporary_bank_decline,3,0,129219.14,4,132,590,netbanking,0.36,0
TXN-04586,CUST-2193,19517.68,temporary_bank_decline,6,2,139015.74,3,130,494,card,0.326,0
TXN-04587,CUST-1058,33967.4,temporary_bank_decline,6,0,113083.49,4,76,85,netbanking,0.512,0
TXN-04588,CUST-3219,15630.19,temporary_bank_decline,8,1,122595.53,1,6,553,upi,0.078,1
TXN-04589,CUST-7371,32333.48,insufficient_balance,8,0,91100.93,3,105,42,upi,0.396,0
TXN-04590,CUST-3054,8200.32,expired_card,5,4,139523.9,1,41,337,upi,0.252,0
TXN-04591,CUST-8286,35271.3,expired_card,11,2,60023.83,2,108,578,upi,0.361,0
TXN-04592,CUST-3752,4785.52,temporary_bank_decline,4,4,177970.47,2,149,587,netbanking,0.348,1
TXN-04593,CUST-5458,20269.53,insufficient_balance,12,1,99348.64,1,23,425,card,0.149,1
TXN-04594,CUST-4804,7961.29,insufficient_balance,8,2,44157.96,2,173,167,card,0.311,1
TXN-04595,CUST-6000,31207.77,insufficient_balance,10,3,182788.31,4,140,457,upi,0.589,0
TXN-04596,CUST-9695,48751.28,network_error,5,1,77980.54,4,137,85,upi,0.563,0
TXN-04597,CUST-6797,48758.48,authentication_failure,11,1,104905.81,1,83,507,card,0.267,1
TXN-04598,CUST-1548,29528.17,insufficient_balance,13,1,126113.73,2,90,277,netbanking,0.319,1
TXN-04599,CUST-3586,39489.54,expired_card,10,1,140485.27,1,93,178,upi,0.304,0
TXN-04600,CUST-9849,43200.54,authentication_failure,2,0,18881.27,4,32,177,wallet,0.318,0
TXN-04601,CUST-7488,7308.67,insufficient_balance,8,2,146560.03,2,107,509,card,0.26,0
TXN-04602,CUST-7034,5231.89,insufficient_balance,7,1,99955.75,0,49,9,wallet,0.07,0
TXN-04603,CUST-8802,4152.67,network_error,10,2,124848.64,2,80,301,netbanking,0.183,1
TXN-04604,CUST-6978,31241.09,temporary_bank_decline,11,0,197809.79,3,104,294,upi,0.329,1
TXN-04605,CUST-2160,33427.61,network_error,7,4,20282.34,0,171,475,upi,0.485,0
TXN-04606,CUST-9142,41727.07,authentication_failure,9,0,29103.29,4,107,272,upi,0.437,1
TXN-04607,CUST-4684,6518.15,temporary_bank_decline,8,0,179287.48,0,85,365,upi,0.162,1
TXN-04608,CUST-9212,1114.75,temporary_bank_decline,7,1,68584.87,0,54,13,card,0.068,0
TXN-04609,CUST-9247,35475.92,insufficient_balance,6,1,62956.44,1,57,506,netbanking,0.294,0
TXN-04610,CUST-5414,3766.36,temporary_bank_decline,9,0,46322.1,0,73,358,upi,0.09,1
TXN-04611,CUST-1750,11727.15,expired_card,6,1,145940.46,4,24,221,card,0.33,0
TXN-04612,CUST-4025,28625.17,expired_card,10,3,130909.52,1,94,146,netbanking,0.421,0
TXN-04613,CUST-5563,5689.21,network_error,4,1,129600.55,2,36,303,upi,0.177,0
TXN-04614,CUST-8738,4281.57,temporary_bank_decline,9,2,38624.53,4,104,535,card,0.315,1
TXN-04615,CUST-5983,32873.68,insufficient_balance,9,3,68627.56,1,88,355,netbanking,0.38,0
TXN-04616,CUST-5320,11294.71,temporary_bank_decline,9,0,12913.91,0,105,117,wallet,0.183,1
TXN-04617,CUST-5678,4181.23,expired_card,12,1,143234.94,4,87,552,upi,0.333,1
TXN-04618,CUST-9976,45714.62,temporary_bank_decline,6,2,90424.05,0,22,174,wallet,0.274,1
TXN-04619,CUST-6230,22272.37,insufficient_balance,14,1,57174.29,2,58,554,upi,0.314,1
TXN-04620,CUST-6917,15842.72,network_error,8,2,13101.54,1,26,204,upi,0.154,1
TXN-04621,CUST-6583,48233.39,authentication_failure,7,0,175196.7,4,87,57,card,0.571,0
TXN-04622,CUST-7189,44280.36,authentication_failure,5,0,184510.44,2,90,587,upi,0.411,0
TXN-04623,CUST-6230,2858.24,insufficient_balance,7,1,135191.96,4,159,259,netbanking,0.437,0
TXN-04624,CUST-8838,30699.57,temporary_bank_decline,7,2,199625.68,2,2,97,upi,0.383,0
TXN-04625,CUST-9213,24381.4,temporary_bank_decline,9,3,18674.72,3,79,435,wallet,0.386,1
TXN-04626,CUST-8797,21129.25,temporary_bank_decline,6,2,120284.57,3,132,515,card,0.445,0
TXN-04627,CUST-5108,34938.45,expired_card,12,3,178416.95,1,95,112,card,0.408,0
TXN-04628,CUST-8685,23449.55,insufficient_balance,14,2,196065.24,0,20,269,card,0.182,0
TXN-04629,CUST-5911,33541.85,temporary_bank_decline,6,0,72148.24,3,45,129,upi,0.22,0
TXN-04630,CUST-9058,19136.14,temporary_bank_decline,6,2,121367.56,2,175,122,netbanking,0.29,1
TXN-04631,CUST-9900,43993.82,expired_card,9,0,164320.54,2,122,320,upi,0.295,0
TXN-04632,CUST-7331,48473.12,authentication_failure,7,0,195982.43,0,81,358,card,0.084,1
TXN-04633,CUST-6438,29328.23,insufficient_balance,3,0,14639.71,3,134,272,netbanking,0.383,0
TXN-04634,CUST-5991,7293.11,insufficient_balance,7,0,44902.99,1,89,7,netbanking,0.093,1
TXN-04635,CUST-6119,1906.02,network_error,8,1,37012.69,0,101,79,card,0.148,0
TXN-04636,CUST-5662,12477.57,temporary_bank_decline,8,1,55277.04,1,66,117,netbanking,0.182,0
TXN-04637,CUST-2563,41115.8,network_error,7,3,34297.9,3,106,82,wallet,0.524,1
TXN-04638,CUST-9118,19190.67,authentication_failure,7,0,70896.3,0,162,566,wallet,0.246,1
TXN-04639,CUST-3364,30030.01,network_error,9,3,52375.05,2,23,332,netbanking,0.3,0
TXN-04640,CUST-3779,29715.48,network_error,15,1,32590.4,2,13,254,upi,0.291,0
TXN-04641,CUST-4214,29528.96,temporary_bank_decline,3,3,178373.57,2,111,223,netbanking,0.425,1
TXN-04642,CUST-9717,310.62,insufficient_balance,9,0,101409.63,2,105,550,wallet,0.299,0
TXN-04643,CUST-3228,32768.53,insufficient_balance,8,6,123951.26,0,67,87,netbanking,0.36,0
TXN-04644,CUST-2642,49013.11,temporary_bank_decline,6,1,176142.52,0,14,88,netbanking,0.251,1
TXN-04645,CUST-1231,26007.18,insufficient_balance,9,0,110454.54,3,151,586,upi,0.418,0
TXN-04646,CUST-1711,40255.89,authentication_failure,8,1,194871.66,1,168,371,upi,0.309,0
TXN-04647,CUST-6139,18975.39,network_error,2,4,160559.72,2,64,194,upi,0.409,0
TXN-04648,CUST-8199,27636.83,insufficient_balance,6,1,136553.1,1,150,56,wallet,0.388,0
TXN-04649,CUST-5869,4146.96,temporary_bank_decline,9,1,179064.23,0,115,416,upi,0.032,1
TXN-04650,CUST-7593,42517.09,expired_card,15,1,119224.14,2,55,41,card,0.465,0
TXN-04651,CUST-5456,44674.97,temporary_bank_decline,14,2,54433.12,2,92,473,upi,0.393,1
TXN-04652,CUST-4130,256.29,insufficient_balance,8,0,1672.22,2,103,579,card,0.205,0
TXN-04653,CUST-5701,43516.15,temporary_bank_decline,4,2,166237.76,2,161,400,card,0.566,0
TXN-04654,CUST-6908,32192.23,temporary_bank_decline,14,1,86979.75,3,164,350,upi,0.426,0
TXN-04655,CUST-9685,28287.61,network_error,8,2,159279.22,0,86,159,wallet,0.211,1
TXN-04656,CUST-8079,37860.05,expired_card,7,1,2881.56,0,168,421,upi,0.257,0
TXN-04657,CUST-1436,24750.45,insufficient_balance,12,3,40161.53,2,21,193,upi,0.393,1
TXN-04658,CUST-9312,14207.33,temporary_bank_decline,5,2,11962.93,4,15,134,upi,0.304,0
TXN-04659,CUST-9594,30445.17,network_error,5,1,138201.66,4,104,123,upi,0.41,1
TXN-04660,CUST-5967,25593.08,expired_card,3,2,158835.76,4,16,344,netbanking,0.443,0
TXN-04661,CUST-1269,39236.01,insufficient_balance,6,3,164017.91,4,70,400,netbanking,0.538,0
TXN-04662,CUST-6539,46182.61,insufficient_balance,6,2,169806.77,0,39,169,upi,0.358,0
TXN-04663,CUST-6441,27187.89,expired_card,11,2,153296.38,0,174,133,upi,0.406,0
TXN-04664,CUST-5533,29669.44,expired_card,10,0,183291.15,3,50,400,netbanking,0.22,1
TXN-04665,CUST-7080,44809.96,temporary_bank_decline,9,0,86693.44,0,138,161,netbanking,0.271,0
TXN-04666,CUST-2974,23816.45,expired_card,10,2,168007.96,3,101,451,card,0.388,0
TXN-04667,CUST-5286,25907.68,insufficient_balance,7,0,110477.84,4,144,497,upi,0.429,1
TXN-04668,CUST-5763,14298.86,temporary_bank_decline,13,2,198862.04,0,153,55,card,0.151,0
TXN-04669,CUST-9022,13600.91,temporary_bank_decline,14,3,71261.16,4,64,372,card,0.373,0
TXN-04670,CUST-2800,24071.45,authentication_failure,12,2,61907.12,4,154,328,card,0.515,0
TXN-04671,CUST-7643,23820.41,temporary_bank_decline,12,0,18485.99,0,28,361,card,0.127,1
TXN-04672,CUST-6296,12310.05,expired_card,10,1,132143.92,4,16,185,upi,0.282,0
TXN-04673,CUST-2184,22030.37,temporary_bank_decline,13,0,168861.76,1,176,48,card,0.335,1
TXN-04674,CUST-3516,8511.61,temporary_bank_decline,6,0,89187.16,2,134,407,netbanking,0.21,0
TXN-04675,CUST-2251,33088.71,insufficient_balance,6,1,137245.55,2,160,79,upi,0.407,0
TXN-04676,CUST-2813,31979.25,temporary_bank_decline,6,0,22161.1,0,62,194,netbanking,0.151,1
TXN-04677,CUST-4485,8269.23,temporary_bank_decline,8,0,118169.0,0,62,557,wallet,0.121,1
TXN-04678,CUST-6951,40185.69,insufficient_balance,6,0,130625.48,3,69,192,upi,0.33,1
TXN-04679,CUST-3344,31827.17,temporary_bank_decline,12,1,137028.9,1,57,594,netbanking,0.204,1
TXN-04680,CUST-3883,19436.12,temporary_bank_decline,6,2,12479.45,1,91,44,upi,0.282,0
TXN-04681,CUST-6701,13218.38,temporary_bank_decline,8,2,75643.29,3,70,261,card,0.396,1
TXN-04682,CUST-3947,626.25,insufficient_balance,9,1,105126.68,1,6,190,card,0.066,1
TXN-04683,CUST-5568,29036.6,expired_card,9,3,169664.5,2,102,11,netbanking,0.402,1
TXN-04684,CUST-5887,18598.13,expired_card,4,1,27563.68,4,6,584,upi,0.337,0
TXN-04685,CUST-2537,46564.95,expired_card,13,3,40012.99,3,140,156,upi,0.592,0
TXN-04686,CUST-6428,21118.64,insufficient_balance,10,4,171310.76,3,170,565,netbanking,0.471,0
TXN-04687,CUST-5332,45120.68,expired_card,6,2,100445.36,0,134,573,upi,0.277,0
TXN-04688,CUST-3321,41977.71,authentication_failure,8,3,64469.41,3,156,525,upi,0.539,0
TXN-04689,CUST-5051,39509.66,temporary_bank_decline,12,2,73226.25,3,173,130,netbanking,0.443,0
TXN-04690,CUST-3934,6871.43,network_error,8,1,129136.35,0,69,240,card,0.099,1
TXN-04691,CUST-3380,3169.44,expired_card,11,2,31916.08,2,170,207,card,0.309,0
TXN-04692,CUST-7119,41368.33,expired_card,10,3,101121.17,1,66,194,upi,0.321,0
TXN-04693,CUST-8004,22254.06,network_error,5,2,61137.11,4,35,529,upi,0.475,0
TXN-04694,CUST-2352,40434.09,temporary_bank_decline,3,0,100733.0,4,18,143,netbanking,0.385,1
TXN-04695,CUST-5291,16236.72,insufficient_balance,5,0,62343.88,4,117,490,card,0.378,1
TXN-04696,CUST-6383,26182.19,temporary_bank_decline,5,0,157155.56,1,77,334,upi,0.314,0
TXN-04697,CUST-5070,31278.54,temporary_bank_decline,9,0,102788.21,3,163,286,netbanking,0.43,1
TXN-04698,CUST-9497,25258.39,expired_card,4,4,61384.84,4,15,92,upi,0.434,0
TXN-04699,CUST-9810,11115.5,insufficient_balance,4,3,190967.93,0,102,327,card,0.22,1
TXN-04700,CUST-3971,11787.36,network_error,6,2,135594.46,1,128,265,netbanking,0.293,0
TXN-04701,CUST-9521,17421.07,insufficient_balance,14,0,52921.24,4,122,319,netbanking,0.314,0
TXN-04702,CUST-6602,3256.41,authentication_failure,9,3,57478.94,4,18,493,card,0.299,0
TXN-04703,CUST-1004,2153.12,temporary_bank_decline,8,5,168976.9,1,108,510,netbanking,0.309,1
TXN-04704,CUST-6378,6510.24,expired_card,9,4,56641.22,1,128,591,netbanking,0.285,0
TXN-04705,CUST-1752,30735.58,insufficient_balance,3,1,195632.33,2,40,81,upi,0.258,0
TXN-04706,CUST-2425,5831.98,expired_card,10,3,67583.37,1,83,422,card,0.27,1
TXN-04707,CUST-3883,43590.74,insufficient_balance,11,1,93423.76,1,79,312,card,0.31,1
TXN-04708,CUST-9889,18866.95,temporary_bank_decline,9,2,32927.79,4,49,460,wallet,0.389,1
TXN-04709,CUST-5877,9582.02,temporary_bank_decline,14,2,158604.29,4,61,8,upi,0.27,0
TXN-04710,CUST-3086,27444.6,expired_card,13,0,183101.06,2,148,587,wallet,0.321,0
TXN-04711,CUST-3992,15942.4,insufficient_balance,6,1,46438.32,1,103,505,netbanking,0.06,0
TXN-04712,CUST-6964,28707.5,insufficient_balance,5,3,163899.45,0,86,60,upi,0.324,1
TXN-04713,CUST-3794,42407.67,insufficient_balance,10,1,134757.41,4,38,582,netbanking,0.495,1
TXN-04714,CUST-5916,25707.22,temporary_bank_decline,9,0,24564.68,2,34,302,card,0.245,1
TXN-04715,CUST-2697,16351.83,temporary_bank_decline,12,0,16357.46,2,116,588,card,0.24,1
TXN-04716,CUST-4563,9670.95,network_error,7,1,140332.9,2,92,134,card,0.213,0
TXN-04717,CUST-8408,8454.04,authentication_failure,3,4,69219.33,1,137,455,netbanking,0.196,1
TXN-04718,CUST-4538,12786.46,authentication_failure,8,2,140394.15,3,10,176,card,0.259,1
TXN-04719,CUST-9648,5656.11,insufficient_balance,10,1,51630.13,4,6,364,card,0.17,1
TXN-04720,CUST-1230,36411.1,expired_card,5,2,175841.71,2,121,227,netbanking,0.446,0
TXN-04721,CUST-5992,21541.46,temporary_bank_decline,9,2,53885.59,3,94,24,wallet,0.345,1
TXN-04722,CUST-7977,39192.32,expired_card,10,2,42064.11,4,2,488,upi,0.366,0
TXN-04723,CUST-7190,8445.84,expired_card,7,3,125213.3,3,46,110,upi,0.367,0
TXN-04724,CUST-2884,35789.97,authentication_failure,9,3,111320.07,0,133,107,card,0.353,1
TXN-04725,CUST-1590,10129.14,temporary_bank_decline,8,2,126246.52,0,84,217,card,0.156,1
TXN-04726,CUST-8986,13185.34,insufficient_balance,6,5,160464.37,3,27,196,upi,0.274,0
TXN-04727,CUST-3486,34457.4,network_error,8,0,121299.86,4,131,132,upi,0.498,1
TXN-04728,CUST-7134,13257.73,authentication_failure,6,2,19782.68,3,96,518,upi,0.37,0
TXN-04729,CUST-6357,7150.31,authentication_failure,10,1,182219.93,2,40,483,card,0.114,1
TXN-04730,CUST-4258,38686.12,expired_card,12,1,96387.63,2,141,586,upi,0.4,0
TXN-04731,CUST-5004,5811.48,expired_card,5,1,123873.47,1,134,410,upi,0.23,0
TXN-04732,CUST-6037,6512.66,authentication_failure,11,3,146462.59,1,68,279,card,0.258,1
TXN-04733,CUST-2904,7297.97,authentication_failure,7,3,96253.35,2,35,208,upi,0.183,1
TXN-04734,CUST-9024,31322.85,expired_card,12,0,86247.07,4,10,342,upi,0.357,1
TXN-04735,CUST-5789,23504.9,network_error,9,0,161729.97,2,20,560,upi,0.288,0
TXN-04736,CUST-5029,25963.73,temporary_bank_decline,12,2,62788.29,2,45,466,upi,0.233,1
TXN-04737,CUST-1297,49349.63,expired_card,6,1,186025.56,4,31,69,upi,0.472,0
TXN-04738,CUST-6764,15201.14,authentication_failure,7,0,166111.03,0,12,156,upi,0.078,1
TXN-04739,CUST-1894,24207.01,network_error,8,4,27966.77,4,76,222,upi,0.459,1
TXN-04740,CUST-3419,19107.62,insufficient_balance,9,2,122018.29,3,163,547,card,0.434,0
TXN-04741,CUST-1127,11806.29,authentication_failure,6,2,168379.72,3,26,120,wallet,0.252,0
TXN-04742,CUST-1552,47332.11,network_error,6,1,64381.82,3,165,306,wallet,0.555,0
TXN-04743,CUST-4004,45835.87,temporary_bank_decline,5,4,112484.7,4,99,287,card,0.613,0
TXN-04744,CUST-2188,30986.32,expired_card,6,3,151483.08,0,171,233,card,0.288,0
TXN-04745,CUST-2026,40324.58,network_error,5,0,154280.8,4,152,24,upi,0.522,0
TXN-04746,CUST-5842,37373.71,temporary_bank_decline,9,3,148262.97,3,164,74,upi,0.586,0
TXN-04747,CUST-2937,22458.37,temporary_bank_decline,6,1,4892.62,3,25,542,card,0.309,0
TXN-04748,CUST-3621,46437.85,insufficient_balance,12,0,171030.3,2,28,522,card,0.192,0
TXN-04749,CUST-4158,21279.39,expired_card,8,1,105678.12,3,144,194,card,0.452,1
TXN-04750,CUST-1835,31023.28,expired_card,4,2,165818.97,4,53,88,card,0.338,0
TXN-04751,CUST-7145,5676.56,insufficient_balance,5,1,108262.77,3,9,101,upi,0.193,1
TXN-04752,CUST-3806,41250.01,temporary_bank_decline,6,0,177540.26,0,92,345,card,0.286,0
TXN-04753,CUST-8847,47100.99,authentication_failure,9,1,114104.38,4,36,517,card,0.367,1
TXN-04754,CUST-8888,41022.91,temporary_bank_decline,4,3,178584.59,4,176,155,upi,0.646,0
TXN-04755,CUST-8099,18426.14,temporary_bank_decline,4,1,92516.59,3,150,81,netbanking,0.328,0
TXN-04756,CUST-9023,29276.57,expired_card,8,0,156080.54,4,148,143,card,0.418,0
TXN-04757,CUST-9306,8196.71,temporary_bank_decline,10,1,151623.67,2,139,128,card,0.319,1
TXN-04758,CUST-9460,45794.4,expired_card,8,1,54180.48,3,126,520,upi,0.463,0
TXN-04759,CUST-9425,33320.02,temporary_bank_decline,9,0,161692.32,3,62,381,netbanking,0.36,0
TXN-04760,CUST-2400,36044.16,insufficient_balance,5,2,149864.24,1,117,75,upi,0.353,0
TXN-04761,CUST-5157,16044.9,authentication_failure,9,1,56391.49,3,122,203,upi,0.306,0
TXN-04762,CUST-3644,46088.95,insufficient_balance,4,1,178116.74,3,90,136,upi,0.467,0
TXN-04763,CUST-5629,36069.03,temporary_bank_decline,5,0,169371.91,0,40,57,upi,0.129,0
TXN-04764,CUST-1619,24955.16,temporary_bank_decline,4,0,6274.96,0,143,197,wallet,0.207,1
TXN-04765,CUST-9922,41659.78,temporary_bank_decline,10,1,181471.96,2,79,213,upi,0.348,0
TXN-04766,CUST-4445,46531.76,authentication_failure,4,2,137199.98,3,88,228,upi,0.394,0
TXN-04767,CUST-2713,19762.22,network_error,8,0,90896.77,4,60,277,card,0.438,1
TXN-04768,CUST-4659,32668.85,temporary_bank_decline,3,0,66990.03,2,157,394,card,0.395,1
TXN-04769,CUST-8870,24816.17,expired_card,5,2,91240.35,3,1,532,upi,0.401,0
TXN-04770,CUST-7889,8417.07,network_error,6,2,31115.23,1,71,398,upi,0.113,0
TXN-04771,CUST-2592,30026.97,temporary_bank_decline,11,2,160236.97,3,67,356,wallet,0.352,1
TXN-04772,CUST-7381,20527.76,expired_card,6,0,149656.36,0,97,347,upi,0.182,0
TXN-04773,CUST-3777,9917.49,expired_card,12,2,131051.36,0,98,132,upi,0.244,0
TXN-04774,CUST-3836,39705.18,network_error,5,2,142447.46,4,20,73,wallet,0.586,0
TXN-04775,CUST-9366,17903.26,temporary_bank_decline,12,2,125270.74,2,116,548,wallet,0.369,1
TXN-04776,CUST-1558,31438.31,temporary_bank_decline,11,0,152640.48,3,117,447,card,0.43,1
TXN-04777,CUST-1988,14385.45,expired_card,7,2,60996.48,1,40,343,card,0.2,0
TXN-04778,CUST-2081,24832.12,temporary_bank_decline,8,1,119656.76,0,81,437,upi,0.15,1
TXN-04779,CUST-8147,4079.88,temporary_bank_decline,7,0,166671.56,3,61,123,upi,0.161,1
TXN-04780,CUST-9800,7376.44,temporary_bank_decline,9,2,140754.89,0,34,403,card,0.171,0
TXN-04781,CUST-6608,14046.19,temporary_bank_decline,6,0,161013.47,2,107,94,upi,0.221,1
TXN-04782,CUST-9269,18346.91,authentication_failure,11,2,165627.36,4,79,595,upi,0.405,0
TXN-04783,CUST-4189,3929.0,insufficient_balance,7,2,175289.84,3,173,80,upi,0.442,0
TXN-04784,CUST-9155,9588.13,insufficient_balance,8,2,139335.0,0,124,303,card,0.183,0
TXN-04785,CUST-7535,48545.43,temporary_bank_decline,10,2,125904.2,0,168,327,wallet,0.333,0
TXN-04786,CUST-8636,42992.67,temporary_bank_decline,4,1,115241.58,4,70,597,netbanking,0.398,0
TXN-04787,CUST-7544,18372.02,expired_card,6,1,130170.29,1,134,180,upi,0.234,0
TXN-04788,CUST-5724,6997.74,temporary_bank_decline,9,1,158842.9,0,119,261,upi,0.102,1
TXN-04789,CUST-8748,32280.8,temporary_bank_decline,5,2,91566.34,3,147,214,upi,0.461,0
TXN-04790,CUST-6311,2678.84,insufficient_balance,7,2,83681.04,2,148,394,upi,0.323,0
TXN-04791,CUST-4731,35574.6,expired_card,14,0,35344.11,1,9,561,card,0.233,1
TXN-04792,CUST-7189,45935.16,network_error,8,6,82789.63,4,143,398,upi,0.672,0
TXN-04793,CUST-9043,37339.58,authentication_failure,5,1,16141.92,3,1,125,upi,0.358,0
TXN-04794,CUST-4022,2988.87,network_error,10,1,162193.96,0,53,316,netbanking,0.206,1
TXN-04795,CUST-3633,29972.97,temporary_bank_decline,5,4,15482.42,4,95,507,upi,0.607,0
TXN-04796,CUST-5733,37158.79,network_error,4,1,145483.43,1,102,26,netbanking,0.369,0
TXN-04797,CUST-3519,3056.27,network_error,9,2,104279.39,2,103,592,upi,0.214,1
TXN-04798,CUST-8156,30522.18,temporary_bank_decline,6,2,164760.93,3,111,405,card,0.403,0
TXN-04799,CUST-8029,43775.81,insufficient_balance,8,0,67341.99,3,24,271,upi,0.414,1
TXN-04800,CUST-1800,11143.51,temporary_bank_decline,5,1,111456.23,0,17,171,upi,0.133,1
TXN-04801,CUST-6520,38903.85,temporary_bank_decline,11,4,163261.09,2,150,345,upi,0.427,0
TXN-04802,CUST-5556,22692.95,temporary_bank_decline,13,1,146629.67,1,77,207,card,0.164,1
TXN-04803,CUST-8620,32484.73,expired_card,4,2,173288.8,4,9,582,wallet,0.386,1
TXN-04804,CUST-9157,3711.96,authentication_failure,13,1,78977.15,3,124,504,netbanking,0.313,1
TXN-04805,CUST-4623,9055.78,authentication_failure,9,1,32789.63,2,95,544,upi,0.216,1
TXN-04806,CUST-8239,28533.7,network_error,7,3,57658.57,1,146,28,upi,0.476,0
TXN-04807,CUST-6032,14382.41,expired_card,9,2,26753.11,2,102,484,card,0.256,0
TXN-04808,CUST-8997,34171.14,temporary_bank_decline,10,2,97453.44,2,146,533,upi,0.371,0
TXN-04809,CUST-2852,42007.89,network_error,10,3,75449.43,1,171,217,upi,0.44,1
TXN-04810,CUST-8813,20564.41,temporary_bank_decline,5,2,155273.5,2,103,258,card,0.356,1
TXN-04811,CUST-3154,24451.73,temporary_bank_decline,11,4,109638.73,2,30,256,upi,0.33,1
TXN-04812,CUST-1228,16380.57,network_error,6,1,121462.72,0,150,210,netbanking,0.167,0
TXN-04813,CUST-6445,43469.88,network_error,10,0,63126.91,0,159,66,card,0.303,0
TXN-04814,CUST-3433,30927.01,expired_card,9,4,100537.88,0,114,32,upi,0.337,1
TXN-04815,CUST-8116,35619.62,expired_card,6,0,29839.74,4,3,565,card,0.386,0
TXN-04816,CUST-6762,48453.44,network_error,10,0,105075.45,3,92,18,card,0.399,0
TXN-04817,CUST-7022,38243.09,authentication_failure,5,2,157043.71,4,59,396,wallet,0.438,0
TXN-04818,CUST-7990,14552.26,temporary_bank_decline,4,0,2800.48,2,84,148,netbanking,0.317,1
TXN-04819,CUST-7502,14479.52,insufficient_balance,11,0,89363.05,0,12,212,card,0.047,0
TXN-04820,CUST-7502,11387.77,authentication_failure,7,2,134207.07,2,98,95,card,0.357,0
TXN-04821,CUST-3291,7237.68,temporary_bank_decline,12,2,80495.53,3,49,158,card,0.335,0
TXN-04822,CUST-1615,26323.53,temporary_bank_decline,9,2,182798.67,0,7,105,upi,0.179,1
TXN-04823,CUST-6407,21003.44,authentication_failure,8,1,159186.88,1,168,187,upi,0.338,1
TXN-04824,CUST-3661,11688.65,insufficient_balance,6,2,100061.61,2,77,53,upi,0.216,0
TXN-04825,CUST-8408,22191.01,expired_card,7,2,64937.43,3,44,459,upi,0.324,0
TXN-04826,CUST-6284,37806.58,expired_card,6,1,68791.61,2,54,141,upi,0.361,0
TXN-04827,CUST-3658,12206.74,authentication_failure,5,2,89490.31,4,10,279,upi,0.285,0
TXN-04828,CUST-1992,49657.95,insufficient_balance,12,2,14297.87,0,3,225,netbanking,0.239,0
TXN-04829,CUST-6551,9082.17,insufficient_balance,8,2,113547.13,1,124,176,card,0.258,0
TXN-04830,CUST-6218,28300.62,expired_card,8,1,155764.79,4,168,374,upi,0.336,0
TXN-04831,CUST-2750,5556.77,network_error,6,3,171347.5,2,5,280,card,0.156,0
TXN-04832,CUST-6699,12205.98,expired_card,5,2,67012.89,3,131,117,upi,0.358,0
TXN-04833,CUST-2337,48035.87,network_error,5,3,141948.96,1,160,296,upi,0.464,1
TXN-04834,CUST-7938,23366.42,insufficient_balance,8,0,112121.0,1,38,458,upi,0.143,1
TXN-04835,CUST-9224,12755.94,authentication_failure,11,5,65141.09,1,157,115,card,0.402,0
TXN-04836,CUST-4028,5229.81,expired_card,8,2,185281.47,1,77,301,netbanking,0.158,1
TXN-04837,CUST-1700,34183.2,insufficient_balance,9,1,160109.97,3,29,241,card,0.42,1
TXN-04838,CUST-2048,38054.32,authentication_failure,6,3,184541.97,2,19,153,card,0.356,0
TXN-04839,CUST-3093,4835.17,temporary_bank_decline,11,1,88178.07,4,135,303,netbanking,0.479,0
TXN-04840,CUST-8738,22798.87,network_error,15,0,135723.63,0,41,191,upi,0.217,1
TXN-04841,CUST-3045,16428.2,insufficient_balance,7,1,62960.29,4,55,413,upi,0.332,0
TXN-04842,CUST-9835,35969.93,insufficient_balance,14,1,68160.43,4,34,65,upi,0.388,0
TXN-04843,CUST-5106,28690.69,authentication_failure,7,0,113452.34,4,136,237,upi,0.363,0
TXN-04844,CUST-5860,27947.14,authentication_failure,7,3,39321.28,2,165,590,card,0.478,0
TXN-04845,CUST-5679,12603.19,insufficient_balance,11,0,71099.88,4,74,160,upi,0.36,0
TXN-04846,CUST-2932,23235.2,temporary_bank_decline,10,3,96590.44,1,57,365,card,0.191,1
TXN-04847,CUST-5331,27482.61,temporary_bank_decline,11,3,82283.86,1,82,488,wallet,0.361,1
TXN-04848,CUST-3365,34550.39,temporary_bank_decline,9,2,153910.27,1,6,561,card,0.311,1
TXN-04849,CUST-2857,32868.01,expired_card,7,4,44871.98,0,158,527,card,0.338,0
TXN-04850,CUST-9502,31442.46,authentication_failure,10,0,92183.16,2,156,561,wallet,0.428,0
TXN-04851,CUST-8789,47572.11,expired_card,7,1,48167.44,2,64,150,card,0.401,0
TXN-04852,CUST-9510,43721.99,insufficient_balance,11,0,85704.73,3,22,540,card,0.411,1
TXN-04853,CUST-2010,34849.77,expired_card,10,2,54470.1,1,129,128,netbanking,0.407,0
TXN-04854,CUST-6360,49864.22,expired_card,5,3,88590.27,2,32,450,card,0.444,0
TXN-04855,CUST-1408,8069.31,insufficient_balance,3,0,104642.51,4,136,225,card,0.412,0
TXN-04856,CUST-9250,15735.54,temporary_bank_decline,6,2,95383.0,0,46,85,upi,0.211,1
TXN-04857,CUST-6853,13929.25,temporary_bank_decline,10,1,53573.82,2,138,72,netbanking,0.22,1
TXN-04858,CUST-2429,38311.14,temporary_bank_decline,9,1,54291.54,3,161,409,card,0.549,1
TXN-04859,CUST-6850,17033.3,authentication_failure,8,2,123218.97,3,88,99,card,0.392,1
TXN-04860,CUST-9707,7333.93,network_error,6,3,62227.69,4,82,194,upi,0.411,0
TXN-04861,CUST-9681,27313.97,insufficient_balance,6,1,27221.7,3,83,598,wallet,0.357,0
TXN-04862,CUST-7303,9705.48,temporary_bank_decline,6,1,97317.26,4,150,452,card,0.398,1
TXN-04863,CUST-6264,3589.98,network_error,8,1,120966.17,3,6,43,card,0.166,0
TXN-04864,CUST-3078,37829.97,expired_card,8,1,171116.61,0,177,551,upi,0.343,0
TXN-04865,CUST-7024,24151.06,insufficient_balance,8,2,195081.58,1,36,46,upi,0.269,0
TXN-04866,CUST-8983,48269.25,network_error,8,2,116410.13,1,119,593,netbanking,0.454,0
TXN-04867,CUST-8782,4093.73,temporary_bank_decline,3,1,37528.06,1,145,444,netbanking,0.209,1
TXN-04868,CUST-5326,37192.46,temporary_bank_decline,6,1,141334.83,3,68,557,upi,0.389,1
TXN-04869,CUST-2674,48587.24,authentication_failure,10,3,72706.34,1,128,396,card,0.431,1
TXN-04870,CUST-6109,14559.42,expired_card,9,1,158695.94,1,93,574,card,0.144,1
TXN-04871,CUST-9589,49337.43,insufficient_balance,7,0,31708.03,2,51,571,upi,0.437,1
TXN-04872,CUST-7071,7047.51,authentication_failure,8,1,84433.22,1,158,67,upi,0.253,0
TXN-04873,CUST-9587,8004.72,temporary_bank_decline,4,0,1291.43,2,32,563,card,0.143,0
TXN-04874,CUST-1153,41653.15,insufficient_balance,12,4,137902.95,1,30,252,netbanking,0.386,0
TXN-04875,CUST-5132,14730.78,network_error,4,1,8900.52,0,33,85,upi,0.106,1
TXN-04876,CUST-4027,18641.25,authentication_failure,18,5,123429.59,2,73,280,card,0.304,0
TXN-04877,CUST-5044,7180.22,temporary_bank_decline,10,0,89009.38,4,152,466,card,0.33,1
TXN-04878,CUST-5703,2900.56,temporary_bank_decline,8,1,91376.1,0,165,543,upi,0.247,1
TXN-04879,CUST-7198,27886.43,insufficient_balance,13,2,165872.33,2,164,586,card,0.42,0
TXN-04880,CUST-8520,38933.21,temporary_bank_decline,14,1,109412.63,4,64,587,netbanking,0.411,1
TXN-04881,CUST-8722,31885.95,expired_card,4,2,130495.74,3,137,361,card,0.508,0
TXN-04882,CUST-2130,12322.05,expired_card,7,0,32743.83,0,107,575,card,0.135,1
TXN-04883,CUST-6835,815.29,temporary_bank_decline,9,0,53024.94,4,174,520,netbanking,0.322,0
TXN-04884,CUST-3455,22934.44,network_error,7,1,92909.44,3,81,67,upi,0.449,1
TXN-04885,CUST-4731,41201.51,temporary_bank_decline,8,0,148639.72,1,17,187,netbanking,0.299,0
TXN-04886,CUST-8550,12625.51,network_error,10,1,189960.87,2,29,258,upi,0.197,0
TXN-04887,CUST-2345,47177.57,expired_card,3,3,89491.81,1,126,7,card,0.602,0
TXN-04888,CUST-5982,45284.0,network_error,7,0,170421.67,4,161,169,card,0.536,0
TXN-04889,CUST-5845,24831.9,temporary_bank_decline,10,1,161299.06,4,93,310,upi,0.374,0
TXN-04890,CUST-8015,16386.35,network_error,4,1,142255.96,3,75,320,upi,0.308,0
TXN-04891,CUST-6715,45776.03,authentication_failure,11,5,94678.96,1,113,377,netbanking,0.443,1
TXN-04892,CUST-4185,20221.01,temporary_bank_decline,10,2,15531.7,2,157,333,netbanking,0.445,1
TXN-04893,CUST-1530,14711.98,insufficient_balance,8,2,187837.15,2,15,467,card,0.245,0
TXN-04894,CUST-9034,48227.85,authentication_failure,9,2,192107.71,0,21,284,upi,0.214,1
TXN-04895,CUST-4093,42819.16,expired_card,9,0,32838.59,3,75,236,card,0.356,1
TXN-04896,CUST-3865,6052.89,expired_card,12,3,5556.79,1,145,476,card,0.254,0
TXN-04897,CUST-1345,1395.37,insufficient_balance,6,2,126631.9,4,98,386,upi,0.332,0
TXN-04898,CUST-2765,25759.48,expired_card,10,1,44252.48,0,98,489,card,0.151,0
TXN-04899,CUST-7731,7273.87,temporary_bank_decline,11,2,37785.84,0,65,310,upi,0.225,0
TXN-04900,CUST-2802,16472.84,expired_card,10,3,25577.52,0,50,92,upi,0.17,1
TXN-04901,CUST-6794,47016.86,temporary_bank_decline,12,1,73558.28,0,103,526,card,0.264,1
TXN-04902,CUST-1339,16253.58,insufficient_balance,6,2,35047.38,4,25,19,wallet,0.373,0
TXN-04903,CUST-6157,20891.02,expired_card,8,0,140360.47,0,63,368,upi,0.166,0
TXN-04904,CUST-9911,10245.6,temporary_bank_decline,6,1,104762.72,4,19,71,upi,0.241,0
TXN-04905,CUST-6697,33718.0,expired_card,7,1,9314.52,3,148,533,netbanking,0.436,0
TXN-04906,CUST-4923,13476.68,network_error,10,1,45271.4,0,175,391,upi,0.199,0
TXN-04907,CUST-7143,27081.0,temporary_bank_decline,7,1,82605.36,4,54,344,upi,0.401,0
TXN-04908,CUST-3685,32764.25,temporary_bank_decline,10,0,188664.73,1,73,446,netbanking,0.267,1
TXN-04909,CUST-6688,20560.56,expired_card,10,1,63976.18,2,174,445,netbanking,0.341,0
TXN-04910,CUST-5644,33463.5,authentication_failure,8,1,20671.19,3,118,478,wallet,0.416,0
TXN-04911,CUST-5425,7073.79,temporary_bank_decline,6,2,118191.18,0,27,76,upi,0.068,1
TXN-04912,CUST-9133,41760.43,network_error,7,3,199389.73,1,64,472,upi,0.404,0
TXN-04913,CUST-9718,2376.04,network_error,8,2,13950.38,4,110,502,card,0.353,1
TXN-04914,CUST-7017,25465.26,temporary_bank_decline,4,0,94194.31,2,69,574,card,0.239,0
TXN-04915,CUST-7803,30732.24,temporary_bank_decline,5,2,63692.81,1,51,177,upi,0.23,1
TXN-04916,CUST-7540,8512.09,temporary_bank_decline,11,0,167761.13,3,17,173,upi,0.111,1
TXN-04917,CUST-1654,214.43,authentication_failure,6,1,85524.68,3,28,415,netbanking,0.187,0
TXN-04918,CUST-6629,38548.58,expired_card,5,3,9728.0,2,129,143,upi,0.423,0
TXN-04919,CUST-9803,18418.37,expired_card,6,2,97523.75,1,145,370,card,0.296,0
TXN-04920,CUST-1025,47499.51,network_error,4,0,93363.78,1,141,345,upi,0.408,0
TXN-04921,CUST-7553,9817.48,temporary_bank_decline,6,2,125038.05,1,3,102,card,0.175,1
TXN-04922,CUST-3026,1161.99,network_error,9,2,44846.78,4,27,268,upi,0.155,1
TXN-04923,CUST-5832,18102.11,temporary_bank_decline,11,2,84910.01,3,45,357,upi,0.243,0
TXN-04924,CUST-1588,12642.17,network_error,12,1,126298.59,4,42,427,card,0.388,0
TXN-04925,CUST-2254,2194.44,authentication_failure,6,1,31151.09,4,155,154,wallet,0.405,0
TXN-04926,CUST-5203,21724.04,authentication_failure,9,0,9771.02,1,15,492,wallet,0.092,0
TXN-04927,CUST-2690,7639.47,network_error,10,0,67780.15,2,150,499,netbanking,0.259,1
TXN-04928,CUST-8531,15835.1,temporary_bank_decline,7,0,133287.09,4,102,345,card,0.313,0
TXN-04929,CUST-7790,20546.22,temporary_bank_decline,7,4,148012.25,4,73,594,upi,0.43,0
TXN-04930,CUST-1610,21600.5,insufficient_balance,9,1,172688.64,2,65,62,card,0.211,0
TXN-04931,CUST-2108,33902.79,insufficient_balance,9,0,132584.53,2,43,283,upi,0.233,1
TXN-04932,CUST-9444,11132.0,authentication_failure,6,2,104109.5,1,113,360,netbanking,0.247,1
TXN-04933,CUST-1304,20376.16,network_error,5,1,9644.98,1,61,128,upi,0.204,0
TXN-04934,CUST-4342,44561.35,authentication_failure,7,1,40520.52,4,34,399,netbanking,0.503,1
TXN-04935,CUST-7098,11087.54,expired_card,12,2,17372.89,4,100,68,card,0.445,0
TXN-04936,CUST-6321,29261.9,authentication_failure,9,0,76985.18,4,169,568,upi,0.369,0
TXN-04937,CUST-1085,49221.65,network_error,11,0,174495.38,0,141,111,card,0.381,1
TXN-04938,CUST-1853,4876.99,temporary_bank_decline,6,0,73366.07,1,124,138,upi,0.204,0
TXN-04939,CUST-3709,34888.08,expired_card,10,2,17668.92,1,151,496,wallet,0.405,1
TXN-04940,CUST-3724,33178.34,network_error,7,0,75511.3,4,68,264,wallet,0.459,1
TXN-04941,CUST-4260,36543.92,network_error,10,4,141008.17,1,127,558,upi,0.448,0
TXN-04942,CUST-4177,45728.59,authentication_failure,13,0,94373.41,0,75,510,card,0.267,1
TXN-04943,CUST-5585,11095.75,expired_card,4,7,98058.96,4,175,102,wallet,0.496,0
TXN-04944,CUST-8927,36367.19,expired_card,6,2,106146.53,2,172,562,upi,0.487,0
TXN-04945,CUST-5642,36103.01,authentication_failure,11,1,132098.57,3,14,520,card,0.282,1
TXN-04946,CUST-1000,1533.64,network_error,5,0,39198.38,2,39,353,card,0.0,1
TXN-04947,CUST-8452,46725.39,expired_card,8,1,132735.94,4,109,91,card,0.521,0
TXN-04948,CUST-6598,32332.99,temporary_bank_decline,10,2,109151.39,0,7,436,netbanking,0.242,1
TXN-04949,CUST-6310,16935.65,expired_card,9,2,5860.33,2,149,504,card,0.288,0
TXN-04950,CUST-1995,1722.67,authentication_failure,4,2,92036.74,1,137,264,netbanking,0.198,0
TXN-04951,CUST-2969,15452.73,expired_card,4,4,28287.1,2,78,74,upi,0.406,0
TXN-04952,CUST-8462,22457.6,temporary_bank_decline,10,1,69419.76,4,40,107,card,0.404,0
TXN-04953,CUST-5072,22997.91,expired_card,7,2,64348.82,4,97,320,upi,0.431,0
TXN-04954,CUST-1694,14418.02,expired_card,3,0,108759.62,1,34,570,netbanking,0.144,0
TXN-04955,CUST-3719,38433.23,temporary_bank_decline,9,2,3902.64,3,5,457,card,0.325,1
TXN-04956,CUST-8262,5392.3,expired_card,8,2,72096.84,4,16,520,upi,0.299,0
TXN-04957,CUST-6759,29395.69,network_error,6,4,121166.87,4,59,42,card,0.453,0
TXN-04958,CUST-3740,7778.74,temporary_bank_decline,8,1,185193.88,0,94,499,card,0.157,0
TXN-04959,CUST-8209,16692.2,network_error,6,0,189079.6,3,120,383,upi,0.308,1
TXN-04960,CUST-8754,37716.23,temporary_bank_decline,11,1,98322.64,0,86,552,upi,0.273,1
TXN-04961,CUST-8025,33671.15,temporary_bank_decline,8,1,6495.33,3,172,240,upi,0.429,0
TXN-04962,CUST-7268,41555.95,temporary_bank_decline,7,2,81906.77,0,69,400,upi,0.251,1
TXN-04963,CUST-8495,817.29,temporary_bank_decline,9,0,120255.53,3,169,131,card,0.215,0
TXN-04964,CUST-5862,33427.71,network_error,4,2,9613.1,2,14,248,card,0.28,0
TXN-04965,CUST-1880,33024.91,temporary_bank_decline,8,2,122246.41,1,89,404,card,0.272,1
TXN-04966,CUST-7836,28771.5,insufficient_balance,9,0,175189.6,3,144,559,upi,0.391,0
TXN-04967,CUST-7381,1391.47,insufficient_balance,10,1,127612.47,2,141,374,upi,0.27,0
TXN-04968,CUST-2605,20916.6,insufficient_balance,7,1,17445.14,1,81,82,card,0.318,0
TXN-04969,CUST-1457,24291.89,expired_card,10,1,189152.25,2,82,528,card,0.366,1
TXN-04970,CUST-5048,36738.69,authentication_failure,8,0,70123.75,2,146,5,wallet,0.404,0
TXN-04971,CUST-8976,38137.62,network_error,8,1,143678.59,3,48,420,card,0.456,0
TXN-04972,CUST-9628,7677.07,insufficient_balance,7,0,9943.55,4,73,594,upi,0.285,1
TXN-04973,CUST-5516,27606.39,authentication_failure,5,0,143741.89,4,56,85,netbanking,0.43,0
TXN-04974,CUST-1928,5408.08,insufficient_balance,8,2,196624.45,2,123,398,upi,0.268,0
TXN-04975,CUST-6752,23616.95,network_error,10,1,32105.47,3,22,268,netbanking,0.174,1
TXN-04976,CUST-5379,236.36,insufficient_balance,3,2,38898.05,4,14,344,card,0.317,0
TXN-04977,CUST-7723,15415.95,insufficient_balance,9,2,122655.68,2,162,590,netbanking,0.259,1
TXN-04978,CUST-4425,45336.06,network_error,13,1,122732.57,0,129,420,card,0.37,1
TXN-04979,CUST-7772,15082.88,authentication_failure,8,0,24661.83,0,170,121,wallet,0.188,0
TXN-04980,CUST-5700,39586.4,insufficient_balance,11,0,47728.42,1,125,152,upi,0.328,1
TXN-04981,CUST-7988,7471.24,expired_card,11,2,70900.91,1,150,387,upi,0.113,0
TXN-04982,CUST-8257,1806.38,authentication_failure,11,2,30112.24,4,121,15,upi,0.335,0
TXN-04983,CUST-9003,39401.99,authentication_failure,13,2,70559.72,4,20,166,card,0.522,1
TXN-04984,CUST-3384,12617.87,authentication_failure,6,1,98560.78,4,47,27,card,0.329,0
TXN-04985,CUST-5010,23724.35,network_error,9,1,58910.2,4,110,489,card,0.368,0
TXN-04986,CUST-3062,46663.5,authentication_failure,5,2,177210.69,1,101,145,card,0.363,0
TXN-04987,CUST-6802,30470.66,temporary_bank_decline,12,2,13264.2,0,94,21,netbanking,0.328,1
TXN-04988,CUST-8316,22059.16,authentication_failure,7,1,197683.35,2,131,115,card,0.313,0
TXN-04989,CUST-1381,20751.67,insufficient_balance,4,0,21844.67,1,135,560,upi,0.262,1
TXN-04990,CUST-7051,16989.23,network_error,12,1,73706.69,1,34,99,card,0.184,1
TXN-04991,CUST-7388,24696.17,temporary_bank_decline,8,2,119662.95,2,78,119,wallet,0.258,0
TXN-04992,CUST-7928,13674.25,temporary_bank_decline,5,4,68306.76,3,69,549,upi,0.475,0
TXN-04993,CUST-9896,26363.46,network_error,4,4,145352.8,2,134,346,wallet,0.406,0
TXN-04994,CUST-1997,38095.07,insufficient_balance,4,1,68312.62,3,31,100,netbanking,0.447,1
TXN-04995,CUST-2016,21794.16,temporary_bank_decline,8,1,166027.95,1,9,234,upi,0.12,1
TXN-04996,CUST-8051,22065.54,temporary_bank_decline,8,1,93671.54,3,20,399,card,0.207,1
TXN-04997,CUST-7319,48021.98,insufficient_balance,7,1,37955.13,3,133,597,upi,0.527,1
TXN-04998,CUST-3564,22583.69,temporary_bank_decline,4,0,88115.71,3,97,257,wallet,0.253,1
TXN-04999,CUST-7116,31531.98,insufficient_balance,5,1,11233.99,0,28,473,card,0.217,0
TXN-05000,CUST-9459,36506.96,temporary_bank_decline,8,2,90944.58,0,118,107,upi,0.381,1
